"Entity Name","Entity ID","Fiscal Year","Valuation Date","Name of Actuary","Actuarial Accrued Liability_Funding Position","Actuarial Value of Assets","Unfunded Actuarial Accrued Liability (UAAL)","Funded Ratio (Rounded to Nearest Tenth, Example: 99.9) (%)","Annual Covered Payroll_Funding Position","UAAL as a Percenrate of ACP (%)","Select Method Used to Determine Actuarial Accrued Liability","Please Specifiy Other Method"
"Arvin Edison Water Storage District Employees' Pension Plan","7180","20132014","NULL","dcp",,,"0","NULL","3,015,414","NULL","NULL","NULL"
"Semitropic Water Storage District 401(K) Plan","10763","20142015","NULL","NULL",,,"0","NULL","3,276,701","0","NULL","NULL"
"AC Transit Employees' Retirement Plan","7159","20152016","2015-01-01T00:00:00","Cheiron","856,235,546","570,994,244","285,241,302","66.7","137,011,984","NULL","1","NULL"
"AC Transit Employees' Retirement Plan","7159","20142015","2014-01-01T00:00:00","Cheiron","785,288,682","533,397,205","251,891,477","67.9","128,635,888","195.8","1","NULL"
"AC Transit Employees' Retirement Plan","7159","20132014","2013-01-01T00:00:00","Cheiron","753,239,390","480,241,963","272,997,427","63.8","130,592,121","209","1","NULL"
"AC Transit Employees' Retirement Plan","7159","20122013","2012-01-01T00:00:00","EFI Actuaries","721,194,818","453,421,574","267,773,244","62.9","126,239,193","211.6","1","NULL"
"AC Transit Employees' Retirement Plan","7159","20112012","2011-01-01T00:00:00","EFI Actuaries","692,486,995","428,644,017","263,842,978","61.9","126,536,498","208.5","1","NULL"
"AC Transit Employees' Retirement Plan","7159","20102011","2010-01-01T00:00:00","EFI Actuaries","625,116,235","391,062,294","234,053,941","62.6","136,127,357","171.9","5","NULL"
"AC Transit Employees' Retirement Plan","7159","20092010","2009-01-01T00:00:00","EFI Actuaries","586,781,594","358,600,888","228,180,706","61.1","135,196,012","168.8","5","NULL"
"AC Transit Employees' Retirement Plan","7159","20082009","2008-01-01T00:00:00","EFI Actuaries","531,756,991","420,843,790","110,913,201","79.1","129,935,113","85.4","5","NULL"
"AC Transit Employees' Retirement Plan","7159","20072008","2007-01-01T00:00:00","EFI Actuaries","500,514,140","379,650,907","120,863,233","75.9","124,907,596","96.8","5","NULL"
"AC Transit Employees' Retirement Plan","7159","20062007","2006-01-01T00:00:00","EFI Actuaries","449,786,331","349,765,819","100,020,512","77.8","120,487,434","83","5","NULL"
"City of East Palo Alto Retirement Plan","7256","20032004","NULL","dcp",,,"0","NULL","6,130,698","0","NULL","NULL"
"AC Transit Employees' Retirement Plan","7159","20052006","2005-01-01T00:00:00","EFI Actuaries","417,662,007","322,625,824","95,036,183","77.2","117,267,338","81","5","NULL"
"AC Transit Employees' Retirement Plan","7159","20042005","2004-01-01T00:00:00","EFI Actuaries","387,292,455","311,160,685","76,131,770","80.3","117,394,393","64.9","5","NULL"
"AC Transit Employees' Retirement Plan","7159","20032004","2003-01-01T00:00:00","EFI Actuaries","347,614,231","296,723,729","50,890,502","85.4","123,941,457","41.1","5","NULL"
"AC Transit Employees' Retirement Plan","7159","20022003","2002-01-01T00:00:00","EFI Actuaries","314,358,517","290,753,007","23,605,510","92.5","113,753,995","20.8","5","NULL"
"Alameda County Employees' Retirement Association","7258","20152016","2015-12-31T00:00:00","The Segal Company","7,875,020,000","6,083,536,000","1,791,484,000","77.3","969,534,000","184.7","1","NULL"
"Alameda County Employees' Retirement Association","7258","20142015","2014-12-31T00:00:00","The Segal Company","7,592,000,000","5,681,000,000","1,911,000,000","74.8","948,848,000","201.4","1","NULL"
"Alameda County Employees' Retirement Association","7258","20132014","2013-12-31T00:00:00","The Segal Company","6,861,687,000","5,210,944,000","1,650,743,000","75.9","916,803,000","180","1","NULL"
"Alameda County Employees' Retirement Association","7258","20122013","2012-12-31T00:00:00","The Segal Company","6,613,000,000","4,884,000,000","1,729,000,000","73.9","906,500,000","190.7","1","NULL"
"Alameda County Employees' Retirement Association","7258","20112012","2010-12-31T00:00:00","The Segal Company","6,162,740,000","4,776,128,000","1,386,612,000","77.5","898,342,000","154.4","1","Level Percentage of Projected Covered Payroll"
"Alameda County Employees' Retirement Association","7258","20102011","2009-12-31T00:00:00","The Segal Company","5,899,311,000","4,789,000,000","1,110,311,000","81.2","882,606,000","125.8","1","NULL"
"Alameda County Employees' Retirement Association","7258","20092010","2008-12-31T00:00:00","The Segal Company","5,537,919,000","4,644,010,000","893,909,000","83.9","864,260,000","103.4","1","NULL"
"Alameda County Employees' Retirement Association","7258","20082009","2007-12-31T00:00:00","The Segal Co.","5,112,403,000","4,560,213,000","552,190,000","89.2","793,558,000","69.6","1","NULL"
"Alameda County Employees' Retirement Association","7258","20072008","2007-12-31T00:00:00","The Segal Company","5,112,403,000","4,560,213,000","552,190,000","89.2","793,558,000","69.6","1","NULL"
"Alameda County Employees' Retirement Association","7258","20062007","2006-12-31T00:00:00","The Segal Company","4,825,157,000","4,127,841,000","697,316,000","85.5","762,139,242","91.5","1","NULL"
"Alameda County Employees' Retirement Association","7258","20052006","2005-12-31T00:00:00","The Segal Company","4,548,213,000","3,781,843,000","766,370,000","83.2","709,783,368","108","1","NULL"
"Alameda County Employees' Retirement Association","7258","20042005","2004-12-31T00:00:00","The Segal Company","4,336,123,000","3,557,918,000","778,205,000","82.1","694,626,000","112","1","NULL"
"Alameda County Employees' Retirement Association","7258","20032004","2003-12-31T00:00:00","The Segal Company","3,890,043,000","3,381,757,000","508,286,000","86.9","714,344,000","71.2","1","NULL"
"Alameda County Employees' Retirement Association","7258","20022003","2002-12-31T00:00:00","Mercer Human Resource Consulting, Inc","3,559,613,000","3,294,053,000","265,560,000","92.5","640,777,306","41.4","1","NULL"
"Antelope Valley Hospital Medical Center Retirement Plan","7148","20152016","2015-07-01T00:00:00","Milliman","266,551,234","149,500,620","117,050,614","56.1","147,394,962","79.4","1","NULL"
"Antelope Valley Hospital Medical Center Retirement Plan","7148","20142015","2014-07-01T00:00:00","William H. Clark-Shim","244,717,116","133,184,810","111,532,306","54.4","145,246,760","76.7","1","NULL"
"Antelope Valley Hospital Medical Center Retirement Plan","7148","20132014","2013-07-01T00:00:00","William H. Clark-Shim","178,628,011","112,299,085","66,328,926","62.9","136,714,925","48.5","5","NULL"
"Antelope Valley Hospital Medical Center Retirement Plan","7148","20122013","2012-07-01T00:00:00","William H. Clark-Shim","163,941,625","102,307,703","61,633,922","62.4","138,940,618","44.3","5","NULL"
"Antelope Valley Hospital Medical Center Retirement Plan","7148","20112012","2011-07-01T00:00:00","William H. Clark-Shim","151,697,557","98,337,418","53,360,139","64.8","134,153,568","39.8","5","NULL"
"Antelope Valley Hospital Medical Center Retirement Plan","7148","20092010","2009-07-01T00:00:00","Milliman USA","129,052,135","95,831,233","33,220,902","74.3","107,653,212","30.9","5","NULL"
"Antelope Valley Hospital Medical Center Retirement Plan","7148","20082009","2008-07-01T00:00:00","Milliman USA","125,602,280","101,182,884","24,419,396","80.6","100,178,228","24.4","5","NULL"
"Civic San Diego Tax Deferred Annuity Plan","8180","20062007","NULL","dcp",,,"0","NULL","3,544,162","NULL","NULL","NULL"
"Antelope Valley Hospital Medical Center Retirement Plan","7148","20072008","2007-07-01T00:00:00","Milliman USA","119,177,736","94,655,687","24,522,049","79.4","93,458,358","23.9","5","NULL"
"Antelope Valley Hospital Medical Center Retirement Plan","7148","20062007","2006-07-01T00:00:00","Milliman USA","111,346,507","84,707,329","26,639,178","76.1","96,277,887","27.7","5","NULL"
"Antelope Valley Hospital Medical Center Retirement Plan","7148","20052006","2005-07-01T00:00:00","Milliman USA","101,190,902","78,609,905","22,580,997","77.7","98,599,453","26.9","5","NULL"
"Antelope Valley Hospital Medical Center Retirement Plan","7148","20042005","2004-07-01T00:00:00","Milliman USA","90,493,657","75,283,631","15,210,026","83.2","77,600,118","19.6","5","NULL"
"Antelope Valley Hospital Medical Center Retirement Plan","7148","20032004","2003-07-01T00:00:00","Milliman USA","77,825,134","74,230,808","3,594,326","95.4","63,670,685","5.6","5","NULL"
"Arcade Water District Money Purchase Pension Plan and Trust","7176","20042005","NULL","dcp",,,"0","NULL",,"NULL","NULL","NULL"
"Arcade Water District Money Purchase Pension Plan and Trust","7176","20032004","NULL","DCP",,,"0","NULL",,"NULL","NULL","NULL"
"Arcade Water District Money Purchase Pension Plan and Trust","7176","20022003","NULL","dcp",,,"0","NULL","1,337,322","NULL","NULL","NULL"
"Arvin Edison Water Storage District Employees' Pension Plan","7180","20152016","NULL","NULL",,,"0","NULL","3,179,488","0","NULL","NULL"
"Arvin Edison Water Storage District Employees' Pension Plan","7180","20142015","NULL","NULL",,,"0","NULL","3,148,697","0","NULL","NULL"
"Arvin Edison Water Storage District Employees' Pension Plan","7180","20122013","NULL","NULL",,,"0","NULL","2,863,468","0","NULL","NULL"
"Arvin Edison Water Storage District Employees' Pension Plan","7180","20112012","NULL","dcp",,,"0","NULL","2,945,389","NULL","NULL","NULL"
"Arvin Edison Water Storage District Employees' Pension Plan","7180","20102011","NULL","dcp",,,"0","NULL","2,893,553","NULL","NULL","NULL"
"Arvin Edison Water Storage District Employees' Pension Plan","7180","20092010","NULL","dcp",,,"0","NULL","2,825,549","NULL","NULL","NULL"
"Arvin Edison Water Storage District Employees' Pension Plan","7180","20082009","NULL","NULL",,,"0","NULL","2,795,471","NULL","NULL","NULL"
"Arvin Edison Water Storage District Employees' Pension Plan","7180","20072008","NULL","No Actuary - Defined Contribution Plan",,,"0","NULL","2,846,236","NULL","NULL","NULL"
"Arvin Edison Water Storage District Employees' Pension Plan","7180","20062007","NULL","No actuary - Defined Contribution Plan",,,"0","NULL","2,435,672","NULL","NULL","NULL"
"Arvin Edison Water Storage District Employees' Pension Plan","7180","20052006","NULL","No actuary - Defined Contribution Plan",,,"0","NULL","2,193,321","NULL","NULL","NULL"
"Arvin Edison Water Storage District Employees' Pension Plan","7180","20042005","NULL","No acturary - Defined contribution plan",,,"0","NULL","2,272,435","NULL","NULL","NULL"
"Arvin Edison Water Storage District Employees' Pension Plan","7180","20032004","NULL","Defined contribution plan",,,"0","NULL","2,245,668","NULL","NULL","NULL"
"City of East Palo Alto Retirement Plan","7256","20022003","NULL","dcp",,,"0","NULL","5,086,204","NULL","NULL","NULL"
"Arvin Edison Water Storage District Employees' Pension Plan","7180","20022003","NULL","No Actuary - Defined Contribution",,,"0","NULL","2,287,165","NULL","NULL","NULL"
"California Public Employees' Retirement System","7208","20152016","2015-06-30T00:00:00","CalPERS Actuarial Office","413,700,000,000","302,418,000,000","111,282,000,000","73.1","47,458,000,000","234.4","1","NULL"
"California Public Employees' Retirement System","7208","20142015","2014-06-30T00:00:00","CalPERS Actuarial Office","394,726,000,000","301,257,000,000","93,469,000,000","76.3","44,958,000,000","209.3","1","Level Percentage of Projected Covered Payroll"
"California Public Employees' Retirement System","7208","20132014","2013-06-30T00:00:00","CalPERS Actuarial  Office","375,019,000,000","281,928,000,000","93,091,000,000","75.2","42,575,000,000","218.7","1","NULL"
"California Public Employees' Retirement System","7208","20122013","2012-06-30T00:00:00","CalPERS Actuarial & Employer Services Branch","340,429,000,000","282,991,000,000","57,438,000,000","83.1","42,599,000,000","134.8","1","NULL"
"California Public Employees' Retirement System","7208","20112012","2011-06-30T00:00:00","CalPERS Actuarial & Employer Services Branch","328,567,000,000","271,389,000,000","57,178,000,000","82.6","43,901,000,000","130.2","1","NULL"
"California Public Employees' Retirement System","7208","20102011","2010-06-30T00:00:00","CalPERS Actuarial & Employer Services Branch","308,343,000,000","257,070,000,000","51,273,000,000","83.4","44,984,000,000","114","1","NULL"
"California Public Employees' Retirement System","7208","20092010","2009-06-30T00:00:00","CalPERS Actuarial & Employer Services Branch","294,042,000,000","244,964,000,000","49,078,000,000","83.3","45,100,000,000","108.8","1","NULL"
"California Public Employees' Retirement System","7208","20082009","2008-06-30T00:00:00","CalPERS Actuarial & Employer Services Division","268,324,000,000","233,272,000,000","35,052,000,000","86.9","44,236,000,000","79.2","1","NULL"
"California Public Employees' Retirement System","7208","20072008","2007-06-30T00:00:00","CalPERS Acturial & Employer Services Branch","248,224,000,000","216,484,000,000","31,740,000,000","87.2","40,864,000,000","77.7","1","NULL"
"California Public Employees' Retirement System","7208","20062007","2006-06-30T00:00:00","CalPERS Actuarial & Employer Services Division","228,131,000,000","199,033,000,000","29,098,000,000","87.2","23,392,103,160","76.5","1","NULL"
"California Public Employees' Retirement System","7208","20052006","2005-06-30T00:00:00","CalPERS Actuarial & Employer Services Division","210,301,000,000","183,680,000,000","26,621,000,000","87.3","22,904,473,611","116.2","1","NULL"
"California Public Employees' Retirement System","7208","20042005","2004-06-30T00:00:00","CalPERS Actuarial & Employer Services Branch","194,609,000,000","169,899,000,000","24,710,000,000","87.3","22,359,797,190","110.5","1","NULL"
"California Public Employees' Retirement System","7208","20032004","2003-06-30T00:00:00","CalPers Actuarial & Employer Services Division","180,922,000,000","158,596,000,000","22,326,000,000","87.7","34,784,000,000","64.2","1","NULL"
"California Public Employees' Retirement System","7208","20022003","2002-06-30T00:00:00","CalPers Actuarial & Employer Services Division","163,961,000,000","156,067,000,000","7,894,000,000","95.2","32,873,184,204","24","1","NULL"
"California State Teachers' Retirement System","7209","20152016","2015-06-30T00:00:00","Milliman","241,753,000,000","165,553,000,000","76,200,000,000","68.5","28,640,000,000","129.5","1","NULL"
"California State Teachers' Retirement System","7209","20142015","2014-06-30T00:00:00","Milliman","231,213,000,000","158,495,000,000","72,718,000,000","68.5","53,968,000,000","134.7","1","NULL"
"California State Teachers' Retirement System","7209","20132014","2013-06-30T00:00:00","Milliman","230,949,000,000","157,787,000,000","73,162,000,000","68.3","54,095,000,000","135.2","1","NULL"
"California State Teachers' Retirement System","7209","20122013","2012-06-30T00:00:00","Milliman","222,915,000,000","152,432,000,000","70,483,000,000","68.4","53,962,000,000","130.6","1","NULL"
"California State Teachers' Retirement System","7209","20112012","2011-06-30T00:00:00","Milliman","207,770,000,000","143,930,000,000","63,840,000,000","69.3","54,416,000,000","117.3","1","NULL"
"California State Teachers' Retirement System","7209","20102011","2010-06-30T00:00:00","Milliman USA","196,315,000,000","140,291,000,000","56,024,000,000","71.5","23,447,341,000","211.9","1","NULL"
"California State Teachers' Retirement System","7209","20092010","2009-06-30T00:00:00","Milliman USA","185,683,000,000","145,142,000,000","40,541,000,000","78.2","27,509,030,000","147.4","1","NULL"
"California State Teachers' Retirement System","7209","20082009","2008-06-30T00:00:00","Milliman USA","183,459,000,000","160,950,000,000","22,509,000,000","87.7","27,299,104,000","82.5","1","NULL"
"California State Teachers' Retirement System","7209","20072008","2007-06-30T00:00:00","Milliman USA","171,831,000,000","153,902,000,000","17,929,000,000","89.6","27,220,973,044","65.9","1","NULL"
"California State Teachers' Retirement System","7209","20062007","2006-06-30T00:00:00","Milliman","154,551,000,000","135,257,000,000","19,294,000,000","87.5","26,196,997,274","73.6","1","Entry Age and Traditional Unit Credit"
"California State Teachers' Retirement System","7209","20052006","2005-06-30T00:00:00","Milliman USA","145,000,980,000","124,959,095,000","20,041,885,000","86.2","25,242,523,314","79.4","1","Entry Age and Traditional Unit Credit"
"California State Teachers' Retirement System","7209","20042005","2004-06-30T00:00:00","Milliman USA","136,754,000,000","116,340,000,000","20,414,000,000","85.1","24,573,743,118","83.1","1","Entry Age and Traditional Unit Credit"
"California State Teachers' Retirement System","7209","20032004","2003-06-30T00:00:00","Milliman USA","133,169,000,000","110,008,000,000","23,161,000,000","82.6","24,710,709,818","93.7","1","Entry Age and Traditional Unit Credit"
"California State Teachers' Retirement System","7209","20022003","2001-06-30T00:00:00","Milliman USA","109,881,000,000","107,654,000,000","2,227,000,000","98","24,729,629,918","9","1","Entry Age and Traditional Unit Credit"
"CalPERS Replacement Benefit Fund (RBF)","8535","20082009","NULL","None",,,"0","NULL",,"NULL","NULL","NULL"
"CalPERS Replacement Benefit Fund (RBF)","8535","20072008","NULL","Defined Contribution Plan",,,"0","NULL",,"NULL","NULL","NULL"
"CalPERS Replacement Benefit Fund (RBF)","8535","20062007","NULL","Defined Contribution Plan",,,"0","NULL",,"NULL","NULL","NULL"
"CalPERS Replacement Benefit Fund (RBF)","8535","20052006","NULL","Defined Contribution Plan",,,"0","NULL",,"NULL","NULL","NULL"
"CalPERS Replacement Benefit Fund (RBF)","8535","20042005","NULL","Defined Contribution Plan",,,"0","NULL",,"NULL","NULL","NULL"
"CalPERS Replacement Benefit Fund (RBF)","8535","20032004","NULL","Defined Contribution Plan",,,"0","NULL",,"NULL","NULL","NULL"
"CalPERS Replacement Benefit Fund (RBF)","8535","20022003","NULL","Defined Contribution Plan",,,"0","NULL",,"NULL","NULL","NULL"
"CalSTRS - Teachers' Replacement Benefits Program Fund","8555","20092010","NULL","dcp",,,"0","NULL",,"NULL","NULL","NULL"
"CalSTRS - Teachers' Replacement Benefits Program Fund","8555","20082009","NULL","NULL",,,"0","NULL","0","NULL","NULL","NULL"
"CalSTRS - Teachers' Replacement Benefits Program Fund","8555","20072008","NULL","NULL",,,"0","NULL","0","NULL","NULL","NULL"
"CalSTRS - Teachers' Replacement Benefits Program Fund","8555","20062007","NULL","dcp",,,"0","NULL","0","NULL","NULL","NULL"
"CalSTRS - Teachers' Replacement Benefits Program Fund","8555","20052006","NULL","dcp",,,"0","NULL",,"NULL","NULL","NULL"
"CalSTRS - Teachers' Replacement Benefits Program Fund","8555","20042005","NULL","dcp",,,"0","NULL",,"NULL","NULL","NULL"
"CalSTRS - Teachers' Replacement Benefits Program Fund","8555","20032004","NULL","DCP",,,"0","NULL","0","NULL","NULL","NULL"
"CalSTRS - Teachers' Replacement Benefits Program Fund","8555","20022003","NULL","DCP",,,"0","NULL",,"NULL","NULL","NULL"
"City of Adelanto Employee Retirement Plan","7253","20032004","NULL","Defined contribution plan",,,"0","NULL",,"NULL","NULL","NULL"
"City of Adelanto Employee Retirement Plan","7253","20022003","NULL","None-defined contribution plan",,,"0","NULL","3,016,750","NULL","NULL","NULL"
"City of Alameda Police and Fire Pension 1079 and 1082","7218","20152016","2015-01-01T00:00:00","Bartel Associates, LLC","12,732,000","0","12,732,000","0","1,729,502","736.2","5","NULL"
"City of Alameda Police and Fire Pension 1079 and 1082","7218","20142015","2015-01-01T00:00:00","Bartel Associates, LLC","12,732,000","0","12,732,000","0","0","691.3","5","NULL"
"City of Alameda Police and Fire Pension 1079 and 1082","7218","20132014","2013-01-01T00:00:00","Bartel Associates LLC","13,642,000",,"13,642,000","0","0","723.1","5","NULL"
"City of Alameda Police and Fire Pension 1079 and 1082","7218","20122013","2011-01-01T00:00:00","Bartel Associates LLC","13,642,000","0","13,642,000","0","0","NULL","5","NULL"
"City of Alameda Police and Fire Pension 1079 and 1082","7218","20112012","2011-01-01T00:00:00","Bartel Associates, LLC","14,953,000",,"14,953,000","0","0","NULL","5","NULL"
"City of Alameda Police and Fire Pension 1079 and 1082","7218","20102011","2009-01-01T00:00:00","Bartel Associates, LLC","22,273,000",,"22,273,000","0","0","NULL","5","NULL"
"City of Alameda Police and Fire Pension 1079 and 1082","7218","20092010","2009-01-01T00:00:00","Bartel Associates, LLC","22,273,000",,"22,273,000","0","0","NULL","5","NULL"
"City of Alameda Police and Fire Pension 1079 and 1082","7218","20082009","2009-01-01T00:00:00","Bartel Associates, LLC","22,273,000",,"22,273,000","0","0","NULL","5","NULL"
"City of Alameda Police and Fire Pension 1079 and 1082","7218","20072008","2007-06-30T00:00:00","Bartel Associates, LLC","27,131,000",,"27,131,000","0","0","NULL","5","NULL"
"City of Alameda Police and Fire Pension 1079 and 1082","7218","20062007","2005-01-01T00:00:00","Bartel Associates, LLC","31,682,000",,"31,682,000","0","0","NULL","5","NULL"
"City of Alameda Police and Fire Pension 1079 and 1082","7218","20052006","2005-01-01T00:00:00","Bartel Associates, LLC","31,682,000",,"31,682,000","0","0","NULL","5","NULL"
"City of Alameda Police and Fire Pension 1079 and 1082","7218","20042005","2005-01-01T00:00:00","Bartel Associates, LLC","31,682,000",,"31,682,000","0","0","NULL","5","NULL"
"City of Alameda Police and Fire Pension 1079 and 1082","7218","20032004","2002-06-30T00:00:00","AON Consulting","35,083,000",,"35,083,000","0","0","NULL","5","NULL"
"City of Alameda Police and Fire Pension 1079 and 1082","7218","20022003","2002-06-30T00:00:00","AON Consulting","33,515,000","0","33,515,000","0","0","NULL","5","NULL"
"City of Albany Police and Fire Relief Pension Fund","7219","20152016","2015-06-30T00:00:00","Buck Consultants","13,597,656","8,298,142","5,299,514","61","1,351,708","392","1","NULL"
"City of Albany Police and Fire Relief Pension Fund","7219","20142015","2015-06-30T00:00:00","Bucks Consultant","13,597,656","8,298,142","5,299,514","61","1,411,164","375.5","1","NULL"
"City of Albany Police and Fire Relief Pension Fund","7219","20132014","2014-06-30T00:00:00","Bucks Consultants","12,493,334","9,577,360","2,915,974","76.7","0","NULL","1","NULL"
"City of Albany Police and Fire Relief Pension Fund","7219","20122013","2012-06-30T00:00:00","Buck Consultants","12,710,552","11,922,744","787,808","93.8","0","NULL","1","Life expectancies"
"City of Albany Police and Fire Relief Pension Fund","7219","20112012","2012-06-30T00:00:00","Buck Consultants","12,710,552","11,922,744","787,808","93.8","0","NULL","1","Life expectancies"
"City of Albany Police and Fire Relief Pension Fund","7219","20102011","2009-06-30T00:00:00","Buck Consultants","14,570,549","12,684,186","1,886,363","87.1","0","NULL","1","NULL"
"City of Albany Police and Fire Relief Pension Fund","7219","20092010","2009-06-30T00:00:00","Buck Consultants","14,570,549","12,684,186","1,886,363","87.1","0","NULL","1","NULL"
"City of Albany Police and Fire Relief Pension Fund","7219","20082009","2009-06-30T00:00:00","Buck Consultants","14,570,549","12,684,186","1,886,363","87.1","0","NULL","1","NULL"
"City of Albany Police and Fire Relief Pension Fund","7219","20072008","2008-09-30T00:00:00","Buck Consultants","12,258,000","10,939,000","1,319,000","89.2","0","NULL","1","NULL"
"City of Albany Police and Fire Relief Pension Fund","7219","20062007","2006-06-30T00:00:00","Buck Consultants","14,075,219","14,479,158","-403,939","102.9","0","NULL","5","NULL"
"City of Albany Police and Fire Relief Pension Fund","7219","20052006","2006-06-30T00:00:00","Buck Consultants","14,075,219","14,479,158","-403,939","102.9","0","NULL","5","NULL"
"City of Albany Police and Fire Relief Pension Fund","7219","20042005","2003-06-30T00:00:00","Mellon Consultants","14,950,360","14,415,847","534,513","96.4","0","NULL","5","NULL"
"City of Albany Police and Fire Relief Pension Fund","7219","20032004","2003-06-30T00:00:00","Mellon Consultants","14,950,360","14,415,847","534,513","96.4","0","NULL","5","NULL"
"City of Albany Police and Fire Relief Pension Fund","7219","20022003","2003-06-30T00:00:00","Mellon Consultants","14,950,360","14,415,847","534,513","96.4","32,055","1667.5","5","NULL"
"City of Bakersfield Firemen's Disability and Retirement System","7234","20152016","2016-06-30T00:00:00","The Segal Group","891,159","942,613","-51,454","105.8","0","NULL","5","NULL"
"City of Bakersfield Firemen's Disability and Retirement System","7234","20142015","2014-06-30T00:00:00","The Segal Group","1,292,739","1,111,005","181,734","85.9","0","NULL","5","NULL"
"City of Bakersfield Firemen's Disability and Retirement System","7234","20132014","2014-06-30T00:00:00","The Segal Group","1,292,739","1,111,005","181,734","85.9","0","NULL","5","NULL"
"City of Bakersfield Firemen's Disability and Retirement System","7234","20122013","2012-06-30T00:00:00","Aon Consulting","1,327,284","1,341,914","-14,630","101.1","0","NULL","5","NULL"
"City of Bakersfield Firemen's Disability and Retirement System","7234","20112012","2012-06-30T00:00:00","Aon Consulting","1,327,284","1,341,914","-14,630","101.1","0","NULL","5","NULL"
"City of Bakersfield Firemen's Disability and Retirement System","7234","20102011","2010-06-30T00:00:00","Aon Consulting","1,146,478","1,447,264","-300,786","126.2","0","NULL","5","NULL"
"City of Bakersfield Firemen's Disability and Retirement System","7234","20092010","2010-06-30T00:00:00","Aon Consulting","1,146,478","1,447,264","-300,786","126.2","0","NULL","5","NULL"
"City of Bakersfield Firemen's Disability and Retirement System","7234","20082009","2008-06-30T00:00:00","Aon Consulting","1,233,149","1,559,543","-326,394","126.5","0","NULL","5","NULL"
"City of Bakersfield Firemen's Disability and Retirement System","7234","20072008","2008-06-30T00:00:00","Aon Consulting","1,233,149","1,559,543","-326,394","126.5","0","NULL","5","NULL"
"City of Bakersfield Firemen's Disability and Retirement System","7234","20062007","2006-06-30T00:00:00","Aon Consulting","1,493,173","1,686,712","-193,539","113","0","NULL","5","NULL"
"City of Bakersfield Firemen's Disability and Retirement System","7234","20052006","2006-06-30T00:00:00","Aon Consulting","1,493,173","1,686,712","-193,539","113","0","NULL","5","NULL"
"City of Bakersfield Firemen's Disability and Retirement System","7234","20042005","2004-06-30T00:00:00","AON Consulting","2,119,131","1,937,190","181,941","91.4","0","NULL","5","NULL"
"City of Bakersfield Firemen's Disability and Retirement System","7234","20032004","2004-06-30T00:00:00","Aon Consulting","2,119,131","1,937,190","181,941","91.4","0","NULL","5","NULL"
"City of Bakersfield Firemen's Disability and Retirement System","7234","20022003","2002-06-30T00:00:00","AON Consulting","2,453,467","2,271,247","182,220","92.6","0","NULL","5","NULL"
"City of Berkeley Safety Members' Pension Fund","7220","20152016","2016-11-08T00:00:00","Bartel Associates","3,764,006","662,934","3,101,072","17.6","0","360.7","8","CalPERS 2013 Experience Study"
"City of Berkeley Safety Members' Pension Fund","7220","20142015","2014-11-12T00:00:00","Aon Consulting","4,828,175","1,254,005","3,574,170","26","1,001,955","356.7","8","Unit Credit Actuarial Cost Method, see the actuarial report page 22"
"City of Berkeley Safety Members' Pension Fund","7220","20132014","2014-07-01T00:00:00","Aon Consulting","4,828,175","1,254,005","3,574,170","26","0","356.1","5","NULL"
"City of Berkeley Safety Members' Pension Fund","7220","20122013","2012-07-01T00:00:00","Aon Consulting","6,095,041","1,896,258","4,198,783","31.1","1,158,601","362.4","5","NULL"
"City of Berkeley Safety Members' Pension Fund","7220","20112012","2011-07-01T00:00:00","AON consulting","5,912,070","2,251,156","3,660,914","38.1","1,332,600","274.7","5","NULL"
"City of Berkeley Safety Members' Pension Fund","7220","20102011","2011-07-01T00:00:00","Avon Consulting","5,912,070","2,251,156","3,660,914","38.1","0","251.3","5","NULL"
"City of Berkeley Safety Members' Pension Fund","7220","20092010","2010-07-01T00:00:00","AON Consulting","6,895,254","2,630,250","4,265,004","38.1","1,660,658","256.8","5","NULL"
"City of Berkeley Safety Members' Pension Fund","7220","20082009","2009-07-01T00:00:00","AON Consulting","7,611,896","3,042,685","4,569,211","40","0","NULL","5","NULL"
"City of Berkeley Safety Members' Pension Fund","7220","20072008","2008-07-01T00:00:00","AON Consulting","8,153,217","3,496,713","4,656,504","42.9","0","NULL","5","NULL"
"City of Berkeley Safety Members' Pension Fund","7220","20062007","2007-07-01T00:00:00","AON Consulting","8,748,286","3,994,201","4,754,085","45.7","0","NULL","5","NULL"
"City of Berkeley Safety Members' Pension Fund","7220","20052006","2006-07-01T00:00:00","AON Consulting","10,509,882","4,540,267","5,969,615","43.2","0","NULL","5","NULL"
"City of Berkeley Safety Members' Pension Fund","7220","20042005","2005-07-01T00:00:00","AON Consulting","11,458,099","5,137,982","6,320,117","44.8","0","NULL","5","NULL"
"City of Berkeley Safety Members' Pension Fund","7220","20032004","2004-07-01T00:00:00","AON Consulting","12,973,380","5,803,177","7,170,203","44.7","0","NULL","5","NULL"
"City of Berkeley Safety Members' Pension Fund","7220","20022003","2003-07-01T00:00:00","AON Consulting","14,298,601",,"14,298,601","0","0","NULL","5","NULL"
"City of Concord Retirement System","7230","20152016","2014-06-30T00:00:00","Bartel Associates LLC","65,289,000","37,326,000","27,963,000","57.2","0","NULL","1","NULL"
"City of Concord Retirement System","7230","20142015","2014-06-30T00:00:00","Bartel Associates LLC","65,289,000","37,326,000","27,963,000","57.2","0","NULL","1","NULL"
"City of Concord Retirement System","7230","20132014","2012-06-30T00:00:00","Bartel Associates LLC","60,762,000","37,545,000","23,217,000","61.8","0","0","1","NULL"
"City of Concord Retirement System","7230","20122013","2012-06-30T00:00:00","Bartel Associates LLC","63,895,000","39,820,000","24,075,000","62.3","0","NULL","1","NULL"
"City of Concord Retirement System","7230","20112012","2010-06-30T00:00:00","Milliman","65,272,000","43,596,000","21,676,000","66.8","0","NULL","1","NULL"
"City of Concord Retirement System","7230","20102011","2010-06-30T00:00:00","Milliman","65,272,000","43,596,000","21,676,000","66.8","0","NULL","1","NULL"
"City of Concord Retirement System","7230","20092010","2007-06-30T00:00:00","Bartel Associates","68,988,000","51,199,000","17,789,000","74.2","0","NULL","1","NULL"
"City of Concord Retirement System","7230","20082009","2007-06-30T00:00:00","Bartel Associates","68,988,000","51,199,000","17,789,000","74.2","0","NULL","1","NULL"
"City of Concord Retirement System","7230","20072008","2007-06-30T00:00:00","Bartel Associates","68,988,000","51,199,000","17,789,000","74.2","0","NULL","1","NULL"
"City of Concord Retirement System","7230","20062007","2005-06-30T00:00:00","Buck Consultants","69,185,000","58,653,000","10,532,000","84.8","0","NULL","1","NULL"
"City of Concord Retirement System","7230","20052006","2005-06-30T00:00:00","Buck Consultants","69,185,000","58,653,000","10,532,000","84.8","0","NULL","1","NULL"
"Home Gardens Sanitary District Pension Plan","7157","20062007","NULL","DCP",,,"0","NULL","92,167","NULL","NULL","NULL"
"City of Concord Retirement System","7230","20042005","2005-06-30T00:00:00","Buck Consultants","69,185,000","58,653,000","10,532,000","84.8","0","NULL","1","NULL"
"City of Concord Retirement System","7230","20032004","2002-06-30T00:00:00","Buck Consultants","62,840,000","61,807,000","1,033,000","98.4","0","NULL","1","NULL"
"City of Concord Retirement System","7230","20022003","2002-06-30T00:00:00","Buck Consultants","62,840,000","61,807,000","1,033,000","98.4","0","NULL","1","NULL"
"City of Delano Employee Pension Plan","7235","20152016","2016-07-01T00:00:00","The Nyhart Company","45,135,501","28,454,739","16,680,762","63","9,341,353","178.6","1","NULL"
"City of Delano Employee Pension Plan","7235","20142015","2015-06-30T00:00:00","Prien Associates, Inc.","39,379,112","26,766,479","12,612,633","68","9,437,035","133.6","1","NULL"
"City of Delano Employee Pension Plan","7235","20132014","2014-06-30T00:00:00","Prien Associates, Inc.","37,376,922","23,637,733","13,739,189","63.2","7,651,451","179.6","1","NULL"
"City of Delano Employee Pension Plan","7235","20122013","2013-06-30T00:00:00","Prien Associates, Inc.","35,920,288","22,412,259","13,508,029","62.4","6,030,812","224","1","NULL"
"City of Delano Employee Pension Plan","7235","20112012","2012-06-30T00:00:00","Prien Associates, Inc.","35,090,044","22,869,464","12,220,580","65.2","6,769,580","180.5","1","NULL"
"City of Delano Employee Pension Plan","7235","20102011","2011-06-30T00:00:00","Prien Associates, Inc.","33,978,297","23,208,657","10,769,640","68.3","8,052,394","127.3","1","NULL"
"City of Irvine Defined Contribution Pension Plan","7252","20092010","NULL","dcp",,,"0","NULL","1,371,322","NULL","NULL","NULL"
"City of Delano Employee Pension Plan","7235","20092010","2010-06-30T00:00:00","Prien Associates, Inc.","32,480,826","20,715,515","11,765,311","63.8","8,585,478","137","1","NULL"
"City of Delano Employee Pension Plan","7235","20082009","2009-06-30T00:00:00","Prien Associates, Inc.","29,881,644","18,323,795","11,557,849","61.3","7,853,316","147.2","1","NULL"
"City of Delano Employee Pension Plan","7235","20072008","2008-06-30T00:00:00","Prien Associates, Inc.","27,169,641","18,426,143","8,743,498","67.8","6,873,360","127.2","1","NULL"
"City of Delano Employee Pension Plan","7235","20062007","2007-06-30T00:00:00","Prien Associates, Inc.","24,767,406","19,454,948","5,312,458","78.6","6,402,086","83","1","NULL"
"City of Delano Employee Pension Plan","7235","20052006","2006-06-30T00:00:00","Prien Associates, Inc.","21,484,859","16,839,790","4,645,069","78.4","6,273,978","74","1","NULL"
"City of Delano Employee Pension Plan","7235","20042005","2005-06-30T00:00:00","Prien Associates, Inc.","19,633,478","15,041,136","4,592,342","76.6","7,895,996","81.3","1","NULL"
"City of Delano Employee Pension Plan","7235","20032004","2004-06-30T00:00:00","Prien Associates, Inc.","21,702,704","14,437,010","7,265,694","66.5","7,443,008","97.1","1","NULL"
"City of Delano Employee Pension Plan","7235","20022003","2003-06-30T00:00:00","Prien Associates, Inc.","19,736,558","12,198,132","7,538,426","61.8","7,305,354","103.2","1","NULL"
"City of East Palo Alto Retirement Plan","7256","20102011","NULL","dcp",,,"0","NULL",,"NULL","NULL","NULL"
"City of East Palo Alto Retirement Plan","7256","20092010","NULL","dcp",,,"0","NULL","9,313,626","NULL","NULL","NULL"
"City of East Palo Alto Retirement Plan","7256","20082009","NULL","dcp",,,"0","NULL","9,745,313","NULL","NULL","NULL"
"City of East Palo Alto Retirement Plan","7256","20072008","NULL","dcp",,,"0","NULL","8,393,177","NULL","NULL","NULL"
"City of East Palo Alto Retirement Plan","7256","20062007","NULL","dcp",,,"0","NULL","9,579,864","NULL","NULL","NULL"
"City of East Palo Alto Retirement Plan","7256","20052006","NULL","dcp",,,"0","NULL","7,298,474","NULL","NULL","NULL"
"City of East Palo Alto Retirement Plan","7256","20042005","NULL","dcp",,,"0","NULL","6,856,174","NULL","NULL","NULL"
"City of El Cerrito Employees' Pension Trust Fund","7225","20152016","2013-07-01T00:00:00","Milliman Inc.","703,280",,"703,280","0","0","NULL","8","pay as you go"
"City of El Cerrito Employees' Pension Trust Fund","7225","20142015","2013-07-01T00:00:00","Milliman Inc","703,280",,"703,280","0","0","NULL","8","Pay as you go"
"City of El Cerrito Employees' Pension Trust Fund","7225","20132014","2013-07-01T00:00:00","Milliman Inc.","703,280",,"703,280","0","0","NULL","8","Pay-as-you-go"
"City of El Cerrito Employees' Pension Trust Fund","7225","20122013","2013-07-01T00:00:00","Milliman, Inc.","703,280",,"703,280","0","0","NULL","8","Pay-as-you-go"
"City of El Cerrito Employees' Pension Trust Fund","7225","20112012","2010-07-01T00:00:00","Milliman USA","947,848",,"947,848","0","0","NULL","8","Pay-as-you-go"
"City of El Cerrito Employees' Pension Trust Fund","7225","20102011","2010-07-01T00:00:00","Milliman USA","947,848",,"947,848","0","0","NULL","8","Pay-as-you-go"
"City of El Cerrito Employees' Pension Trust Fund","7225","20092010","2010-07-01T00:00:00","Milliman, USA","947,848",,"947,848","0","0","NULL","8","Pay-as-you-go"
"City of El Cerrito Employees' Pension Trust Fund","7225","20082009","2007-07-01T00:00:00","Milliman, USA","1,282,150","0","1,282,150","0","0","NULL","8","Pay-as-you-go"
"City of El Cerrito Employees' Pension Trust Fund","7225","20072008","2007-07-01T00:00:00","Milliman USA","1,282,150","0","1,282,150","0","0","NULL","8","Pay-As-You-Go Method"
"City of El Cerrito Employees' Pension Trust Fund","7225","20062007","2007-07-01T00:00:00","Milliman USA","1,282,150",,"1,282,150","0","0","NULL","8","Transitioning To A Pay-As-You-Go Method"
"City of El Cerrito Employees' Pension Trust Fund","7225","20052006","2004-07-01T00:00:00","Milliman USA","1,502,924","6,036","1,496,888","0.4","0","NULL","8","Transitioning To A Pay-As-You-Go Method"
"City of El Cerrito Employees' Pension Trust Fund","7225","20042005","2004-07-01T00:00:00","Milliman USA","1,502,924","6,036","1,496,888","0.4","0","NULL","8","Pay-As-You-Go Method"
"City of El Cerrito Employees' Pension Trust Fund","7225","20032004","2004-07-01T00:00:00","Milliman USA","1,502,924","6,036","1,496,888","0.4","0","NULL","8","Transitioning To A Pay-As-You-Go Method"
"City of El Cerrito Employees' Pension Trust Fund","7225","20022003","2001-07-01T00:00:00","Milliman USA","2,053,000","148,085","1,904,915","7.2","0","NULL","8","Transition To A Pay-As-You-Go Method"
"City of Emeryville Pension Plan","7221","20152016","2014-06-30T00:00:00","Bartel Asso., LLC","185,940","304,561","-118,621","163.8","22,855","-519","5","NULL"
"City of Emeryville Pension Plan","7221","20142015","2014-06-30T00:00:00","Bartel Asso., LLC","185,940","325,435","-139,495","175","27,528","NULL","5","NULL"
"City of Emeryville Pension Plan","7221","20132014","2014-06-30T00:00:00","Bartel Asso., LLC","185,940","353,163","-167,223","189.9","0","NULL","5","NULL"
"City of Emeryville Pension Plan","7221","20122013","2013-06-30T00:00:00","Bartel Associates, LLC","192,000","382,862","-190,862","199.4","0","NULL","5","NULL"
"City of Emeryville Pension Plan","7221","20112012","2009-06-30T00:00:00","Bartel Associates, LLC","512,000","410,368","101,632","80.2","29,738","341.8","5","NULL"
"City of Emeryville Pension Plan","7221","20102011","2009-06-30T00:00:00","Bartel Associates, LLC","512,000","156,132","355,868","30.5","0","0","5","NULL"
"City of Emeryville Pension Plan","7221","20092010","2009-06-30T00:00:00","Bartel Associates, LLC","512,000","156,132","355,868","30.5","0","602.6","5","NULL"
"City of Emeryville Pension Plan","7221","20082009","2009-06-30T00:00:00","Bartel Associates, LLC","512,000","156,132","355,868","30.5","72,413","491.4","5","NULL"
"City of Emeryville Pension Plan","7221","20072008","2006-06-30T00:00:00","Bartel Associates, LLC","561,000","222,041","338,959","39.6","70,994","477.4","5","NULL"
"City of Emeryville Pension Plan","7221","20062007","2006-06-30T00:00:00","Bartel Associates, LLC","561,000","342,116","218,884","61","0","400.6","5","NULL"
"City of Emeryville Pension Plan","7221","20052006","2006-06-30T00:00:00","Bartel Associates, LLC","561,000","342,116","218,884","61","0","NULL","5","NULL"
"City of Emeryville Pension Plan","7221","20042005","2003-06-30T00:00:00","Bartel Associates, LLC","527,000","452,731","74,269","85.9","0","NULL","5","NULL"
"City of Emeryville Pension Plan","7221","20032004","2003-06-30T00:00:00","Bartel Associates, LLC","527,000","452,731","74,269","85.9","0","NULL","5","NULL"
"City of Emeryville Pension Plan","7221","20022003","2003-06-30T00:00:00","Bartel Associates, LLC","527,000","510,260","16,740","96.8","0","NULL","5","NULL"
"City of Eureka Fire and Police Retirement System","7233","20152016","2016-06-30T00:00:00","Richard D. Kern","3,625,385","-1,702","3,627,087","0","0","NULL","1","NULL"
"City of Eureka Fire and Police Retirement System","7233","20142015","2015-06-30T00:00:00","Richard D. Kern","3,345,646","4,771","3,340,875","0.1","0","NULL","1","NULL"
"City of Irvine Defined Contribution Pension Plan","7252","20052006","NULL","dcp",,,"0","NULL","1,838,720","NULL","NULL","NULL"
"City of Eureka Fire and Police Retirement System","7233","20132014","2014-06-30T00:00:00","Richard D. Kern","3,565,386","46,751","3,518,635","1.3","0","NULL","1","NULL"
"City of Eureka Fire and Police Retirement System","7233","20122013","2013-06-30T00:00:00","Richard D. Kern","3,792,045","25,252","3,766,793","0.7","427,403","881.3","1","NULL"
"City of Eureka Fire and Police Retirement System","7233","20112012","2012-06-30T00:00:00","Richard D. Kern","4,020,040","51,919","3,968,121","1.3","0","NULL","1","NULL"
"City of Eureka Fire and Police Retirement System","7233","20102011","2010-06-30T00:00:00","Richard D. Kern","4,682,353","15,016","4,667,337","0.3","515,010","906.3","1","NULL"
"City of Eureka Fire and Police Retirement System","7233","20092010","2009-06-30T00:00:00","Richard D. Kern","4,740,136","634,937","4,105,199","13.4","518,111","792.3","1","NULL"
"City of Eureka Fire and Police Retirement System","7233","20082009","2009-06-30T00:00:00","Richard D. Kern","4,740,136","634,937","4,105,199","13.4","0","NULL","1","NULL"
"City of Eureka Fire and Police Retirement System","7233","20072008","2008-06-30T00:00:00","Richard D. Kern","4,959,400","860,058","4,099,342","17.3","0","NULL","1","NULL"
"City of Eureka Fire and Police Retirement System","7233","20062007","2007-06-30T00:00:00","Richard D. Kern","4,806,301","1,284,477","3,521,824","26.7","0","NULL","1","NULL"
"City of Eureka Fire and Police Retirement System","7233","20052006","2006-06-30T00:00:00","Richard D. Kern","4,985,969","904,323","4,081,646","18.1","0","NULL","1","NULL"
"City of Eureka Fire and Police Retirement System","7233","20042005","2005-06-30T00:00:00","Richard D. Kern","5,599,704","875,908","4,723,796","15.6","0","NULL","1","NULL"
"City of Eureka Fire and Police Retirement System","7233","20032004","2004-06-30T00:00:00","Richard D. Kern","5,749,458","1,253,920","4,495,538","21.8","0","NULL","1","NULL"
"City of Eureka Fire and Police Retirement System","7233","20022003","2002-06-30T00:00:00","Richard D. Kern","6,648,840","1,542,831","5,106,009","23.2","0","NULL","1","NULL"
"City of Fresno Employees' Retirement System","7232","20152016","2016-06-30T00:00:00","The Segal Company","976,909,000","1,087,125,081","-110,216,081","111.3","113,435,836","-97.1","1","NULL"
"City of Fresno Employees' Retirement System","7232","20142015","2015-06-30T00:00:00","The Segal Company","960,364,000","1,049,092,965","-88,728,965","109.2","110,106,595","-80.5","1","NULL"
"City of Fresno Employees' Retirement System","7232","20132014","2014-06-30T00:00:00","The Segal Company","950,000,000","994,000,000","-44,000,000","104.6","108,942,466","-40.4","1","NULL"
"City of Fresno Employees' Retirement System","7232","20122013","2012-06-30T00:00:00","The Segal Company","871,958,000","891,366,137","-19,408,137","102.2","112,306,952","-17.3","5","NULL"
"City of Fresno Employees' Retirement System","7232","20112012","2011-06-30T00:00:00","The Segal Company","788,110,000","920,217,334","-132,107,334","116.8","117,577,340","-112.4","5","NULL"
"City of Fresno Employees' Retirement System","7232","20102011","2010-06-30T00:00:00","The Segal Company","756,257,538","926,369,725","-170,112,187","122.5","131,223,821","-129.6","5","NULL"
"City of Fresno Employees' Retirement System","7232","20092010","2009-06-30T00:00:00","The Segal Company","715,249,679","958,032,146","-242,782,467","133.9","139,274,148","-174.3","5","NULL"
"City of Fresno Employees' Retirement System","7232","20082009","2008-06-30T00:00:00","The Segal Company","689,832,998","980,961,408","-291,128,410","142.2","133,109,913","-218.7","5","NULL"
"City of Fresno Employees' Retirement System","7232","20072008","2007-06-30T00:00:00","The Segal Company","631,305,003","926,525,370","-295,220,367","146.8","122,231,947","-241.5","5","NULL"
"City of Fresno Employees' Retirement System","7232","20062007","2006-06-30T00:00:00","The Segal Company","613,913,079","847,515,671","-233,602,592","138.1","111,378,365","-209.7","5","NULL"
"City of Fresno Employees' Retirement System","7232","20052006","2005-06-30T00:00:00","Gabriel, Roeder, Smith & Co.","565,550,000","790,858,000","-225,308,000","139.8","102,557,676","-219.7","5","NULL"
"City of Irvine Defined Contribution Pension Plan","7252","20112012","NULL","dcp",,,"0","NULL","1,262,130","NULL","NULL","NULL"
"City of Fresno Employees' Retirement System","7232","20042005","2003-06-30T00:00:00","Gabriel, Roeder, Smith & Co.","545,687,000","698,885,000","-153,198,000","128.1","99,744,943","-157.4","5","NULL"
"City of Fresno Employees' Retirement System","7232","20032004","2003-06-30T00:00:00","Gabriel, Roeder, Smith & Co.","545,687,000","698,885,000","-153,198,000","128.1","97,348,526","-154.4","5","NULL"
"City of Fresno Employees' Retirement System","7232","20022003","2002-06-30T00:00:00","Mercer Human Resource Consulting","529,805,000","748,762,000","-218,957,000","141.3","95,761,838","-228.6","5","NULL"
"City of Fresno Fire and Police Retirement System","7231","20152016","2016-06-30T00:00:00","The Segal Company","1,067,416,000","1,276,604,000","-209,188,000","119.6","98,818,000","-211.6","1","NULL"
"City of Fresno Fire and Police Retirement System","7231","20142015","2015-06-30T00:00:00","The Segal Company","1,019,916,000","1,220,268,961","-200,352,961","119.6","95,262,223","-210.3","1","NULL"
"City of Fresno Fire and Police Retirement System","7231","20132014","2014-06-30T00:00:00","The Segal Company","1,006,000,000","1,143,000,000","-137,000,000","113.6","96,258,993","-142.3","1","NULL"
"City of Fresno Fire and Police Retirement System","7231","20122013","2012-06-30T00:00:00","The Segal Company","952,866,000","1,003,929,281","-51,063,281","105.4","100,595,720","-50.8","1","NULL"
"City of Fresno Fire and Police Retirement System","7231","20112012","2011-06-30T00:00:00","The Segal Company","917,940,520","1,022,995,688","-105,055,168","111.4","98,999,869","-106.1","1","NULL"
"City of Fresno Fire and Police Retirement System","7231","20102011","2010-06-30T00:00:00","The Segal Company","919,285,576","1,018,605,310","-99,319,734","110.8","102,686,418","-96.7","1","NULL"
"City of Fresno Fire and Police Retirement System","7231","20092010","2009-06-30T00:00:00","The Segal Company","874,355,429","1,045,774,084","-171,418,655","119.6","102,354,704","-167.5","1","NULL"
"City of Fresno Fire and Police Retirement System","7231","20082009","2008-06-30T00:00:00","The Segal Company","830,035,820","1,066,777,845","-236,742,025","128.5","98,912,644","-239.3","1","NULL"
"City of Fresno Fire and Police Retirement System","7231","20072008","2007-06-30T00:00:00","The Segal Company","773,235,605","1,000,961,198","-227,725,593","129.5","89,516,195","-254.4","1","NULL"
"City of Fresno Fire and Police Retirement System","7231","20062007","2006-06-30T00:00:00","The Segal Company","722,722,173","906,222,782","-183,500,609","125.4","73,422,505","-222.4","1","NULL"
"City of Fresno Fire and Police Retirement System","7231","20052006","2005-06-30T00:00:00","Gabriel, Roeder, Smith & Co.","670,101,000","846,718,000","-176,617,000","126.4","73,422,505","-240.5","1","NULL"
"City of Fresno Fire and Police Retirement System","7231","20042005","2003-06-30T00:00:00","Gabriel, Roeder, Smith & Co.","617,878,774","749,504,608","-131,625,834","121.3","72,812,722","-201.7","1","NULL"
"City of Fresno Fire and Police Retirement System","7231","20032004","2003-06-30T00:00:00","Gabriel, Roeder, Smith & Co.","617,878,774","749,504,608","-131,625,834","121.3","66,899,509","-196.8","1","NULL"
"City of Fresno Fire and Police Retirement System","7231","20022003","2002-06-30T00:00:00","Mercer Human Resource Consulting","590,855,000","814,680,000","-223,825,000","137.9","64,149,390","-348.9","1","NULL"
"City of Irvine Defined Contribution Pension Plan","7252","20152016","NULL","DCP",,,"0","NULL","1,140,629","NULL","NULL","NULL"
"City of Irvine Defined Contribution Pension Plan","7252","20142015","NULL","DCP",,,"0","NULL","1,311,657","NULL","NULL","NULL"
"City of Irvine Defined Contribution Pension Plan","7252","20132014","NULL","DCP",,,"0","NULL","1,309,390","NULL","NULL","NULL"
"City of Irvine Defined Contribution Pension Plan","7252","20122013","NULL","DCP",,,"0","NULL","1,267,816","NULL","NULL","NULL"
"City of Irvine Defined Contribution Pension Plan","7252","20102011","NULL","dcp",,,"0","NULL","1,360,138","0","NULL","NULL"
"City of Irvine Defined Contribution Pension Plan","7252","20082009","NULL","dcp",,,"0","NULL","1,392,588","NULL","NULL","NULL"
"City of Irvine Defined Contribution Pension Plan","7252","20072008","NULL","dcp",,,"0","NULL","1,596,455","NULL","NULL","NULL"
"City of Irvine Defined Contribution Pension Plan","7252","20062007","NULL","dcp","0","0","0","NULL","1,789,650","NULL","NULL","NULL"
"City of Irvine Defined Contribution Pension Plan","7252","20042005","NULL","NULL",,,"0","NULL","2,102,720","0","NULL","NULL"
"City of Irvine Defined Contribution Pension Plan","7252","20032004","NULL","DCP",,,"0","NULL","15,358,122","NULL","NULL","NULL"
"City of Irvine Defined Contribution Pension Plan","7252","20022003","NULL","DCP",,,"0","NULL","26,198,606","NULL","NULL","NULL"
"City of Irvine Safety Defined Benefit Pension Plan","7243","20152016","2015-01-01T00:00:00","Bryan, Pendleton, Swats & McAllister, LLC","20,354,907","20,188,450","166,457","99.2","333,602","49.8","1","NULL"
"City of Irvine Safety Defined Benefit Pension Plan","7243","20142015","2014-01-01T00:00:00","Bryan Pendleton, Swats & McAllister LL","20,289,365","19,267,179","1,022,186","95","325,697","313.8","1","NULL"
"City of Irvine Safety Defined Benefit Pension Plan","7243","20132014","2012-01-01T00:00:00","Bryan, Pendleton, Swats & McAllister LLC","19,899,154","17,679,854","2,219,300","88.8","305,226","727.1","1","NULL"
"City of Irvine Safety Defined Benefit Pension Plan","7243","20122013","2012-01-01T00:00:00","Bryan, Pendleton, Swats & McAllister LLC","19,899,154","17,679,854","2,219,300","88.8","299,043","742.1","1","NULL"
"City of Irvine Safety Defined Benefit Pension Plan","7243","20112012","2010-01-01T00:00:00","BRYAN, PENDLETONE, SWATS & MCALLISTER LLC","19,422,816","18,165,593","1,257,223","93.5","299,394","419.9","1","NULL"
"City of Irvine Safety Defined Benefit Pension Plan","7243","20102011","2010-01-01T00:00:00","Bryan, Pendleton, Swats & Mcallister LLC","19,422,816","18,165,593","1,257,223","93.5","298,955","401.3","1","NULL"
"City of Irvine Safety Defined Benefit Pension Plan","7243","20092010","2008-01-01T00:00:00","AON Consulting","19,070,867","18,792,094","278,773","98.5","297,026","93.9","7","NULL"
"City of Irvine Safety Defined Benefit Pension Plan","7243","20082009","2008-01-01T00:00:00","AON Consulting","19,070,867","18,792,094","278,773","98.5","288,560","96.6","7","NULL"
"City of Irvine Safety Defined Benefit Pension Plan","7243","20072008","2006-01-01T00:00:00","Aon Consulting","17,366,549","17,366,549","0","100","334,996","0","7","NULL"
"City of Irvine Safety Defined Benefit Pension Plan","7243","20062007","2006-01-01T00:00:00","Aon Consulting","17,366,549","17,366,549","0","100","334,996","0","7","NULL"
"City of Irvine Safety Defined Benefit Pension Plan","7243","20052006","2004-01-01T00:00:00","AON Consulting","16,980,735","16,980,735","0","100","454,693","0","7","NULL"
"City of Irvine Safety Defined Benefit Pension Plan","7243","20042005","2004-01-01T00:00:00","AON Consulting","16,980,735","16,980,735","0","100","454,693","0","7","NULL"
"City of Irvine Safety Defined Benefit Pension Plan","7243","20032004","2002-03-01T00:00:00","Aon consulting","16,283,427","16,283,427","0","100","1,651,312","0","7","NULL"
"City of Irvine Safety Defined Benefit Pension Plan","7243","20022003","2002-03-01T00:00:00","AON Consulting","16,883,401","16,283,427","599,974","96.4","1,756,074","34.2","7","NULL"
"City of Kerman Employees' Retirement Trust","7251","20062007","NULL","DCP",,,"0","NULL",,"NULL","NULL","NULL"
"City of Kerman Employees' Retirement Trust","7251","20052006","NULL","dcp",,,"0","NULL",,"NULL","NULL","NULL"
"City of Kerman Employees' Retirement Trust","7251","20042005","NULL","dcp",,,"0","NULL",,"NULL","NULL","NULL"
"City of Kerman Employees' Retirement Trust","7251","20032004","NULL","DCP",,,"0","NULL",,"NULL","NULL","NULL"
"City of Kerman Employees' Retirement Trust","7251","20022003","NULL","DCP",,,"0","NULL",,"NULL","NULL","NULL"
"City of Los Angeles Fire and Police Pension System","7236","20152016","2016-06-30T00:00:00","Segal Consulting","18,798,510,534","17,645,338,395","1,153,172,139","93.9","1,400,808,351","82.3","1","NULL"
"City of Los Angeles Fire and Police Pension System","7236","20142015","2015-06-30T00:00:00","Segal Group","18,337,507,075","16,770,060,026","1,567,447,049","91.5","1,405,171,211","111.5","1","NULL"
"City of Los Angeles Fire and Police Pension System","7236","20132014","2014-06-30T00:00:00","The Segal Group","18,114,229,307","15,678,480,269","2,435,749,038","86.6","1,402,715,039","173.6","1","NULL"
"City of Los Angeles Fire and Police Pension System","7236","20122013","2013-06-30T00:00:00","The Segal Group Inc","17,632,425,090","14,657,712,639","2,974,712,451","83.1","1,367,236,866","217.6","1","NULL"
"City of Oakland Fire and Police Retirement System","7222","20142015","2014-07-01T00:00:00","Cheiron","651,053,000","420,890,000","230,163,000","64.6","0","NULL","1","NULL"
"City of Los Angeles Fire and Police Pension System","7236","20112012","2012-06-30T00:00:00","The Segal Company","17,030,833,184","14,251,913,532","2,778,919,652","83.7","1,341,913,740","207.1","1","NULL"
"City of Los Angeles Fire and Police Pension System","7236","20102011","2011-06-30T00:00:00","The Segal Group","16,616,476,266","14,337,669,409","2,278,806,857","86.3","1,343,963,356","169.6","1","NULL"
"City of Los Angeles Fire and Police Pension System","7236","20092010","2010-06-30T00:00:00","The Segal Group","15,520,624,313","14,219,580,662","1,301,043,651","91.6","1,356,986,476","95.9","1","NULL"
"City of Los Angeles Fire and Police Pension System","7236","20082009","2009-06-30T00:00:00","The Segal Company","14,817,145,691","14,256,610,416","560,535,275","96.2","1,357,248,936","41.3","1","NULL"
"City of Los Angeles Fire and Police Pension System","7236","20072008","2008-06-30T00:00:00","The Segal Company","14,279,115,742","14,153,296,122","125,819,620","99.1","1,135,591,951","11.1","1","NULL"
"City of Los Angeles Fire and Police Pension System","7236","20062007","2007-06-30T00:00:00","The Segal Company","13,324,089,628","13,215,668,458","108,421,170","99.2","1,135,591,951","9.5","1","NULL"
"City of Los Angeles Fire and Police Pension System","7236","20052006","2006-06-30T00:00:00","The Segal Company","12,811,383,737","12,121,402,902","689,980,835","94.6","1,092,814,844","63.1","1","NULL"
"City of Los Angeles Fire and Police Pension System","7236","20042005","2005-06-30T00:00:00","Gabriel, Roeder, Smith & Co.","12,357,524,467","11,634,113,683","723,410,784","94.1","1,037,444,702","69.7","1","NULL"
"City of Los Angeles Fire and Police Pension System","7236","20032004","2004-06-30T00:00:00","Gabriel, Roeder, Smith & Co.","11,389,980,813","11,735,696,180","-345,715,367","103","1,001,003,937","-34.5","1","NULL"
"City of Los Angeles Fire and Police Pension System","7236","20022003","2003-06-30T00:00:00","Gabriel, Roeder, Smith & Company","12,130,319,404","12,283,289,393","-152,969,989","101.3","970,726,720","-15.8","1","NULL"
"City of Los Angeles Water and Power Employees' Retirement Plan","7238","20152016","2016-07-01T00:00:00","The Segal Company","12,289,229,001","10,344,355,801","1,944,873,200","84.2","861,818,854","225.6","1","NULL"
"City of Los Angeles Water and Power Employees' Retirement Plan","7238","20142015","2015-07-01T00:00:00","The Segal  Company","11,218,445,567","9,750,343,300","1,468,102,267","86.9","839,213,254","174.9","1","NULL"
"City of Los Angeles Water and Power Employees' Retirement Plan","7238","20132014","2014-07-01T00:00:00","The Segal Company","10,975,550,617","8,877,594,529","2,097,956,088","80.9","819,923,866","255.8","1","NULL"
"City of Los Angeles Water and Power Employees' Retirement Plan","7238","20122013","2013-07-01T00:00:00","The Segal Company","10,094,867,871","7,958,487,587","2,136,380,284","78.8","900,254,454","237.3","1","0"
"City of Los Angeles Water and Power Employees' Retirement Plan","7238","20112012","2012-07-01T00:00:00","The Segal company","9,692,602,852","7,573,885,754","2,118,717,098","78.1","886,539,366","239","1","NULL"
"City of Los Angeles Water and Power Employees' Retirement Plan","7238","20102011","2011-07-01T00:00:00","The Segal Company","9,297,204,318","7,465,183,643","1,832,020,675","80.3","870,203,423","210.5","1","NULL"
"City of Los Angeles Water and Power Employees' Retirement Plan","7238","20092010","2010-07-01T00:00:00","The Segal Company","8,893,618,433","7,244,429,689","1,649,188,744","81.5","856,089,559","192.6","1","NULL"
"City of Los Angeles Water and Power Employees' Retirement Plan","7238","20082009","2009-07-01T00:00:00","The Segal Company","8,057,060,950","7,248,721,252","808,339,698","90","805,137,795","100.4","1","NULL"
"City of Los Angeles Water and Power Employees' Retirement Plan","7238","20072008","2008-07-01T00:00:00","The Segal Company","7,619,102,935","7,247,853,233","371,249,702","95.1","708,731,840","52.4","1","NULL"
"City of Los Angeles Water and Power Employees' Retirement Plan","7238","20062007","2006-07-01T00:00:00","The Segal Company","7,046,571,241","6,447,763,436","598,807,805","91.5","670,372,663","94.2","1","NULL"
"City of Los Angeles Water and Power Employees' Retirement Plan","7238","20052006","2006-07-01T00:00:00","The Segal Company","7,046,571,241","6,447,763,436","598,807,805","91.5","635,728,131","94.2","1","NULL"
"City of Los Angeles Water and Power Employees' Retirement Plan","7238","20042005","2004-07-01T00:00:00","The Segal Company","6,421,813,922","6,251,421,125","170,392,797","97.3","581,038,783","29.3","1","NULL"
"City of Los Angeles Water and Power Employees' Retirement Plan","7238","20032004","2004-07-01T00:00:00","The Segal Company","6,421,813,922","6,251,421,125","170,392,797","97.3","522,227,280","32.6","1","NULL"
"City of Los Angeles Water and Power Employees' Retirement Plan","7238","20022003","2003-07-01T00:00:00","The Segal Company","6,042,000,000","6,128,000,000","-86,000,000","101.4","472,432,303","-18.2","1","NULL"
"City of Manhattan Beach Single Highest Year Retirement Plan","7240","20152016","2016-06-30T00:00:00","Block Consulting Acturaries","296,622","198,928","97,694","67.1","0","NULL","5","NULL"
"City of Manhattan Beach Single Highest Year Retirement Plan","7240","20142015","2014-06-30T00:00:00","Block Consulting Actuaries","315,443","237,180","78,263","75.2","0","NULL","5","NULL"
"City of Manhattan Beach Single Highest Year Retirement Plan","7240","20132014","2014-06-30T00:00:00","Block Consulting Actuaries","315,443","278,200","37,243","88.2","0","NULL","5","NULL"
"City of Manhattan Beach Single Highest Year Retirement Plan","7240","20122013","2012-06-30T00:00:00","Block Consulting Acturaries","373,634","315,899","57,735","84.5","0","NULL","5","NULL"
"City of Manhattan Beach Single Highest Year Retirement Plan","7240","20112012","2012-06-30T00:00:00","Block Consulting Actuaries","373,634","353,339","20,295","94.6","0","NULL","5","NULL"
"City of Manhattan Beach Single Highest Year Retirement Plan","7240","20102011","2010-06-30T00:00:00","Block Consulting Actuaries","377,004","405,545","-28,541","107.6","0","NULL","5","NULL"
"City of Manhattan Beach Single Highest Year Retirement Plan","7240","20092010","2010-06-30T00:00:00","Block Consulting Actuaries","377,004","405,545","-28,541","107.6","0","NULL","5","NULL"
"City of Manhattan Beach Single Highest Year Retirement Plan","7240","20082009","2008-06-30T00:00:00","Block Consulting Actuaries","432,935","461,030","-28,095","106.5","0","NULL","5","NULL"
"City of Mill Valley Retirement System","7242","20042005","NULL","Not required to have AVR","0","0","0","NULL",,"NULL","8","no actuary"
"City of Manhattan Beach Single Highest Year Retirement Plan","7240","20072008","2008-06-30T00:00:00","Block Consulting Actuaries, Inc.","432,935","461,030","-28,095","106.5","0","NULL","5","NULL"
"City of Manhattan Beach Single Highest Year Retirement Plan","7240","20062007","2006-06-30T00:00:00","Block Consulting Actuaries, Inc.","444,497","444,497","0","100","0","NULL","5","NULL"
"City of Manhattan Beach Single Highest Year Retirement Plan","7240","20052006","2006-06-30T00:00:00","Block Consulting Actuaries, Inc.","444,497","444,497","0","100","0","NULL","5","NULL"
"City of Manhattan Beach Single Highest Year Retirement Plan","7240","20042005","2004-06-30T00:00:00","Block Consulting Actuaries","498,155","472,367","25,788","94.8","0","NULL","5","NULL"
"City of Manhattan Beach Single Highest Year Retirement Plan","7240","20032004","2004-06-30T00:00:00","Block Consulting Actuaries","498,155","499,227","-1,072","100.2","0","NULL","5","NULL"
"City of Manhattan Beach Single Highest Year Retirement Plan","7240","20022003","2002-06-30T00:00:00","Block Consulting Actuaries","516,298","582,400","-66,102","112.8","0","NULL","5","NULL"
"City of Manhattan Beach Supplemental Retirement Plan","7241","20152016","2016-06-30T00:00:00","Block Consulting Actuaries","103,650","68,758","34,892","66.3","0","NULL","5","NULL"
"City of Manhattan Beach Supplemental Retirement Plan","7241","20142015","2014-06-30T00:00:00","Block Consulting Actuaries","111,304","85,757","25,547","77","0","NULL","5","NULL"
"City of Manhattan Beach Supplemental Retirement Plan","7241","20132014","2014-06-30T00:00:00","Block Consulting Actuaries","111,304","102,674","8,630","92.2","0","NULL","5","NULL"
"City of Manhattan Beach Supplemental Retirement Plan","7241","20122013","2012-06-30T00:00:00","Block Consulting Acturaries","133,183","118,255","14,928","88.8","0","NULL","5","NULL"
"City of Manhattan Beach Supplemental Retirement Plan","7241","20112012","2012-06-30T00:00:00","Block Consulting Actuaries","133,183","133,653","-470","100.4","0","NULL","5","NULL"
"City of Manhattan Beach Supplemental Retirement Plan","7241","20102011","2010-06-30T00:00:00","Block Consulting Actuaries","136,197","169,591","-33,394","124.5","0","NULL","5","NULL"
"City of Manhattan Beach Supplemental Retirement Plan","7241","20092010","2010-06-30T00:00:00","Block Consulting Actuaries","189,506","175,571","13,935","92.6","0","NULL","5","NULL"
"City of Manhattan Beach Supplemental Retirement Plan","7241","20082009","2008-06-30T00:00:00","Block Consulting Actuaries","189,506","193,627","-4,121","102.2","0","NULL","5","NULL"
"City of Manhattan Beach Supplemental Retirement Plan","7241","20072008","2008-06-30T00:00:00","Block Consulting Actuaries, Inc.","189,506","193,627","-4,121","102.2","0","NULL","5","NULL"
"City of Manhattan Beach Supplemental Retirement Plan","7241","20062007","2006-06-30T00:00:00","Block Consulting Actuaries, Inc.","192,805","192,805","0","100","0","NULL","5","NULL"
"City of Manhattan Beach Supplemental Retirement Plan","7241","20052006","2006-06-30T00:00:00","Block Consulting Actuaries, Inc.","192,805","192,805","0","100","0","NULL","5","NULL"
"City of Manhattan Beach Supplemental Retirement Plan","7241","20042005","2004-06-30T00:00:00","Block Consulting Actuaries","196,289","183,066","13,223","93.3","0","NULL","5","NULL"
"City of Manhattan Beach Supplemental Retirement Plan","7241","20032004","2004-06-30T00:00:00","Block Consulting Actuaries","196,289","196,711","-422","100.2","0","NULL","5","NULL"
"City of Manhattan Beach Supplemental Retirement Plan","7241","20022003","2002-06-30T00:00:00","Block Consulting Actuaries","200,915","224,064","-23,149","111.5","0","NULL","5","NULL"
"City of Mill Valley Retirement System","7242","20052006","NULL","Not required to have AVR",,,"0","NULL",,"NULL","8","Pay As You Go"
"City of Mill Valley Retirement System","7242","20032004","NULL","Not Required by SCO",,,"0","NULL",,"NULL","8","Actual Costs Paid as Incurred"
"City of Mill Valley Retirement System","7242","20022003","NULL","None",,,"0","NULL",,"NULL","8","Actual Costs Paid as Incurred"
"City of Oakland Fire and Police Retirement System","7222","20152016","2015-07-01T00:00:00","Cheiron","642,110,000","394,573,000","247,537,000","61.4","0","NULL","1","NULL"
"City of Oakland Fire and Police Retirement System","7222","20132014","2013-07-01T00:00:00","Cheiron","655,399,000","440,383,000","215,016,000","67.2","0","NULL","1","NULL"
"City of Oakland Fire and Police Retirement System","7222","20122013","2012-07-01T00:00:00","Bartel Associates, LLC","658,279,000","257,221,000","401,058,000","39.1","129,176,000","310.5","7","NULL"
"City of Oakland Fire and Police Retirement System","7222","20112012","2011-07-01T00:00:00","Bartel Associates, LLC","683,162,000","256,394,000","426,768,000","37.5","144,045,000","296.3","7","NULL"
"City of Oakland Fire and Police Retirement System","7222","20102011","2010-07-01T00:00:00","Bart Associates, LLC","792,202,000","297,829,000","494,373,000","37.6","144,045,000","343.2","7","NULL"
"City of Oakland Fire and Police Retirement System","7222","20092010","2010-07-01T00:00:00","Bartel Associates, LLC","792,202,000","297,829,000","494,373,000","37.6","100,000","494373","7","NULL"
"City of Oakland Fire and Police Retirement System","7222","20082009","2009-07-01T00:00:00","Bartel Associates, LLC","782,457,000","347,182,000","435,275,000","44.4","100,000","317719","7","NULL"
"City of Oakland Fire and Police Retirement System","7222","20072008","2007-07-01T00:00:00","Bartel Associates, LLC","888,136","566,040","322,096","63.7","163,359","197.2","7","NULL"
"City of Oakland Fire and Police Retirement System","7222","20062007","2005-07-01T00:00:00","Milliman USA","883,609,000","614,898,000","268,711,000","69.6","367,191","73180.2","7","NULL"
"City of Oakland Fire and Police Retirement System","7222","20052006","2005-07-01T00:00:00","Milliman USA","883,609,000","614,898,000","268,711,000","69.6","300,000","89570.3","7","NULL"
"City of Oakland Fire and Police Retirement System","7222","20042005","2004-07-01T00:00:00","Milliman USA","890,309,000","621,583,000","268,726,000","69.8","5,894,707","89575.3","7","NULL"
"City of Oakland Fire and Police Retirement System","7222","20032004","2003-07-01T00:00:00","Milliman USA","890,768,000","615,105,000","275,663,000","69.1","400,000","68915.8","7","NULL"
"City of Oakland Fire and Police Retirement System","7222","20022003","2002-07-01T00:00:00","Milliman USA","877,064,000","674,693,000","202,371,000","76.9","5,620,307","3600.7","7","NULL"
"City of Oakland Municipal Employees' Retirement System","7223","20142015","2014-07-01T00:00:00","Bartel Associates, LLC","2,824,000","4,774,000","-1,950,000","169.1","0","NULL","1","NULL"
"City of Oakland Municipal Employees' Retirement System","7223","20132014","2014-07-01T00:00:00","Bartel Associates, LLC","2,824,000","4,774,000","-1,950,000","169.1","0","NULL","1","NULL"
"City of Oakland Municipal Employees' Retirement System","7223","20122013","2012-07-01T00:00:00","Bartel Associates, LLC","3,630,000","4,448,000","-818,000","122.5","0","NULL","7","NULL"
"City of Oakland Municipal Employees' Retirement System","7223","20112012","2010-07-01T00:00:00","Bartel Associates, LLC","5,471,000","4,728,000","743,000","86.4","0","NULL","7","NULL"
"City of Oakland Municipal Employees' Retirement System","7223","20102011","2010-07-01T00:00:00","Bartel Associates, LLC","5,471,000","4,728,000","743,000","86.4","0","NULL","7","NULL"
"City of Oakland Municipal Employees' Retirement System","7223","20092010","2010-07-01T00:00:00","Bartel Associates, LLC","5,471,000","4,728,000","743,000","86.4","0","NULL","7","NULL"
"City of Oakland Municipal Employees' Retirement System","7223","20082009","2007-07-01T00:00:00","Bartel Associates, LLC","7,516,000","9,371,000","-1,855,000","124.7","0","NULL","7","NULL"
"City of Oakland Municipal Employees' Retirement System","7223","20072008","2007-07-01T00:00:00","Bartel Associates, LLC","7,516,000","9,371,000","-1,855,000","124.7","0","NULL","7","NULL"
"City of Oakland Municipal Employees' Retirement System","7223","20062007","2005-07-01T00:00:00","Milliman USA","5,276,963","10,594,836","-5,317,873","200.8","0","NULL","7","NULL"
"City of Oakland Municipal Employees' Retirement System","7223","20052006","2005-07-01T00:00:00","Milliman USA","5,276,963","10,594,836","-5,317,873","200.8","0","NULL","7","NULL"
"City of Oakland Municipal Employees' Retirement System","7223","20042005","2003-07-01T00:00:00","Milliman USA","6,713,749","11,668,132","-4,954,383","173.8","0","NULL","7","NULL"
"City of Oakland Municipal Employees' Retirement System","7223","20032004","2003-07-01T00:00:00","Milliman USA","6,713,749","11,668,132","-4,954,383","173.8","0","NULL","7","NULL"
"City of Oakland Municipal Employees' Retirement System","7223","20022003","2002-07-01T00:00:00","Milliman USA","7,802,585","13,402,620","-5,600,035","171.8","127,100","-4406","7","NULL"
"City of Pasadena Fire and Police Retirement System","7239","20152016","2016-06-30T00:00:00","Bartel Associates","155,824,000","125,479,000","30,345,000","80.5","13,447,666","225.6","1","NULL"
"City of Pasadena Fire and Police Retirement System","7239","20142015","2015-06-30T00:00:00","Bartel Associates","162,154,000","129,984,000","32,170,000","80.2","13,644,833","235.7","1","NULL"
"City of Pasadena Fire and Police Retirement System","7239","20132014","2014-06-30T00:00:00","Bartel Associates","159,516,000","130,183,000","29,333,000","81.6","14,140,462","207.4","1","NULL"
"City of Pasadena Fire and Police Retirement System","7239","20122013","2013-06-30T00:00:00","Bartel Associates","168,781,000","127,985,000","40,796,000","75.8","0","284.8","1","NULL"
"City of Richmond General Pension Plan","7227","20092010","2009-07-01T00:00:00","Bartel Associates, LLC","5,916,052","1,770,210","4,145,842","29.9","0","NULL","1","NULL"
"City of Pasadena Fire and Police Retirement System","7239","20112012","2012-06-30T00:00:00","Bartel Associates","174,249,000","136,272,000","37,977,000","78.2","14,147,887","268.4","1","NULL"
"City of Pasadena Fire and Police Retirement System","7239","20102011","2011-06-30T00:00:00","Bartel Associates","179,284,000","105,811,000","73,473,000","59","0","NULL","1","NULL"
"City of Pasadena Fire and Police Retirement System","7239","20092010","2010-06-30T00:00:00","Bartel Associates","166,096,000","109,740,000","56,356,000","66.1","0","NULL","1","NULL"
"City of Pasadena Fire and Police Retirement System","7239","20082009","2009-06-30T00:00:00","Public Pension Professionals, Inc.","177,803,309","119,551,189","58,252,120","67.2","0","NULL","1","NULL"
"City of Pasadena Fire and Police Retirement System","7239","20072008","2008-06-30T00:00:00","PUBLIC PENSION PROFESSIONALS","178,747,842","131,321,211","47,426,631","73.5","178,927","26506.1","1","NULL"
"City of Pasadena Fire and Police Retirement System","7239","20062007","2007-06-30T00:00:00","Public Pension Professionals","183,046,073","131,136,702","51,909,371","71.6","145,786","35606.6","1","NULL"
"City of Pasadena Fire and Police Retirement System","7239","20052006","2006-06-30T00:00:00","Public Pension Professionals, Inc.","184,851,528","127,840,725","57,010,803","69.2","141,059","40416.3","1","NULL"
"City of Pasadena Fire and Police Retirement System","7239","20042005","2005-06-30T00:00:00","Public Pension Professionals, Inc.","185,181,366","132,729,995","52,451,371","71.7","277,488","18902.2","1","NULL"
"City of Pasadena Fire and Police Retirement System","7239","20032004","2004-06-30T00:00:00","Public Pension Professionals, Inc.","186,072,418","117,100,312","68,972,106","62.9","738,815","18167.3","1","NULL"
"City of Pasadena Fire and Police Retirement System","7239","20022003","2003-06-30T00:00:00","Public Pension Professionals, Inc.","199,168,153","122,105,136","77,063,017","61.3","2,684,811","2870.3","1","NULL"
"City of Piedmont Police and Fire Pension Plan","7224","20152016","2016-06-30T00:00:00","Bartel Associates, LLC","2,100,484","10,853,164","-8,752,680","516.7","0","NULL","1","NULL"
"City of Piedmont Police and Fire Pension Plan","7224","20142015","2014-06-30T00:00:00","Bartel Assciates, LLC","2,619,053","9,630,760","-7,011,707","367.7","0","NULL","5","NULL"
"City of Piedmont Police and Fire Pension Plan","7224","20132014","2014-06-30T00:00:00","Bartel Assciates, LLC","2,619,053","9,630,760","-7,011,707","367.7","0","NULL","5","NULL"
"City of Piedmont Police and Fire Pension Plan","7224","20122013","2013-01-01T00:00:00","Bartel Assciates, LLC","2,469,210","8,566,168","-6,096,958","346.9","0","NULL","5","NULL"
"City of Piedmont Police and Fire Pension Plan","7224","20112012","2010-01-01T00:00:00","Bartel Assciates, LLC","2,864,314","8,285,972","-5,421,658","289.3","0","NULL","5","NULL"
"City of Piedmont Police and Fire Pension Plan","7224","20102011","2010-01-01T00:00:00","Bartel Associates,LLC","2,864,314","8,285,972","-5,421,658","289.3","0","NULL","5","NULL"
"City of Piedmont Police and Fire Pension Plan","7224","20092010","2010-01-01T00:00:00","Bartel Associates, LLC","2,864,314","8,285,972","-5,421,658","289.3","0","NULL","5","NULL"
"City of Piedmont Police and Fire Pension Plan","7224","20082009","2007-01-01T00:00:00","Bartel Associates, LLC","3,137,361","7,132,339","-3,994,978","227.3","0","NULL","5","NULL"
"City of Piedmont Police and Fire Pension Plan","7224","20072008","2007-01-01T00:00:00","Bartel Associates, LLC","3,137,361","7,132,339","-3,994,978","227.3","0","NULL","5","NULL"
"City of Piedmont Police and Fire Pension Plan","7224","20062007","2007-01-01T00:00:00","Bartel Associates, LLC","3,137,361","7,132,339","-3,994,978","227.3","0","NULL","5","NULL"
"City of Piedmont Police and Fire Pension Plan","7224","20052006","2004-01-01T00:00:00","Oliver Consulting","3,309,757","6,076,182","-2,766,425","183.6","0","NULL","5","NULL"
"City of Piedmont Police and Fire Pension Plan","7224","20042005","2004-01-01T00:00:00","Oliver Consulting","3,309,757","6,076,182","-2,766,425","183.6","0","NULL","5","NULL"
"City of Piedmont Police and Fire Pension Plan","7224","20032004","2004-01-01T00:00:00","Oliver Consulting","3,309,757","6,076,182","-2,766,425","183.6","0","NULL","5","NULL"
"City of Piedmont Police and Fire Pension Plan","7224","20022003","2001-01-01T00:00:00","Oliver Consulting","3,465,803","5,471,671","-2,005,868","157.9","0","NULL","5","NULL"
"City of Pittsburg Miscellaneous Employees' Retirement System 1962","7226","20152016","2014-06-30T00:00:00","Bartell Associates","15,768","3,502","12,266","22.2","0","NULL","8","Mortality Scale AA Used to Determine Actuarial Accrued Liability"
"City of Pittsburg Miscellaneous Employees' Retirement System 1962","7226","20142015","2014-06-30T00:00:00","Bartell Associates","15,768","3,502","12,266","22.2","0","NULL","8","Mortality Scale AA Used to Determine Actuarial Accrued Liability"
"City of Pittsburg Miscellaneous Employees' Retirement System 1962","7226","20132014","2014-06-30T00:00:00","Bartel Associates, LLC","15,768","3,502","12,266","22.2","0","NULL","8","Mortality Scale AA Used to Determine Actuarial Accrued Liability"
"City of Pittsburg Miscellaneous Employees' Retirement System 1962","7226","20122013","2011-06-30T00:00:00","Bartell Associates","18,249","19,324","-1,075","105.9","0","NULL","8","Mortaility Scale AA Used to Determine Actuarial Accrued Liability"
"City of Richmond General Pension Plan","7227","20082009","2007-07-01T00:00:00","Bartel Associates, LLC","5,242,136","2,416,881","2,825,255","46.1","0","NULL","1","NULL"
"City of Pittsburg Miscellaneous Employees' Retirement System 1962","7226","20112012","2011-06-30T00:00:00","Bartell Associates","18,249","19,324","-1,075","105.9","0","NULL","8","Mortality Table Scale AA used to determine actuarial accrued liability"
"City of Richmond General Pension Plan","7227","20152016","2015-07-01T00:00:00","Van Iwaarden Associates","3,899,557","2,923,920","975,637","75","0","NULL","1","NULL"
"City of Pittsburg Miscellaneous Employees' Retirement System 1962","7226","20102011","2011-06-30T00:00:00","Bartel Associates, LLC","18,249","19,324","-1,075","105.9","0","NULL","8","Mortality Table - Scale AA used to determine actuarial accrued liability"
"City of Pittsburg Miscellaneous Employees' Retirement System 1962","7226","20092010","2007-06-30T00:00:00","Bartel Associates, LLC","40,592","28,802","11,790","71","0","NULL","8","Mortality Table"
"City of Pittsburg Miscellaneous Employees' Retirement System 1962","7226","20082009","2007-06-30T00:00:00","Bartel Associates, LLC","40,592","28,802","11,790","71","0","NULL","8","Mortality Table"
"City of Pittsburg Miscellaneous Employees' Retirement System 1962","7226","20072008","2007-06-30T00:00:00","Bartel Associates, LLC","40,592","28,802","11,790","71","0","NULL","8","Mortality Table"
"City of Pittsburg Miscellaneous Employees' Retirement System 1962","7226","20062007","2007-06-30T00:00:00","Bartel Associates, LLC","40,592","28,802","11,790","71","0","NULL","8","Mortality Table"
"City of Pittsburg Miscellaneous Employees' Retirement System 1962","7226","20052006","2004-06-30T00:00:00","Oliver Consulting","65,590","31,938","33,652","48.7","0","NULL","8","Mortality Table"
"City of Pittsburg Miscellaneous Employees' Retirement System 1962","7226","20042005","2004-06-30T00:00:00","Oliver Consulting","65,590","31,938","33,652","48.7","0","NULL","8","Mortality Table"
"City of Pittsburg Miscellaneous Employees' Retirement System 1962","7226","20032004","2004-06-30T00:00:00","Oliver Consulting","65,590","31,938","33,652","48.7","0","NULL","8","Mortality Table"
"City of Pittsburg Miscellaneous Employees' Retirement System 1962","7226","20022003","2001-04-01T00:00:00","Oliver Consulting",,,"0","NULL",,"NULL","8","Mortality table"
"City of Richmond Garfield Pension Plan","7229","20152016","2015-07-01T00:00:00","Van Iwaarden Associates","765,834","492,113","273,721","64.3","0","NULL","1","NULL"
"City of Richmond Garfield Pension Plan","7229","20142015","2015-07-01T00:00:00","Van Iwaarden Associates","765,834","492,113","273,721","64.3","0","NULL","1","NULL"
"City of Richmond Garfield Pension Plan","7229","20132014","2013-07-01T00:00:00","Bartel Associates","807,034","259,887","547,147","32.2","0","NULL","1","NULL"
"City of Richmond Garfield Pension Plan","7229","20122013","2013-07-01T00:00:00","Bartel Associates LLC","863,415","244,660","618,755","28.3","0","NULL","1","NULL"
"City of Richmond Garfield Pension Plan","7229","20112012","2011-07-01T00:00:00","Bartel Associates LLC","853,422","334,121","519,301","39.2","0","NULL","1","NULL"
"City of Richmond Garfield Pension Plan","7229","20102011","2011-07-01T00:00:00","Bartel Associates, LLC","596,216","334,121","262,095","56","0","NULL","1","NULL"
"City of Richmond Garfield Pension Plan","7229","20092010","2009-07-01T00:00:00","Bartel Associates, LLC","893,734","336,274","557,460","37.6","0","NULL","1","NULL"
"City of Richmond Garfield Pension Plan","7229","20082009","2007-07-01T00:00:00","Bartel Associates, LLC","899,777","326,228","573,549","36.3","0","NULL","1","NULL"
"City of Richmond Garfield Pension Plan","7229","20072008","2007-07-01T00:00:00","Bartel Associates, LLC","899,777","326,228","573,549","36.3","0","NULL","1","NULL"
"City of Richmond Garfield Pension Plan","7229","20062007","2005-07-01T00:00:00","Oliver Consulting","915,287","301,298","613,989","32.9","0","NULL","1","NULL"
"City of Richmond Garfield Pension Plan","7229","20052006","2005-07-01T00:00:00","Oliver Consulting","915,287","301,298","613,989","32.9","0","NULL","1","NULL"
"City of Richmond Garfield Pension Plan","7229","20042005","2005-07-01T00:00:00","Oliver Consulting","915,287","301,298","613,989","32.9","0","NULL","1","NULL"
"City of Richmond Garfield Pension Plan","7229","20032004","NULL","NULL",,,"0","NULL","0","NULL","8","None"
"City of Richmond Garfield Pension Plan","7229","20022003","NULL","NULL",,,"0","NULL","0","NULL","8","None"
"City of Richmond General Pension Plan","7227","20142015","2015-07-01T00:00:00","Van Iwaarden Associates","3,899,557","2,923,920","975,637","75","0","NULL","1","NULL"
"City of Richmond General Pension Plan","7227","20132014","2013-07-01T00:00:00","Bartels Associates LLC","3,775,051","1,043,196","2,731,855","27.6","0","NULL","1","NULL"
"City of Richmond General Pension Plan","7227","20122013","2013-07-01T00:00:00","Bartel Associates LLC","4,219,909","1,033,168","3,186,741","24.5","0","NULL","1","NULL"
"City of Richmond General Pension Plan","7227","20112012","2011-07-01T00:00:00","Bartel Associates LLC","4,699,140","1,387,026","3,312,114","29.5","0","NULL","1","NULL"
"City of Richmond General Pension Plan","7227","20102011","2011-07-01T00:00:00","Bartel Associates LLC","4,699,140","1,387,026","3,312,114","29.5","0","NULL","1","NULL"
"City of Richmond General Pension Plan","7227","20072008","2007-07-01T00:00:00","Bartel Associates, LLC","5,242,136","2,416,881","2,825,255","46.1","0","NULL","1","NULL"
"City of Richmond General Pension Plan","7227","20062007","2005-07-01T00:00:00","Oliver Consulting","5,614,489","3,141,392","2,473,097","56","0","NULL","1","NULL"
"City of Richmond General Pension Plan","7227","20052006","2005-07-01T00:00:00","Oliver Consulting","5,614,489","3,141,392","2,473,097","56","0","NULL","1","NULL"
"City of Richmond General Pension Plan","7227","20042005","2005-07-01T00:00:00","Oliver Consulting","5,614,489","3,141,392","2,473,097","56","0","NULL","1","NULL"
"City of Richmond General Pension Plan","7227","20032004","2003-07-01T00:00:00","Oliver Consulting","6,331,911","1,663,342","4,668,569","26.3","0","NULL","1","NULL"
"City of Richmond General Pension Plan","7227","20022003","2002-07-01T00:00:00","Oliver Consulting","6,246,070","2,145,405","4,100,665","34.3","756,402","542.1","1","NULL"
"City of Richmond Police and Firemen's Pension Plan","7228","20152016","2015-07-01T00:00:00","Van Iwaarden Associates","22,684,864","7,967,986","14,716,878","35.1","0","NULL","1","NULL"
"City of Richmond Police and Firemen's Pension Plan","7228","20142015","2015-07-01T00:00:00","Van Iwaarden Associates","22,684,864","7,967,986","14,716,878","35.1","0","NULL","1","NULL"
"City of Richmond Police and Firemen's Pension Plan","7228","20132014","2013-07-01T00:00:00","Bartel Associates LLC","23,237,147","16,681,824","6,555,323","71.8","0","NULL","1","NULL"
"City of Richmond Police and Firemen's Pension Plan","7228","20122013","2013-07-01T00:00:00","Bartel Associates LLC","25,094,272","19,834,552","5,259,720","79","0","NULL","1","NULL"
"City of Richmond Police and Firemen's Pension Plan","7228","20112012","2011-07-01T00:00:00","Bartel Associates LLC","33,488,006","20,894,469","12,593,537","62.4","0","NULL","1","NULL"
"City of Richmond Police and Firemen's Pension Plan","7228","20102011","2011-07-01T00:00:00","Bartel Associates, LLC","33,488,006","20,894,469","12,593,537","62.4","0","NULL","1","NULL"
"City of Richmond Police and Firemen's Pension Plan","7228","20092010","2009-07-01T00:00:00","Bartel Associates, LLC","40,786,586","18,850,504","21,936,082","46.2","0","NULL","1","NULL"
"City of Richmond Police and Firemen's Pension Plan","7228","20082009","2007-07-01T00:00:00","Bartel Associates, LLC","43,591,093","22,910,310","20,680,783","52.6","0","NULL","1","NULL"
"City of Richmond Police and Firemen's Pension Plan","7228","20072008","2007-07-01T00:00:00","Bartel Associates, LLC","43,591,093","22,910,310","20,680,783","52.6","0","NULL","1","NULL"
"City of Richmond Police and Firemen's Pension Plan","7228","20062007","2005-07-01T00:00:00","Oliver Consulting","41,653,180","19,251,702","22,401,478","46.2","0","NULL","1","NULL"
"City of Richmond Police and Firemen's Pension Plan","7228","20052006","2005-07-01T00:00:00","Oliver Consulting","41,653,180","19,251,702","22,401,478","46.2","0","NULL","1","NULL"
"Home Gardens Sanitary District Pension Plan","7157","20082009","NULL","dcp",,,"0","NULL","101,329","NULL","NULL","NULL"
"City of Richmond Police and Firemen's Pension Plan","7228","20042005","2005-07-01T00:00:00","Oliver Consulting","41,653,180","19,251,702","22,401,478","46.2","0","NULL","1","NULL"
"City of Richmond Police and Firemen's Pension Plan","7228","20032004","2003-07-01T00:00:00","Oliver Consulting","46,523,759","22,624,427","23,899,332","48.6","0","NULL","1","NULL"
"Civic San Diego Tax Deferred Annuity Plan","8180","20042005","NULL","dcp",,,"0","NULL","3,023,903","NULL","NULL","NULL"
"City of Richmond Police and Firemen's Pension Plan","7228","20022003","2002-07-01T00:00:00","Oliver Consulting","49,135,204","25,177,947","23,957,257","51.2","5,179,919","462.5","1","NULL"
"City of Ripon Money Purchase Thrift Pension Plan","7255","20152016","NULL","Defined Contribution Plan",,,"0","NULL","3,219,167","NULL","NULL","NULL"
"City of Ripon Money Purchase Thrift Pension Plan","7255","20142015","NULL","Defined Contribution Plan",,,"0","NULL","3,201,063","NULL","NULL","NULL"
"City of Ripon Money Purchase Thrift Pension Plan","7255","20132014","NULL","Defined Contribution Plan",,,"0","NULL","3,156,707","NULL","NULL","NULL"
"City of Ripon Money Purchase Thrift Pension Plan","7255","20122013","NULL","Defined Contribution Plan",,,"0","NULL","3,166,496","NULL","NULL","NULL"
"City of Ripon Money Purchase Thrift Pension Plan","7255","20112012","NULL","Defined Contribution Plan",,,"0","NULL","3,237,032","NULL","NULL","NULL"
"City of Ripon Money Purchase Thrift Pension Plan","7255","20102011","NULL","Defined Contribution Plan",,,"0","NULL","3,147,492","NULL","NULL","NULL"
"City of Ripon Money Purchase Thrift Pension Plan","7255","20092010","NULL","Defined Contribution Plan",,,"0","NULL","3,786,493","NULL","NULL","NULL"
"City of Ripon Money Purchase Thrift Pension Plan","7255","20082009","NULL","Defined Contribution Plan",,,"0","NULL","3,920,738","NULL","NULL","NULL"
"City of Ripon Money Purchase Thrift Pension Plan","7255","20072008","NULL","Defined Contribution Plan",,,"0","NULL","3,579,894","NULL","NULL","NULL"
"City of Ripon Money Purchase Thrift Pension Plan","7255","20062007","NULL","Defined Contribution Plan",,,"0","NULL","3,153,040","NULL","NULL","NULL"
"City of Ripon Money Purchase Thrift Pension Plan","7255","20052006","NULL","Defined Contribution Plan",,,"0","NULL","2,618,086","NULL","NULL","NULL"
"City of Ripon Money Purchase Thrift Pension Plan","7255","20042005","NULL","Defined Contribution Plan",,,"0","NULL","2,316,415","0","NULL","NULL"
"City of Ripon Money Purchase Thrift Pension Plan","7255","20032004","NULL","Defined Contribution Plan",,,"0","NULL","2,125,934","NULL","NULL","NULL"
"City of Ripon Money Purchase Thrift Pension Plan","7255","20022003","NULL","Defined Contribution Plan",,,"0","NULL","1,890,914","NULL","NULL","NULL"
"City of Sacramento City Employees' Retirement System","7245","20152016","2016-06-30T00:00:00","Bartel Associates, LLC","366,141,000","286,675,000","79,466,000","78.3","1,020,000","7790.7","1","NULL"
"City of Sacramento City Employees' Retirement System","7245","20142015","2015-06-30T00:00:00","Bartel Associates, LLC","376,479,000","293,036,000","83,443,000","77.8","1,180,000","NULL","1","NULL"
"City of Sacramento City Employees' Retirement System","7245","20132014","2013-06-30T00:00:00","Bartel Associates, LLC","372,670,000","312,414,000","60,256,000","83.8","2,279,000","2644","8","Total pension liability as required by GASB Statement No. 67"
"City of Sacramento City Employees' Retirement System","7245","20122013","2013-06-30T00:00:00","Bartel Associates, LLC","382,000,000","292,000,000","90,000,000","76.4","2,279,000","3949.1","1","NULL"
"City of Sacramento City Employees' Retirement System","7245","20112012","2012-06-30T00:00:00","Bartel Associates, LLC","388,862,000","294,111,000","94,751,000","75.6","2,960,000","3201","1","NULL"
"City of Sacramento City Employees' Retirement System","7245","20102011","2011-06-30T00:00:00","Bartel Associates, LLC","397,000,000","297,000,000","100,000,000","74.8","4,132,000","2420.1","1","NULL"
"City of Sacramento City Employees' Retirement System","7245","20092010","2010-06-30T00:00:00","Bartel Associates, LLC","395,000,000","297,000,000","98,000,000","75.2","5,302,000","1848.4","1","NULL"
"City of Sacramento City Employees' Retirement System","7245","20082009","2009-06-30T00:00:00","Bartel Associates, LLC","398,000,000","314,000,000","84,000,000","78.9","5,749,000","1461.1","1","NULL"
"City of Sacramento City Employees' Retirement System","7245","20072008","2008-06-30T00:00:00","Bartel Associates, LLC","392,180,000","359,960,000","32,220,000","91.8","8,868,786","363.3","1","NULL"
"City of Sacramento City Employees' Retirement System","7245","20062007","2007-06-30T00:00:00","Bartel Associates, LLC","394,976,000","365,171,000","29,805,000","92.5","9,587,157","310.9","1","NULL"
"City of Sacramento City Employees' Retirement System","7245","20052006","2006-06-30T00:00:00","Bartel Associates, LLC","394,730,000","364,910,397","29,819,603","92.4","10,277,298","290.2","1","NULL"
"City of Sacramento City Employees' Retirement System","7245","20042005","2005-06-30T00:00:00","Towers Perrin","370,428,219","373,773,000","-3,344,781","100.9","10,479,805","-31.9","1","NULL"
"City of Sacramento City Employees' Retirement System","7245","20032004","2004-06-30T00:00:00","Tower Perrin","362,677,562","393,884,000","-31,206,438","108.6","12,793,683","-243.9","1","NULL"
"City of Sacramento City Employees' Retirement System","7245","20022003","2003-06-30T00:00:00","Towers Perrin","363,242,372","386,077,000","-22,834,628","106.3","13,597,187","-167.9","1","NULL"
"City of San Clemente Restated Employees' Retirement Plan","7244","20152016","2015-06-30T00:00:00","Bartel Associates, LLC","31,322,000","18,468,994","12,853,006","59","466,911","2752.7","1","NULL"
"City of San Clemente Restated Employees' Retirement Plan","7244","20142015","2014-07-01T00:00:00","Bartel Associates, LLC","29,832,000","19,374,693","10,457,307","64.9","450,886","2319.2","1","NULL"
"City of San Clemente Restated Employees' Retirement Plan","7244","20132014","2014-07-01T00:00:00","Bartel Associates, LLC","29,288,874","19,594,102","9,694,772","66.9","424,860","2281.9","1","NULL"
"City of San Clemente Restated Employees' Retirement Plan","7244","20122013","2013-07-01T00:00:00","Michael S. Jarnes","58,124,474","41,346,698","16,777,776","71.1","13,773,828","121.8","1","NULL"
"City of San Clemente Restated Employees' Retirement Plan","7244","20112012","2012-07-01T00:00:00","Michael S. Jarnes","52,775,327","36,170,712","16,604,615","68.5","13,542,229","122.6","1","NULL"
"City of San Clemente Restated Employees' Retirement Plan","7244","20102011","2011-07-01T00:00:00","Great- West Retirement Services","46,678,961","32,284,398","14,394,563","69.2","12,473,080","115.4","1","NULL"
"City of San Clemente Restated Employees' Retirement Plan","7244","20092010","2009-07-01T00:00:00","FASCore, LLC","35,702,652","26,488,537","9,214,115","74.2","12,940,344","71.2","1","NULL"
"City of San Clemente Restated Employees' Retirement Plan","7244","20082009","2009-07-01T00:00:00","FASCore, LLC","35,702,652","26,488,537","9,214,115","74.2","13,031,637","70.7","1","NULL"
"City of San Clemente Restated Employees' Retirement Plan","7244","20072008","2008-07-01T00:00:00","FASCore, LLC","25,812,485","25,949,357","-136,872","100.5","13,359,200","-1","7","NULL"
"City of San Clemente Restated Employees' Retirement Plan","7244","20062007","2007-07-01T00:00:00","FASCore, LLC","24,093,212","24,093,212","0","100","11,375,587","0","7","NULL"
"City of San Clemente Restated Employees' Retirement Plan","7244","20052006","2006-07-01T00:00:00","MetLife Retirement Plans","22,113,885","22,113,885","0","100","10,676,530","0","7","NULL"
"City of San Clemente Restated Employees' Retirement Plan","7244","20042005","2004-07-01T00:00:00","MetLife Retirement Plans","18,431,583","18,431,583","0","100","8,956,943","0","7","NULL"
"City of San Clemente Restated Employees' Retirement Plan","7244","20032004","2004-07-01T00:00:00","MetLife Retirement Plans","18,431,583","18,431,583","0","100","8,956,943","0","7","NULL"
"City of San Clemente Restated Employees' Retirement Plan","7244","20022003","2003-07-01T00:00:00","MetLife Retirement Plans","16,775,836","16,775,836","0","100","8,757,400","0","7","NULL"
"City of San Jose Federated City Employees' Retirement System","7249","20152016","2015-06-30T00:00:00","Cheiron","3,569,898,000","2,004,481,000","1,565,417,000","56.1","257,771,000","607.2","1","NULL"
"Civic San Diego Tax Deferred Annuity Plan","8180","20032004","NULL","dcp",,,"0","NULL","3,065,094","NULL","NULL","NULL"
"City of San Jose Federated City Employees' Retirement System","7249","20142015","2014-06-30T00:00:00","Cheiron","3,235,065,000","1,911,772,000","1,323,293,000","59.1","240,678,000","549.8","1","NULL"
"City of San Jose Federated City Employees' Retirement System","7249","20132014","2013-06-30T00:00:00","Cheiron","3,013,763,000","1,782,629,000","1,231,134,000","59.1","233,200,000","527.9","1","NULL"
"City of San Jose Federated City Employees' Retirement System","7249","20122013","2012-06-30T00:00:00","Cheiron","2,841,000,000","1,762,973,000","1,078,027,000","62.1","240,187,000","448.8","1","NULL"
"City of San Jose Federated City Employees' Retirement System","7249","20112012","2011-06-30T00:00:00","Cheiron","2,770,227,000","1,788,660,000","981,567,000","64.6","318,544,000","308.1","1","NULL"
"City of San Jose Federated City Employees' Retirement System","7249","20102011","2010-06-30T00:00:00","Cheiron","2,510,358,000","1,729,414,000","780,944,000","68.9","275,869,000","283.1","1","NULL"
"City of San Jose Federated City Employees' Retirement System","7249","20092010","2009-06-30T00:00:00","Gabriel, Roeder, Smith & Co.","2,486,155,000","1,756,588,000","729,567,000","70.7","308,697,000","236.3","1","NULL"
"City of San Jose Federated City Employees' Retirement System","7249","20082009","2007-06-30T00:00:00","Gabriel, Roeder, Smith & Co.","1,960,943,000","1,622,851,000","338,092,000","82.8","291,404,606","116","1","NULL"
"City of San Jose Federated City Employees' Retirement System","7249","20072008","2007-06-30T00:00:00","Gabriel, Roeder, Smith & Co.","1,960,943,000","1,622,851,000","338,092,000","82.8","291,405,000","116","1","NULL"
"City of San Jose Federated City Employees' Retirement System","7249","20062007","2005-06-30T00:00:00","Gabriel, Roeder, Smith & Co.","1,711,370,000","1,384,454,000","326,916,000","80.9","286,446,000","114.1","1","NULL"
"City of San Jose Federated City Employees' Retirement System","7249","20052006","2005-06-30T00:00:00","Gabriel, Roeder, Smith & Co.","1,711,370,000","1,384,454,000","326,916,000","80.9","286,445,861","114.1","1","NULL"
"City of San Jose Federated City Employees' Retirement System","7249","20042005","2003-06-30T00:00:00","Gabriel, Roeder, Smith & Co.","1,311,691,000","1,280,719,000","30,972,000","97.6","277,939,000","10.6","1","NULL"
"City of San Jose Federated City Employees' Retirement System","7249","20032004","2003-06-30T00:00:00","Gabriel, Roeder, Smith & Co.","1,311,691,000","1,280,719,000","30,972,000","97.6","288,136,000","10.7","1","NULL"
"City of San Jose Federated City Employees' Retirement System","7249","20022003","2001-06-30T00:00:00","Gabriel, Roeder, Smith & Co.","1,072,333,000","1,060,144,000","12,189,000","98.9","278,498,000","4.4","1","NULL"
"City of San Jose Police and Fire Retirement Plan","7250","20152016","2015-06-30T00:00:00","Cheiron","4,058,410,000","3,212,776,000","845,634,000","79.2","186,577,000","453.2","1","NULL"
"City of San Jose Police and Fire Retirement Plan","7250","20142015","2014-06-30T00:00:00","Cheiron","3,813,825,000","3,025,101,000","788,724,000","79.3","180,139,000","437.8","1","NULL"
"City of San Jose Police and Fire Retirement Plan","7250","20132014","2013-06-30T00:00:00","Cheiron","3,578,031,000","2,771,924,000","806,107,000","77.5","188,540,000","427.5","1","NULL"
"City of San Jose Police and Fire Retirement Plan","7250","20122013","2012-06-30T00:00:00","Cheiron","3,397,792,000","2,703,539,000","694,253,000","79.6","190,727,000","364","1","NULL"
"City of San Jose Police and Fire Retirement Plan","7250","20112012","2011-06-30T00:00:00","Cheiron","3,196,007,000","2,685,721,000","510,286,000","84","251,058,000","203.3","1","NULL"
"City of San Jose Police and Fire Retirement Plan","7250","20102011","2010-06-30T00:00:00","The Segal Company","3,230,456,000","2,576,705,000","653,751,000","79.8","222,699,000","260.4","1","NULL"
"City of San Jose Police and Fire Retirement Plan","7250","20092010","2009-06-30T00:00:00","The Segal Company","2,963,482,000","2,569,569,000","393,913,000","86.7","239,571,000","154.3","1","NULL"
"City of San Jose Police and Fire Retirement Plan","7250","20082009","2007-06-30T00:00:00","The Segal Company","2,372,386,000","2,365,790,000","6,596,000","99.7","227,734,000","2.9","1","NULL"
"City of San Jose Police and Fire Retirement Plan","7250","20072008","2007-06-30T00:00:00","The Segal Company","2,372,386,000","2,365,790,000","6,596,000","99.7","227,734,000","2.9","1","NULL"
"City of San Jose Police and Fire Retirement Plan","7250","20062007","2005-06-30T00:00:00","Mercer Human Resource Consulting, Inc","2,027,432,000","1,983,090,000","44,342,000","97.8","210,018,219","21.1","1","NULL"
"City of San Jose Police and Fire Retirement Plan","7250","20052006","2005-06-30T00:00:00","Mercer Human Resource Consulting, Inc","2,027,432,000","1,983,090,000","44,342,000","97.8","198,131,000","21.1","1","NULL"
"City of San Jose Police and Fire Retirement Plan","7250","20042005","2003-06-30T00:00:00","Mercer Human Resource Consulting, Inc.","1,823,200,000","1,826,287,000","-3,087,000","100.2","196,543,000","-1.6","1","NULL"
"City of San Jose Police and Fire Retirement Plan","7250","20032004","2003-06-30T00:00:00","Mercer Human Resource Consulting, Inc.","1,823,200,000","1,826,287,000","-3,087,000","100.2","203,953,000","-1.5","1","NULL"
"City of San Jose Police and Fire Retirement Plan","7250","20022003","2001-06-30T00:00:00","Mercer Human Resource Consulting, Inc","1,492,732,000","1,713,812,000","-221,080,000","114.8","193,998,000","-114","1","NULL"
"City of Santa Barbara Police and Fire Pension Fund","7248","20152016","2015-06-30T00:00:00","Bartel Associates LLC","925,987","491,971","434,016","53.1","0","NULL","8","Actuarial cost methods are only applicable when you have active employees. When everyone is retired, all methods give the same result, and there really is not a method."
"City of Santa Barbara Police and Fire Pension Fund","7248","20142015","2014-07-01T00:00:00","AON Hewitt","1,120,596","554,608","565,988","49.5","0","NULL","8","Determined by multiplying pension benefits accrued at the valuation date by present value cost factors, based on applicable actuarial assumptions."
"City of Santa Barbara Police and Fire Pension Fund","7248","20132014","2013-07-01T00:00:00","AON Hewitt","1,231,288","563,449","667,839","45.8","0","NULL","8","Determined by multiplying pension benefits accrued at the valuation date by present value cost factors, base on applicable actuarial assumptions."
"City of Santa Barbara Police and Fire Pension Fund","7248","20122013","2012-07-01T00:00:00","AON Hewitt","1,129,126","604,774","524,352","53.6","0","NULL","5","NULL"
"City of Santa Barbara Police and Fire Pension Fund","7248","20112012","2011-07-01T00:00:00","AON Hewitt","1,248,052","682,339","565,713","54.7","0","NULL","5","NULL"
"City of Santa Barbara Police and Fire Pension Fund","7248","20102011","2009-07-01T00:00:00","Aon Hewitt","1,337,000","225,879","1,111,121","16.9","0","NULL","5","NULL"
"City of Santa Barbara Police and Fire Pension Fund","7248","20092010","2008-07-01T00:00:00","Aon Consulting","1,586,000","190,000","1,396,000","12","0","NULL","7","NULL"
"City of Santa Barbara Police and Fire Pension Fund","7248","20082009","2008-07-01T00:00:00","AON Consulting","1,586,000","190,000","1,396,000","12","0","NULL","7","NULL"
"City of Santa Barbara Police and Fire Pension Fund","7248","20072008","2005-07-01T00:00:00","AON Consulting","1,962,848","836,932","1,125,916","42.6","0","NULL","7","NULL"
"City of Santa Barbara Police and Fire Pension Fund","7248","20062007","2005-07-01T00:00:00","AON Consulting","1,962,848","836,932","1,125,916","42.6","0","NULL","7","NULL"
"City of Santa Barbara Police and Fire Pension Fund","7248","20052006","2005-07-01T00:00:00","AON Consulting","1,962,848","836,932","1,125,916","42.6","0","NULL","7","NULL"
"City of Santa Barbara Police and Fire Pension Fund","7248","20042005","2003-06-30T00:00:00","Demsey, Filliger & Associates","2,241,869","846,823","1,395,046","37.8","0","NULL","7","NULL"
"City of Santa Barbara Police and Fire Pension Fund","7248","20032004","2003-06-30T00:00:00","Demsey, Filliger & Associates","2,241,869","1,096,631","1,145,238","48.9","0","NULL","7","NULL"
"City of Santa Barbara Police and Fire Pension Fund","7248","20022003","2003-06-30T00:00:00","Demsey, Filliger & Associates","2,308,089","1,380,585","927,504","59.8","0","NULL","7","NULL"
"Civic San Diego Money Purchase Pension Plan","7202","20142015","2015-06-30T00:00:00","Defined Contribution Plan","0",,"0","NULL",,"NULL","NULL","NULL"
"Civic San Diego Money Purchase Pension Plan","7202","20132014","2014-06-30T00:00:00","Defined Contribution Plan",,,"0","NULL",,"NULL","NULL","NULL"
"Civic San Diego Money Purchase Pension Plan","7202","20122013","2013-06-30T00:00:00","Defined Contribution Plan",,,"0","NULL",,"NULL","NULL","NULL"
"Civic San Diego Money Purchase Pension Plan","7202","20112012","2012-06-30T00:00:00","Defined Contribution Plan",,,"0","NULL","3,091,295","NULL","NULL","NULL"
"Civic San Diego Money Purchase Pension Plan","7202","20102011","2011-06-30T00:00:00","Defined Contribution Plan",,,"0","NULL","3,280,034","NULL","NULL","NULL"
"Civic San Diego Money Purchase Pension Plan","7202","20092010","NULL","Defined Contribution Plan",,,"0","NULL","3,434,061","NULL","NULL","NULL"
"Civic San Diego Money Purchase Pension Plan","7202","20082009","NULL","Defined Contribution Plan",,,"0","NULL","3,783,913","NULL","NULL","NULL"
"Civic San Diego Money Purchase Pension Plan","7202","20072008","NULL","Defined Contribution Plan",,,"0","NULL","3,753,888","0","NULL","NULL"
"Civic San Diego Money Purchase Pension Plan","7202","20062007","NULL","n/a",,,"0","NULL","3,544,162","0","NULL","NULL"
"Civic San Diego Money Purchase Pension Plan","7202","20052006","NULL","dcp",,,"0","NULL","3,261,811","0","NULL","NULL"
"Civic San Diego Money Purchase Pension Plan","7202","20042005","NULL","dcp",,,"0","NULL","3,023,903","NULL","NULL","NULL"
"Civic San Diego Money Purchase Pension Plan","7202","20032004","NULL","dcp",,,"0","NULL","3,065,094","NULL","NULL","NULL"
"Civic San Diego Money Purchase Pension Plan","7202","20022003","NULL","dcp",,,"0","NULL","2,672,261","NULL","NULL","NULL"
"Civic San Diego Tax Deferred Annuity Plan","8180","20152016","2016-06-30T00:00:00","Defined Contribution Plan",,,"0","NULL","2,853,078","NULL","NULL","NULL"
"Civic San Diego Tax Deferred Annuity Plan","8180","20142015","2015-06-30T00:00:00","Defined Contribution Plan",,,"0","NULL","2,696,993","NULL","NULL","NULL"
"Civic San Diego Tax Deferred Annuity Plan","8180","20132014","2014-06-30T00:00:00","Defined Contribution Plan",,,"0","NULL","2,528,593","NULL","NULL","NULL"
"Civic San Diego Tax Deferred Annuity Plan","8180","20122013","2013-06-30T00:00:00","Defined Contribution Plan",,,"0","NULL","2,241,603","NULL","NULL","NULL"
"Civic San Diego Tax Deferred Annuity Plan","8180","20112012","2012-06-30T00:00:00","Defined Contribution Plan",,,"0","NULL","3,071,952","NULL","NULL","NULL"
"Civic San Diego Tax Deferred Annuity Plan","8180","20102011","2011-06-30T00:00:00","Defined Contribution Plan",,,"0","NULL","3,280,034","NULL","NULL","NULL"
"Civic San Diego Tax Deferred Annuity Plan","8180","20092010","NULL","Defined Contribution Plan",,,"0","NULL","3,434,061","NULL","NULL","NULL"
"Civic San Diego Tax Deferred Annuity Plan","8180","20082009","NULL","Defined Contribution Plan",,,"0","NULL","3,783,913","NULL","NULL","NULL"
"Civic San Diego Tax Deferred Annuity Plan","8180","20072008","NULL","Defined Contribution Plan",,,"0","NULL","3,714,722","0","NULL","NULL"
"Civic San Diego Tax Deferred Annuity Plan","8180","20052006","NULL","dcp",,,"0","NULL","3,225,361","0","NULL","NULL"
"Civic San Diego Tax Deferred Annuity Plan","8180","20022003","NULL","dcp",,,"0","NULL","2,672,261","NULL","NULL","NULL"
"Contra Costa Water District Retirement Plan","7172","20082009","2009-06-30T00:00:00","Buck Consultants LLC","105,933,000","102,581,000","3,352,000","96.8","26,048,747","12.9","1","NULL"
"Contra Costa County Employees' Retirement Association","7259","20152016","2014-12-31T00:00:00","Segal Consulting","8,027,438,213","6,557,496,101","1,469,942,112","81.7","697,831,837","NULL","1","NULL"
"Contra Costa County Employees' Retirement Association","7259","20142015","2013-12-31T00:00:00","Segal Consulting","7,731,097,407","5,907,416,432","1,823,680,975","76.4","679,428,911","268.4","1","NULL"
"Contra Costa County Employees' Retirement Association","7259","20132014","2012-12-31T00:00:00","The Segal Company","7,761,315,535","5,482,257,062","2,279,058,473","70.6","652,312,178","349.3","1","NULL"
"Contra Costa County Employees' Retirement Association","7259","20122013","2011-12-31T00:00:00","The Segal Company","6,915,311,649","5,426,719,066","1,488,592,583","78.5","666,394,146","223.4","1","NULL"
"Contra Costa County Employees' Retirement Association","7259","20112012","2010-12-31T00:00:00","The Segal Company","6,654,036,801","5,341,821,711","1,312,215,090","80.3","687,443,206","190.9","1","NULL"
"Contra Costa County Employees' Retirement Association","7259","20102011","2009-12-31T00:00:00","The Segal Company","6,314,787,187","5,290,114,102","1,024,673,085","83.8","694,443,999","147.6","1","NULL"
"Contra Costa County Employees' Retirement Association","7259","20092010","2008-12-31T00:00:00","The Segal Company","5,972,471,074","5,282,505,159","689,965,915","88.4","671,817,932","97.9","1","NULL"
"Contra Costa County Employees' Retirement Association","7259","20082009","2007-12-31T00:00:00","The Segal Company","5,581,048,225","5,016,136,535","564,911,690","89.9","671,617,932","84.1","1","NULL"
"Contra Costa County Employees' Retirement Association","7259","20072008","2006-12-31T00:00:00","The Segal Company","5,293,977,010","4,460,871,033","833,105,977","84.3","653,953,163","127.4","1","NULL"
"Contra Costa County Employees' Retirement Association","7259","20062007","2005-12-31T00:00:00","The Segal Company","4,792,428,024","4,062,057,143","730,370,881","84.8","627,546,408","116.4","1","NULL"
"Contra Costa County Employees' Retirement Association","7259","20052006","2004-12-31T00:00:00","The Segal Company","4,481,242,899","3,673,858,074","807,384,825","82","619,132,218","130.4","1","NULL"
"Contra Costa County Employees' Retirement Association","7259","20042005","2003-12-31T00:00:00","The Segal Company","4,141,390,000","3,538,722,000","602,668,000","85.4","600,273,000","100.4","1","NULL"
"Contra Costa County Employees' Retirement Association","7259","20032004","2002-12-31T00:00:00","The Segal Company","3,677,624,000","3,296,736,000","380,888,000","89.6","580,415,000","65.6","1","NULL"
"Contra Costa County Employees' Retirement Association","7259","20022003","2001-12-31T00:00:00","Mercer Human Resources Consulting, Inc.","2,983,551,000","2,613,220,000","370,331,000","87.6","545,875,936","67.8","1","NULL"
"Contra Costa Water District Retirement Plan","7172","20152016","2016-06-30T00:00:00","Bartel Associates, LLC","191,580,000","164,392,000","27,188,000","85.8","28,847,000","94.2","1","NULL"
"Contra Costa Water District Retirement Plan","7172","20142015","2015-06-30T00:00:00","Bartel Associates, LLC","176,013,000","154,251,000","21,762,000","87.6","27,700,000","77.3","1","NULL"
"Home Gardens Sanitary District Pension Plan","7157","20072008","NULL","dcp",,,"0","NULL","96,504","NULL","NULL","NULL"
"Contra Costa Water District Retirement Plan","7172","20132014","2014-06-30T00:00:00","Bartel Associates, LLC","164,326,000","140,843,000","23,483,000","85.7","27,617,000","85","1","NULL"
"Contra Costa Water District Retirement Plan","7172","20122013","2013-06-30T00:00:00","Buck Consultants","152,849,000","126,095,000","26,754,000","82.5","27,375,383","97.7","1","NULL"
"Contra Costa Water District Retirement Plan","7172","20112012","2012-06-30T00:00:00","Buck Consultants","138,161,000","104,867,000","33,294,000","75.9","27,603,743","120.6","1","NULL"
"Contra Costa Water District Retirement Plan","7172","20102011","2011-06-30T00:00:00","Buck Consultants","122,542,000","105,067,000","17,475,000","85.7","27,893,346","62.6","1","NULL"
"Contra Costa Water District Retirement Plan","7172","20092010","2010-06-30T00:00:00","Buck Consultants LLC","113,841,000","102,277,000","11,564,000","89.8","26,769,171","43.2","1","NULL"
"Contra Costa Water District Retirement Plan","7172","20072008","2008-06-30T00:00:00","Buck Consultants LLC","103,699,000","101,765,000","1,934,000","98.1","24,578,221","7.9","1","NULL"
"Contra Costa Water District Retirement Plan","7172","20062007","2007-06-30T00:00:00","Buck Consultants","95,166,000","93,937,000","1,229,000","98.7","22,990,702","5.3","1","NULL"
"Contra Costa Water District Retirement Plan","7172","20052006","2006-06-30T00:00:00","Mellon Consultants","88,926,000","83,533,000","5,393,000","93.9","23,033,809","23.4","1","NULL"
"Contra Costa Water District Retirement Plan","7172","20042005","2004-06-30T00:00:00","Mellon Consultants","77,667,000","75,560,000","2,107,000","97.3","21,650,631","9.7","1","Entry Age"
"Contra Costa Water District Retirement Plan","7172","20032004","2004-06-30T00:00:00","Mellon Consultants","77,667,000","75,560,000","2,107,000","97.3","21,650,631","9.7","1","NULL"
"Contra Costa Water District Retirement Plan","7172","20022003","2003-06-30T00:00:00","Mellon Consultants, Inc.","71,614,000","72,447,000","-833,000","101.2","21,308,090","-3.9","1","NULL"
"Corcoran Irrigation District Money Purchase Pension Plan","7191","20152016","NULL","DCP",,,"0","NULL","674,834","NULL","NULL","NULL"
"Corcoran Irrigation District Money Purchase Pension Plan","7191","20142015","NULL","DCP",,,"0","NULL","655,037","NULL","NULL","NULL"
"Corcoran Irrigation District Money Purchase Pension Plan","7191","20132014","NULL","DCP",,,"0","NULL","657,266","NULL","NULL","NULL"
"Corcoran Irrigation District Money Purchase Pension Plan","7191","20122013","NULL","DCP",,,"0","NULL","568,521","NULL","NULL","NULL"
"Corcoran Irrigation District Money Purchase Pension Plan","7191","20112012","NULL","DCP",,,"0","NULL","566,916","NULL","NULL","NULL"
"Corcoran Irrigation District Money Purchase Pension Plan","7191","20102011","NULL","DCP",,,"0","NULL","571,595","NULL","NULL","NULL"
"Corcoran Irrigation District Money Purchase Pension Plan","7191","20092010","NULL","DCP",,,"0","NULL","456,048","NULL","NULL","NULL"
"Corcoran Irrigation District Money Purchase Pension Plan","7191","20082009","NULL","DCP",,,"0","NULL","372,025","NULL","NULL","NULL"
"Corcoran Irrigation District Money Purchase Pension Plan","7191","20072008","NULL","dcp",,,"0","NULL","390,266","NULL","NULL","NULL"
"Corcoran Irrigation District Money Purchase Pension Plan","7191","20062007","NULL","dcp",,,"0","NULL","350,451","NULL","NULL","NULL"
"Corcoran Irrigation District Money Purchase Pension Plan","7191","20052006","NULL","dcp",,,"0","NULL","330,442","NULL","NULL","NULL"
"Corcoran Irrigation District Money Purchase Pension Plan","7191","20042005","NULL","dcp",,,"0","NULL","318,953","0","NULL","NULL"
"Corcoran Irrigation District Money Purchase Pension Plan","7191","20032004","NULL","DCP",,,"0","NULL","347,390","NULL","NULL","NULL"
"Corcoran Irrigation District Money Purchase Pension Plan","7191","20022003","2002-12-31T00:00:00","dcp",,,"0","NULL","364,771","NULL","NULL","NULL"
"County Of San Diego IHSS Public Authority Pension Plan","9555","20152016","NULL","dcp",,,"0","NULL","2,543,423","NULL","NULL","NULL"
"County Of San Diego IHSS Public Authority Pension Plan","9555","20142015","NULL","dcp",,,"0","NULL","2,606,216","NULL","NULL","NULL"
"County Of San Diego IHSS Public Authority Pension Plan","9555","20132014","NULL","dcp",,,"0","NULL","2,417,005","NULL","NULL","NULL"
"County Of San Diego IHSS Public Authority Pension Plan","9555","20122013","NULL","dcp",,,"0","NULL","2,349,070","NULL","NULL","NULL"
"County Of San Diego IHSS Public Authority Pension Plan","9555","20112012","NULL","dcp",,,"0","NULL","2,188,367","NULL","NULL","NULL"
"County Of San Diego IHSS Public Authority Pension Plan","9555","20102011","NULL","dcp",,,"0","NULL","2,138,668","NULL","NULL","NULL"
"County Of San Diego IHSS Public Authority Pension Plan","9555","20092010","NULL","dcp",,,"0","NULL","1,961,609","NULL","NULL","NULL"
"County Of San Diego IHSS Public Authority Pension Plan","9555","20082009","NULL","dcp",,,"0","NULL","1,803,569","NULL","NULL","NULL"
"County Of San Diego IHSS Public Authority Pension Plan","9555","20072008","NULL","dcp",,,"0","NULL","1,786,920","NULL","NULL","NULL"
"County Of San Diego IHSS Public Authority Pension Plan","9555","20062007","NULL","DCP",,,"0","NULL","1,589,340","0","NULL","NULL"
"County Of San Diego IHSS Public Authority Pension Plan","9555","20052006","NULL","DCP",,,"0","NULL","1,578,959","NULL","NULL","NULL"
"Desert Hospital Retirement Protection Plan","7398","20152016","2016-06-30T00:00:00","Nyhart","11,568,940","1,924,238","9,644,702","16.6","0","NULL","1","NULL"
"Desert Hospital Retirement Protection Plan","7398","20142015","2015-06-30T00:00:00","Nyhart","10,179,205","2,405,256","7,773,949","23.6","0","NULL","1","NULL"
"Desert Hospital Retirement Protection Plan","7398","20132014","2013-06-30T00:00:00","Nyhart","10,603,012","2,656,607","7,946,405","25.1","0","NULL","1","NULL"
"Desert Hospital Retirement Protection Plan","7398","20122013","2013-06-30T00:00:00","Nyhart Epler","7,357,700","2,797,614","4,560,086","38","0","NULL","5","NULL"
"Desert Hospital Retirement Protection Plan","7398","20112012","2011-06-30T00:00:00","The Epler Co.","7,921,342","3,522,125","4,399,217","44.5","0","NULL","5","NULL"
"Desert Hospital Retirement Protection Plan","7398","20102011","2011-06-30T00:00:00","The Epler Company","7,921,342","3,522,125","4,399,217","44.5","0","NULL","5","NULL"
"Desert Hospital Retirement Protection Plan","7398","20092010","2009-06-30T00:00:00","The Epler Company","9,141,403","3,351,366","5,790,037","36.7","0","NULL","5","NULL"
"Desert Hospital Retirement Protection Plan","7398","20082009","2009-06-30T00:00:00","The Epler Company","9,141,403","3,351,366","5,790,037","36.7","0","NULL","5","NULL"
"Desert Hospital Retirement Protection Plan","7398","20072008","2008-06-30T00:00:00","The Epler Company","9,312,581","4,552,074","4,760,507","48.9","0","NULL","5","NULL"
"Desert Hospital Retirement Protection Plan","7398","20062007","2006-06-30T00:00:00","The Epler Company","9,566,663","5,236,383","4,330,280","54.7","0","NULL","5","NULL"
"Desert Hospital Retirement Protection Plan","7398","20052006","2006-06-30T00:00:00","Epler Company","9,566,663","5,236,383","4,330,280","54.7","0","NULL","5","NULL"
"Desert Hospital Retirement Protection Plan","7398","20042005","2003-06-30T00:00:00","Epler Company","7,392,019","6,474,884","917,135","87.6","0","NULL","5","NULL"
"Desert Hospital Retirement Protection Plan","7398","20032004","2003-06-30T00:00:00","Epler Company","7,392,019","6,474,884","917,135","87.6","0","NULL","5","NULL"
"Desert Hospital Retirement Protection Plan","7398","20022003","2003-06-30T00:00:00","Epler Company","7,392,019","6,474,884","917,135","87.6","0","NULL","5","NULL"
"East Bay Municipal Utility District Employees' Retirement System","7168","20152016","2015-06-30T00:00:00","The Segal Company","1,845,912,285","1,327,113,322","518,798,963","71.9","175,928,000","294.8","1","NULL"
"East Bay Municipal Utility District Employees' Retirement System","7168","20142015","2014-06-30T00:00:00","The Segal Company","1,756,706,400","1,210,321,029","546,385,371","68.9","167,380,000","326.4","1","NULL"
"East Bay Municipal Utility District Employees' Retirement System","7168","20132014","2013-06-30T00:00:00","The Segal Company","1,646,534,000","1,095,847,000","550,687,000","66.6","159,961,000","344.3","1","NULL"
"East Bay Municipal Utility District Employees' Retirement System","7168","20122013","2012-06-30T00:00:00","The Segal Company","1,556,696,000","1,021,546,000","535,150,000","65.6","154,136,000","347.2","1","NULL"
"East Bay Municipal Utility District Employees' Retirement System","7168","20112012","2011-06-30T00:00:00","The Segal Company","1,446,038,000","954,719,000","491,319,000","66","156,668,000","313.6","1","NULL"
"East Bay Municipal Utility District Employees' Retirement System","7168","20102011","2010-06-30T00:00:00","The Segal Company","1,396,003,000","915,845,000","480,158,000","65.6","158,482,000","303","1","NULL"
"East Bay Municipal Utility District Employees' Retirement System","7168","20092010","2009-06-30T00:00:00","The Segal Company","1,323,555,000","862,021,000","461,534,000","65.1","158,845,000","285.1","1","NULL"
"East Bay Municipal Utility District Employees' Retirement System","7168","20082009","2008-06-30T00:00:00","Segal Group","1,244,993,000","900,917,000","344,076,000","72.4","158,775,000","216.7","1","NULL"
"East Bay Municipal Utility District Employees' Retirement System","7168","20072008","2007-06-30T00:00:00","Segal Group","1,126,105,711","827,097,557","299,008,154","73.4","153,394,000","194.9","1","NULL"
"East Bay Municipal Utility District Employees' Retirement System","7168","20062007","2007-06-30T00:00:00","The Segal Company","1,126,105,711","827,097,557","299,008,154","73.4","153,394,000","194.9","1","NULL"
"Glenn-Colusa Irrigation District Pension Plan","7190","20142015","NULL","NULL","0",,"0","NULL",,"NULL","NULL","NULL"
"East Bay Municipal Utility District Employees' Retirement System","7168","20052006","2006-06-30T00:00:00","Buck Consultants","1,039,750,000","740,622,000","299,128,000","71.2","140,371,000","210.1","1","NULL"
"Home Gardens Sanitary District Pension Plan","7157","20052006","NULL","dcp",,,"0","NULL","92,167","0","NULL","NULL"
"East Bay Municipal Utility District Employees' Retirement System","7168","20042005","2004-06-30T00:00:00","Mellon Consultants","886,663,000","662,387,000","224,276,000","74.7","138,259,000","162.2","1","NULL"
"East Bay Municipal Utility District Employees' Retirement System","7168","20032004","2004-06-30T00:00:00","Mellon Consultants","886,663,000","662,387,000","224,276,000","74.7","138,585,000","163.5","1","NULL"
"East Bay Municipal Utility District Employees' Retirement System","7168","20022003","2003-06-30T00:00:00","Buck Consultants","838,385,000","639,382,000","199,003,000","76.3","133,678,000","148.9","1","NULL"
"Eastern Sierra Community Service District Money Purchase Pension Plan","7145","20152016","NULL","N/A",,,"0","NULL","347,987","NULL","NULL","NULL"
"Eastern Sierra Community Service District Money Purchase Pension Plan","7145","20142015","NULL","NA",,,"0","NULL","328,438","0","NULL","NULL"
"Eastern Sierra Community Service District Money Purchase Pension Plan","7145","20132014","NULL","N/A",,,"0","NULL","323,914","0","NULL","NULL"
"Eastern Sierra Community Service District Money Purchase Pension Plan","7145","20122013","NULL","BTS",,,"0","NULL","310,829","NULL","NULL","NULL"
"Eastern Sierra Community Service District Money Purchase Pension Plan","7145","20112012","NULL","dcp",,,"0","NULL","310,829","NULL","NULL","NULL"
"Eastern Sierra Community Service District Money Purchase Pension Plan","7145","20102011","NULL","BTS",,,"0","NULL","310,340","NULL","NULL","NULL"
"Eastern Sierra Community Service District Money Purchase Pension Plan","7145","20092010","NULL","dcp",,,"0","NULL","300,703","NULL","NULL","NULL"
"Eastern Sierra Community Service District Money Purchase Pension Plan","7145","20082009","NULL","dcp",,,"0","NULL","290,238","NULL","NULL","NULL"
"Eastern Sierra Community Service District Money Purchase Pension Plan","7145","20072008","NULL","dcp",,,"0","NULL","277,604","NULL","NULL","NULL"
"Eastern Sierra Community Service District Money Purchase Pension Plan","7145","20062007","NULL","dcp",,,"0","NULL","264,073","NULL","NULL","NULL"
"Eastern Sierra Community Service District Money Purchase Pension Plan","7145","20052006","NULL","Defined Contribution Plan",,,"0","NULL","250,701","NULL","NULL","NULL"
"Eastern Sierra Community Service District Money Purchase Pension Plan","7145","20042005","NULL","Defined Contribution Plan",,,"0","NULL","276,323","NULL","NULL","NULL"
"Eastern Sierra Community Service District Money Purchase Pension Plan","7145","20032004","NULL","DCP",,,"0","NULL","247,102","NULL","NULL","NULL"
"Eastern Sierra Community Service District Money Purchase Pension Plan","7145","20022003","NULL","DCP",,,"0","NULL","241,106","NULL","NULL","NULL"
"El Nido Irrigation District Money Purchase Pension and Trust","7194","20062007","NULL","dcp",,,"0","NULL",,"NULL","NULL","NULL"
"El Nido Irrigation District Money Purchase Pension and Trust","7194","20052006","NULL","dcp",,,"0","NULL",,"NULL","NULL","NULL"
"El Nido Irrigation District Money Purchase Pension and Trust","7194","20042005","NULL","DCP",,,"0","NULL","32,925","NULL","NULL","NULL"
"El Nido Irrigation District Money Purchase Pension and Trust","7194","20032004","NULL","DCP",,,"0","NULL","79,113","NULL","NULL","NULL"
"El Nido Irrigation District Money Purchase Pension and Trust","7194","20022003","NULL","DCP",,,"0","NULL","75,813","NULL","NULL","NULL"
"Exeter Irrigation District Employees' Money Purchase Pension Plan","7196","20152016","2015-12-31T00:00:00","NULL",,,"0","NULL","249,056","NULL","NULL","NULL"
"Exeter Irrigation District Employees' Money Purchase Pension Plan","7196","20142015","2014-12-31T00:00:00","NULL",,,"0","NULL","296,593","NULL","NULL","NULL"
"Exeter Irrigation District Employees' Money Purchase Pension Plan","7196","20132014","2013-12-31T00:00:00","NULL",,,"0","NULL","281,100","NULL","NULL","NULL"
"Exeter Irrigation District Employees' Money Purchase Pension Plan","7196","20122013","2012-12-31T00:00:00","NULL",,,"0","NULL","229,817","NULL","NULL","NULL"
"Exeter Irrigation District Employees' Money Purchase Pension Plan","7196","20112012","NULL","NULL",,,"0","NULL","240,428","NULL","NULL","NULL"
"Exeter Irrigation District Employees' Money Purchase Pension Plan","7196","20102011","NULL","NULL",,,"0","NULL","225,290","NULL","NULL","NULL"
"Exeter Irrigation District Employees' Money Purchase Pension Plan","7196","20092010","NULL","NULL","0","0","0","NULL","222,280","NULL","NULL","NULL"
"Exeter Irrigation District Employees' Money Purchase Pension Plan","7196","20082009","NULL","NULL",,,"0","NULL","216,001","0","NULL","NULL"
"Exeter Irrigation District Employees' Money Purchase Pension Plan","7196","20072008","NULL","NULL",,,"0","NULL","208,414","NULL","NULL","NULL"
"Exeter Irrigation District Employees' Money Purchase Pension Plan","7196","20062007","NULL","NULL",,,"0","NULL","208,065","NULL","NULL","NULL"
"Exeter Irrigation District Employees' Money Purchase Pension Plan","7196","20052006","NULL","NULL",,,"0","NULL","193,320","0","NULL","NULL"
"Exeter Irrigation District Employees' Money Purchase Pension Plan","7196","20042005","NULL","NULL",,,"0","NULL","186,220","0","NULL","NULL"
"Exeter Irrigation District Employees' Money Purchase Pension Plan","7196","20032004","NULL","NULL",,,"0","NULL","204,485","0","NULL","NULL"
"Exeter Irrigation District Employees' Money Purchase Pension Plan","7196","20022003","NULL","DCP",,,"0","NULL","201,480","NULL","NULL","NULL"
"Fresno County Employees' Retirement Association","7260","20152016","2014-06-30T00:00:00","Segal Consulting","4,876,754,000","3,824,221,000","1,052,533,000","78.4","373,774,000","281.5","1","NULL"
"Fresno County Employees' Retirement Association","7260","20142015","2013-06-30T00:00:00","Segal Consulting","4,694,780,000","3,518,982,000","1,175,798,000","75","370,079,000","317.7","1","NULL"
"Fresno County Employees' Retirement Association","7260","20132014","2012-06-30T00:00:00","The Segal Company","4,345,402,000","3,305,045,000","1,040,357,000","76.1","365,596,000","284.5","1","NULL"
"Fresno County Employees' Retirement Association","7260","20122013","2011-06-30T00:00:00","The Segal Company","4,237,961,000","3,114,483,000","1,123,478,000","73.5","398,976,000","281.6","1","NULL"
"Fresno County Employees' Retirement Association","7260","20112012","2010-06-30T00:00:00","The Segal Company","4,092,464,000","2,983,044,000","1,109,420,000","72.9","408,861,000","271.3","1","NULL"
"Fresno County Employees' Retirement Association","7260","20102011","2009-06-30T00:00:00","The Segal Company","3,644,743,000","2,864,956,000","779,787,000","78.6","422,519,000","184.6","1","NULL"
"Fresno County Employees' Retirement Association","7260","20092010","2008-06-30T00:00:00","The Segal Company","3,429,990,000","2,812,423,000","617,567,000","82","424,084,000","145.6","1","NULL"
"Fresno County Employees' Retirement Association","7260","20082009","2007-06-30T00:00:00","The Segal Company","3,149,570,000","2,610,269,000","539,301,000","82.9","404,277,000","133.4","1","NULL"
"Fresno County Employees' Retirement Association","7260","20072008","2006-06-30T00:00:00","The Segal Company","2,803,990,000","2,398,454,000","405,536,000","85.5","376,270,000","107.8","1","NULL"
"Fresno County Employees' Retirement Association","7260","20062007","2006-06-30T00:00:00","The Segal Company","2,803,990,000","2,398,454,407","405,535,593","85.5","376,270,081","107.8","1","NULL"
"Fresno County Employees' Retirement Association","7260","20052006","2005-06-30T00:00:00","Public Pension Professionals, Inc.","2,545,620,000","2,337,311,000","208,309,000","91.8","351,049,185","59.3","1","NULL"
"Fresno County Employees' Retirement Association","7260","20042005","2003-06-30T00:00:00","Public Pension Professionals, Inc.","1,953,490,000","1,922,149,000","31,341,000","98.4","341,981,000","9.2","1","NULL"
"Fresno County Employees' Retirement Association","7260","20032004","2003-06-30T00:00:00","Public Pension Professionals, Inc.","1,953,490,000","1,922,149,000","31,341,000","98.4","319,225,779","9.8","1","NULL"
"Fresno Metropolitan Flood Control District Money Purchase Pension Plan","8618","20042005","NULL","dcp",,,"0","NULL","3,355,610","NULL","NULL","NULL"
"Fresno County Employees' Retirement Association","7260","20022003","2002-06-30T00:00:00","Public Pension Professionals, Inc.","1,932,300,000","1,674,900,000","257,400,000","86.7","330,118,583","78.7","1","NULL"
"Fresno Irrigation District Employee Money Purchase Plan","7188","20152016","NULL","Defined Contribution Plan",,,"0","0","4,506,251","0","5","NULL"
"Fresno Irrigation District Employee Money Purchase Plan","7188","20142015","NULL","Defined Contribution Plan",,,"0","0","4,227,938","0","5","NULL"
"Fresno Irrigation District Employee Money Purchase Plan","7188","20132014","NULL","Defined Contribution Plan",,,"0","0","4,210,071","0","5","NULL"
"Fresno Irrigation District Employee Money Purchase Plan","7188","20122013","NULL","Defined Contribution Plan","1",,"1","0","4,365,579","0","5","NULL"
"Fresno Irrigation District Employee Money Purchase Plan","7188","20112012","2011-01-01T00:00:00","DCP","6,457,675","500,063","5,957,612","7.7","4,336,115","137.4","5","NULL"
"Fresno Irrigation District Employee Money Purchase Plan","7188","20102011","NULL","DCP",,,"0","NULL","4,503,942","NULL","NULL","NULL"
"Fresno Irrigation District Employee Money Purchase Plan","7188","20092010","NULL","DCP",,,"0","NULL","4,281,410","0","NULL","NULL"
"Fresno Irrigation District Employee Money Purchase Plan","7188","20082009","NULL","DCP",,,"0","NULL","3,879,017","NULL","NULL","NULL"
"Fresno Irrigation District Employee Money Purchase Plan","7188","20072008","NULL","DCP",,,"0","NULL","3,593,456","NULL","NULL","NULL"
"Fresno Irrigation District Employee Money Purchase Plan","7188","20062007","NULL","DCP",,,"0","NULL","3,681,227","NULL","NULL","NULL"
"Fresno Irrigation District Employee Money Purchase Plan","7188","20052006","NULL","DCP",,,"0","NULL","3,468,177","NULL","NULL","NULL"
"Fresno Irrigation District Employee Money Purchase Plan","7188","20042005","NULL","DCP",,,"0","NULL","3,148,347","NULL","NULL","NULL"
"Fresno Irrigation District Employee Money Purchase Plan","7188","20032004","NULL","DCP",,,"0","NULL","2,983,405","0","NULL","NULL"
"Fresno Irrigation District Employee Money Purchase Plan","7188","20022003","NULL","DCP",,,"0","NULL","2,960,045","NULL","NULL","NULL"
"Fresno Metropolitan Flood Control District Money Purchase Pension Plan","8618","20152016","NULL","Defined Contribution Plan",,,"0","NULL","5,588,859","NULL","NULL","NULL"
"Fresno Metropolitan Flood Control District Money Purchase Pension Plan","8618","20142015","NULL","Defined Contribution Plan",,,"0","NULL","5,473,125","NULL","NULL","NULL"
"Fresno Metropolitan Flood Control District Money Purchase Pension Plan","8618","20132014","NULL","Defined Contribution Plan",,,"0","NULL","5,411,585","NULL","NULL","NULL"
"Fresno Metropolitan Flood Control District Money Purchase Pension Plan","8618","20122013","NULL","Defined Contribution Plan",,,"0","NULL","5,411,560","NULL","NULL","NULL"
"Fresno Metropolitan Flood Control District Money Purchase Pension Plan","8618","20112012","NULL","DCP",,,"0","NULL","5,278,290","0","NULL","NULL"
"Fresno Metropolitan Flood Control District Money Purchase Pension Plan","8618","20102011","NULL","DCP",,,"0","NULL","6,405,597","NULL","NULL","NULL"
"Fresno Metropolitan Flood Control District Money Purchase Pension Plan","8618","20092010","NULL","DCP",,,"0","NULL","5,001,494","NULL","NULL","NULL"
"Fresno Metropolitan Flood Control District Money Purchase Pension Plan","8618","20082009","NULL","dcp",,,"0","NULL","4,337,027","NULL","NULL","NULL"
"Fresno Metropolitan Flood Control District Money Purchase Pension Plan","8618","20072008","NULL","dcp",,,"0","NULL","3,933,818","0","NULL","NULL"
"Fresno Metropolitan Flood Control District Money Purchase Pension Plan","8618","20062007","NULL","NULL",,,"0","NULL","3,328,915","0","NULL","NULL"
"Fresno Metropolitan Flood Control District Money Purchase Pension Plan","8618","20052006","NULL","dcp",,,"0","NULL","3,450,164","NULL","NULL","NULL"
"Fresno Metropolitan Flood Control District Money Purchase Pension Plan","8618","20032004","NULL","dcp",,,"0","NULL","3,077,688","NULL","NULL","NULL"
"Fresno Metropolitan Flood Control District Money Purchase Pension Plan","8618","20022003","NULL","dcp",,,"0","NULL","2,785,738","NULL","NULL","NULL"
"Glenn-Colusa Irrigation District Pension Plan","7190","20152016","NULL","NULL",,,"0","NULL","0","NULL","NULL","NULL"
"Glenn-Colusa Irrigation District Pension Plan","7190","20132014","NULL","NULL",,,"0","NULL","3,489,316","0","NULL","NULL"
"Glenn-Colusa Irrigation District Pension Plan","7190","20122013","NULL","NULL",,,"0","NULL","3,449,663","0","NULL","NULL"
"Glenn-Colusa Irrigation District Pension Plan","7190","20112012","NULL","dcp",,,"0","NULL","3,565,116","NULL","NULL","NULL"
"Glenn-Colusa Irrigation District Pension Plan","7190","20102011","NULL","dcp",,,"0","NULL","3,499,947","NULL","NULL","NULL"
"Glenn-Colusa Irrigation District Pension Plan","7190","20092010","NULL","dcp",,,"0","NULL","3,340,274","NULL","NULL","NULL"
"Glenn-Colusa Irrigation District Pension Plan","7190","20082009","NULL","dcp",,,"0","NULL","3,156,621","NULL","NULL","NULL"
"Glenn-Colusa Irrigation District Pension Plan","7190","20072008","NULL","dcp",,,"0","NULL","3,026,295","NULL","NULL","NULL"
"Glenn-Colusa Irrigation District Pension Plan","7190","20062007","NULL","dcp",,,"0","NULL","2,949,642","NULL","NULL","NULL"
"Glenn-Colusa Irrigation District Pension Plan","7190","20052006","NULL","dcp",,,"0","NULL","2,883,811","NULL","NULL","NULL"
"Glenn-Colusa Irrigation District Pension Plan","7190","20042005","NULL","dcp",,,"0","NULL","2,720,958","NULL","NULL","NULL"
"Glenn-Colusa Irrigation District Pension Plan","7190","20032004","NULL","dcp",,,"0","NULL","2,534,713","NULL","NULL","NULL"
"Glenn-Colusa Irrigation District Pension Plan","7190","20022003","NULL","dcp",,,"0","NULL",,"NULL","NULL","NULL"
"Golden Gate Transit District Amalgamated Retirement Plan","7144","20152016","2015-01-01T00:00:00","Cheiron EFI","159,256,343","111,624,209","47,632,134","70.1","22,050,158","216","1","NULL"
"Golden Gate Transit District Amalgamated Retirement Plan","7144","20142015","2013-01-01T00:00:00","Cheiron EFI","149,695,028","102,670,728","47,024,300","68.6","21,166,280","222.1","1","NULL"
"Home Gardens Sanitary District Pension Plan","7157","20042005","NULL","dcp",,,"0","NULL","90,442","NULL","NULL","NULL"
"Golden Gate Transit District Amalgamated Retirement Plan","7144","20132014","2013-01-01T00:00:00","Cheiron EFI","149,695,028","102,670,728","47,024,300","68.6","21,395,759","219.7","1","NULL"
"Golden Gate Transit District Amalgamated Retirement Plan","7144","20122013","2013-01-01T00:00:00","Cheiron","149,695,028","102,670,728","47,024,300","68.6","20,886,904","225.1","1","NULL"
"Golden Gate Transit District Amalgamated Retirement Plan","7144","20112012","2011-01-01T00:00:00","Milliman USA","143,140,197","97,961,812","45,178,385","68.4","19,765,535","228.6","1","NULL"
"Golden Gate Transit District Amalgamated Retirement Plan","7144","20102011","2010-01-01T00:00:00","Millman USA","138,936,378","105,633,839","33,302,539","76","19,980,652","166.7","1","NULL"
"Golden Gate Transit District Amalgamated Retirement Plan","7144","20092010","2010-01-01T00:00:00","Milliman USA","138,936,378","105,633,839","33,302,539","76","19,965,307","158.8","1","NULL"
"Golden Gate Transit District Amalgamated Retirement Plan","7144","20082009","2009-01-01T00:00:00","Milliman USA","136,011,000","103,202,000","32,809,000","75.9","19,246,653","154.9","1","NULL"
"Golden Gate Transit District Amalgamated Retirement Plan","7144","20072008","2007-01-01T00:00:00","Milliman USA","126,318,000","123,189,000","3,129,000","97.5","18,776,000","16.7","1","NULL"
"Golden Gate Transit District Amalgamated Retirement Plan","7144","20062007","2007-01-01T00:00:00","Milliman USA","126,318,000","123,189,000","3,129,000","97.5","17,825,000","16.7","1","NULL"
"Golden Gate Transit District Amalgamated Retirement Plan","7144","20052006","2006-01-01T00:00:00","Milliman USA","122,198,000","117,796,000","4,402,000","96.4","18,175,000","24.2","1","NULL"
"Home Gardens Sanitary District Pension Plan","7157","20022003","NULL","dcp",,,"0","NULL","47,700","NULL","NULL","NULL"
"Golden Gate Transit District Amalgamated Retirement Plan","7144","20042005","2005-01-01T00:00:00","Milliman USA","120,251,000","115,857,000","4,394,000","96.3","20,249,000","21.7","1","NULL"
"Golden Gate Transit District Amalgamated Retirement Plan","7144","20032004","2004-01-01T00:00:00","Milliman USA","118,371,000","112,137,000","6,234,000","94.7","22,952,000","27.2","1","NULL"
"Golden Gate Transit District Amalgamated Retirement Plan","7144","20022003","2002-01-01T00:00:00","Milliman USA","113,349,000","111,546,000","1,803,000","98.4","23,660,000","7.6","1","NULL"
"Grossmont-Cuyamaca Community College District Pension Eligible Alternative Plan","8735","20132014","NULL","NULL",,,"0","NULL","0","NULL","NULL","NULL"
"Grossmont-Cuyamaca Community College District Pension Eligible Alternative Plan","8735","20122013","NULL","NULL",,,"0","NULL","5,444,926","0","NULL","NULL"
"Grossmont-Cuyamaca Community College District Pension Eligible Alternative Plan","8735","20112012","NULL","dcp",,,"0","NULL","5,968,453","NULL","NULL","NULL"
"Grossmont-Cuyamaca Community College District Pension Eligible Alternative Plan","8735","20102011","NULL","dcp",,,"0","NULL","6,333,627","NULL","NULL","NULL"
"Grossmont-Cuyamaca Community College District Pension Eligible Alternative Plan","8735","20092010","NULL","dcp",,,"0","NULL","5,808,160","NULL","NULL","NULL"
"Grossmont-Cuyamaca Community College District Pension Eligible Alternative Plan","8735","20082009","NULL","dcp",,,"0","NULL","7,148,267","NULL","NULL","NULL"
"Grossmont-Cuyamaca Community College District Pension Eligible Alternative Plan","8735","20072008","NULL","n/a defined contribution plan",,,"0","NULL","6,677,387","NULL","NULL","NULL"
"Grossmont-Cuyamaca Community College District Pension Eligible Alternative Plan","8735","20062007","NULL","N/A - Plan Type is Defined Contribution",,,"0","NULL","6,348,000","NULL","NULL","NULL"
"Grossmont-Cuyamaca Community College District Pension Eligible Alternative Plan","8735","20052006","NULL","n/a",,,"0","NULL","5,790,133","NULL","NULL","NULL"
"Grossmont-Cuyamaca Community College District Pension Eligible Alternative Plan","8735","20042005","NULL","N/A",,,"0","NULL","5,616,406","NULL","NULL","NULL"
"La Canada Irrigation District Employees' Pension Plan","7192","20092010","NULL","NULL",,,"0","NULL","509,316","NULL","NULL","NULL"
"Grossmont-Cuyamaca Community College District Pension Eligible Alternative Plan","8735","20032004","NULL","N/A",,,"0","NULL","5,632,987","NULL","NULL","NULL"
"Grossmont-Cuyamaca Community College District Pension Eligible Alternative Plan","8735","20022003","NULL","DCP",,,"0","NULL","5,572,556","NULL","NULL","NULL"
"Home Gardens Sanitary District Pension Plan","7157","20152016","NULL","NULL",,,"0","NULL","119,748","NULL","1","NULL"
"Home Gardens Sanitary District Pension Plan","7157","20142015","NULL","NULL",,,"0","NULL","119,748","NULL","1","NULL"
"Home Gardens Sanitary District Pension Plan","7157","20132014","NULL","DCP",,,"0","NULL","119,748","NULL","1","NULL"
"Home Gardens Sanitary District Pension Plan","7157","20122013","NULL","NULL",,,"0","NULL","116,256","0","NULL","NULL"
"Home Gardens Sanitary District Pension Plan","7157","20112012","NULL","dcp",,,"0","NULL","112,875","NULL","NULL","NULL"
"Home Gardens Sanitary District Pension Plan","7157","20102011","NULL","dcp",,,"0","NULL","109,587","NULL","NULL","NULL"
"Home Gardens Sanitary District Pension Plan","7157","20092010","NULL","dcp",,,"0","NULL","106,395","NULL","NULL","NULL"
"Home Gardens Sanitary District Pension Plan","7157","20032004","NULL","N/A",,,"0","NULL","47,700","NULL","NULL","NULL"
"Housing Authority of the County of Tulare Defined Contribution Pension Plan","8595","20152016","NULL","DCP",,,"0","NULL","4,516,399","NULL","NULL","NULL"
"Housing Authority of the County of Tulare Defined Contribution Pension Plan","8595","20142015","NULL","DCP",,,"0","NULL","4,291,428","NULL","NULL","NULL"
"Housing Authority of the County of Tulare Defined Contribution Pension Plan","8595","20132014","NULL","DCP",,,"0","NULL","4,069,261","NULL","NULL","NULL"
"Housing Authority of the County of Tulare Defined Contribution Pension Plan","8595","20122013","NULL","DCP",,,"0","NULL","3,837,832","NULL","NULL","NULL"
"Housing Authority of the County of Tulare Defined Contribution Pension Plan","8595","20112012","NULL","dcp",,,"0","NULL","4,726,708","NULL","NULL","NULL"
"Housing Authority of the County of Tulare Defined Contribution Pension Plan","8595","20102011","NULL","dcp",,,"0","NULL","4,475,147","NULL","NULL","NULL"
"Housing Authority of the County of Tulare Defined Contribution Pension Plan","8595","20092010","2010-01-01T00:00:00","Nicolay Consulting",,,"0","NULL","3,370,887","NULL","NULL","NULL"
"Housing Authority of the County of Tulare Defined Contribution Pension Plan","8595","20082009","2008-12-31T00:00:00","ICMA",,,"0","NULL","4,014,488","NULL","NULL","NULL"
"Housing Authority of the County of Tulare Defined Contribution Pension Plan","8595","20072008","2007-12-31T00:00:00","DCP",,,"0","NULL","3,507,403","NULL","NULL","NULL"
"Housing Authority of the County of Tulare Defined Contribution Pension Plan","8595","20062007","NULL","dcp",,,"0","NULL","3,462,885","0","NULL","NULL"
"Housing Authority of the County of Tulare Defined Contribution Pension Plan","8595","20052006","NULL","dcp",,,"0","NULL","3,524,191","NULL","NULL","NULL"
"Housing Authority of the County of Tulare Defined Contribution Pension Plan","8595","20042005","NULL","dcp",,,"0","NULL","3,518,634","NULL","NULL","NULL"
"Housing Authority of the County of Tulare Defined Contribution Pension Plan","8595","20032004","NULL","DCP",,,"0","NULL","3,243,056","NULL","NULL","NULL"
"Housing Authority of the County of Tulare Defined Contribution Pension Plan","8595","20022003","NULL","DCP",,,"0","NULL","2,134,000","NULL","NULL","NULL"
"Imperial County Employees' Retirement System","7261","20152016","2016-06-30T00:00:00","The Segal Company","816,442,000","737,506,000","78,936,000","90.3","115,443,000","68.3","1","NULL"
"Imperial County Employees' Retirement System","7261","20142015","2015-06-30T00:00:00","The Segal Company","782,840,000","704,758,000","78,082,000","90","112,465,000","69.4","1","NULL"
"Imperial County Employees' Retirement System","7261","20132014","2014-06-30T00:00:00","The Segal Company","741,242,000","659,148,000","82,094,000","88.9","105,731,000","77.6","1","NULL"
"Imperial County Employees' Retirement System","7261","20122013","2013-06-30T00:00:00","The Segal Company","684,303,000","611,989,000","72,314,000","89.4","102,547","70.5","1","NULL"
"Imperial County Employees' Retirement System","7261","20112012","2012-06-30T00:00:00","The Segal Company","643,322,000","577,753,000","65,569,000","89.8","100,356,000","65.3","1","NULL"
"Imperial County Employees' Retirement System","7261","20102011","2011-06-30T00:00:00","The Segal Company","613,584,000","552,209,000","61,375,000","90","101,610,000","60.4","1","NULL"
"Imperial County Employees' Retirement System","7261","20092010","2010-06-30T00:00:00","The Segal Company","546,342,000","524,522,000","21,820,000","96","98,085","22246","1","NULL"
"Imperial County Employees' Retirement System","7261","20082009","2009-06-30T00:00:00","The Segal Company","507,631,000","487,411,000","20,220,000","96","93,493","21.6","1","NULL"
"La Canada Irrigation District Employees' Pension Plan","7192","20052006","NULL","DCP",,,"0","NULL","308,052","NULL","NULL","NULL"
"Imperial County Employees' Retirement System","7261","20072008","2007-06-30T00:00:00","The Segal Company","437,816,000","420,938,000","16,878,000","96.1","77,886,078","21.7","1","NULL"
"Imperial County Employees' Retirement System","7261","20062007","2006-06-30T00:00:00","Public Pension Professional, Inc.","401,985,292","388,224,673","13,760,619","96.6","71,730,897","19.2","1","NULL"
"Imperial County Employees' Retirement System","7261","20052006","2005-06-30T00:00:00","Public Pension Professionals, Inc.","366,157,880","361,353,248","4,804,632","98.7","67,041,679","7.2","1","NULL"
"Imperial County Employees' Retirement System","7261","20042005","2004-06-30T00:00:00","Pubic Pension Professionals, Inc.","321,156,892","326,593,613","-5,436,721","101.7","63,710,775","-8.5","1","NULL"
"Imperial County Employees' Retirement System","7261","20032004","2003-06-30T00:00:00","Public Pension Professionals, Inc.","307,347,412","300,960,414","6,386,998","97.9","67,893,389","9.4","1","NULL"
"Imperial County Employees' Retirement System","7261","20022003","2001-06-30T00:00:00","Buck Consultants","259,102,002","286,483,812","-27,381,810","110.6","67,981,177","-40.3","1","NULL"
"Imperial Irrigation District Employee Pension Plan (DCP)","8536","20152016","2016-01-20T00:00:00","Vanguard Fiduciary Trust Company",,,"0","NULL",,"NULL","NULL","NULL"
"Imperial Irrigation District Employee Pension Plan (DCP)","8536","20142015","2015-01-13T00:00:00","Vanguard Fiduciary Trust Company",,,"0","NULL","0","NULL","NULL","NULL"
"Imperial Irrigation District Employee Pension Plan (DCP)","8536","20132014","2014-01-10T00:00:00","Vanguard Fiduciary Trust Company",,,"0","NULL",,"NULL","NULL","NULL"
"Imperial Irrigation District Employee Pension Plan (DCP)","8536","20122013","2013-02-11T00:00:00","Vanguard Fiduciary Trust",,,"0","NULL",,"NULL","NULL","NULL"
"Imperial Irrigation District Employee Pension Plan (DCP)","8536","20112012","2012-02-16T00:00:00","Vanguard Fiduciary Trust","0",,"0","NULL","0","NULL","NULL","NULL"
"Imperial Irrigation District Employee Pension Plan (DCP)","8536","20102011","2010-02-11T00:00:00","Vanguard Fiduciary Trust Co","0",,"0","NULL","0","NULL","NULL","NULL"
"Imperial Irrigation District Employee Pension Plan (DCP)","8536","20092010","NULL","DCP","0",,"0","NULL","0","NULL","NULL","NULL"
"Imperial Irrigation District Employee Pension Plan (DCP)","8536","20082009","NULL","DCP",,,"0","NULL","0","NULL","NULL","NULL"
"Imperial Irrigation District Employee Pension Plan (DCP)","8536","20072008","NULL","DCP",,,"0","NULL",,"NULL","NULL","NULL"
"Imperial Irrigation District Employee Pension Plan (DCP)","8536","20062007","NULL","DCP",,,"0","NULL","0","NULL","NULL","NULL"
"Imperial Irrigation District Employee Pension Plan (DCP)","8536","20052006","NULL","DCP",,,"0","NULL",,"NULL","NULL","NULL"
"Imperial Irrigation District Employee Pension Plan (DCP)","8536","20042005","NULL","dcp",,,"0","NULL","0","0","NULL","NULL"
"Imperial Irrigation District Employee Pension Plan (DCP)","8536","20032004","NULL","dcp",,,"0","NULL",,"NULL","NULL","NULL"
"Imperial Irrigation District Employee Pension Plan (DCP)","8536","20022003","NULL","DCP",,,"0","NULL",,"NULL","NULL","NULL"
"Judges' Retirement System I","7205","20152016","2015-06-30T00:00:00","CalPERS Actuarial Office","3,322,610,000","41,177,000","3,281,433,000","1.2","44,284,000","7409.9","1","NULL"
"Judges' Retirement System I","7205","20142015","2014-06-30T00:00:00","CalPERS Actuarial Office","3,414,779,000","57,198,000","3,357,581,000","1.7","52,335,000","6456.8","1","NULL"
"Judges' Retirement System I","7205","20132014","2013-06-30T00:00:00","CalPERS Actuarial Office","3,383,000,000","54,000,000","3,329,000,000","1.6","61,000,000","5548.3","1","NULL"
"Judges' Retirement System I","7205","20122013","2012-06-30T00:00:00","CalPERS Actuarial Office","3,172,000,000","73,000,000","3,099,000,000","2.3","69,000,000","4491.3","1","NULL"
"Judges' Retirement System I","7205","20112012","2011-06-30T00:00:00","CalPERS Actuarial Office","3,297,000,000","54,000,000","3,243,000,000","1.6","76,000,000","4267.1","1","NULL"
"Judges' Retirement System I","7205","20102011","2010-06-30T00:00:00","CalPERS Actuarial & Employer Services Branch","3,429,000,000","64,000,000","3,365,000,000","1.9","86,000,000","3912.8","1","NULL"
"Judges' Retirement System I","7205","20092010","2009-06-30T00:00:00","CalPERS Actuarial & Employer Services Branch","3,582,992,000","41,390,000","3,541,602,000","1.2","97,000,000","3651.1","1","NULL"
"Lakeside Irrigation Water District Money Purchase Pension and Trust","7171","20062007","NULL","DCP",,,"0","NULL","303,304","NULL","NULL","NULL"
"Judges' Retirement System I","7205","20082009","2008-06-30T00:00:00","CalPERS Actuarial & Employer Services Branch","3,606,845,000","19,289,000","3,587,556,000","0.5","111,000,000","3232","1","NULL"
"Judges' Retirement System I","7205","20072008","2007-06-30T00:00:00","CalPERS Actuarial & Employer Services Branch","2,713,640,000","11,672,000","2,701,968,000","0.4","119,274,000","2265.3","1","NULL"
"Judges' Retirement System I","7205","20062007","2006-06-30T00:00:00","CalPERS Actuarial & Employer Services Branch",,,"0","NULL","114,962,265","NULL","7","NULL"
"Judges' Retirement System I","7205","20052006","2005-06-30T00:00:00","CalPERS Actuarial & Employer Services Branch",,,"0","NULL","128,938,000","NULL","7","NULL"
"Judges' Retirement System I","7205","20042005","2004-06-30T00:00:00","CalPERS Actuarial & Employer Services Division",,,"0","NULL","133,668,000","NULL","7","NULL"
"Judges' Retirement System I","7205","20032004","2003-06-30T00:00:00","CalPERS Actuarial & Employer Services Division",,,"0","NULL","134,472,772","NULL","7","NULL"
"Judges' Retirement System I","7205","20022003","2002-06-30T00:00:00","CalPERS Actuarial & Employer Services Division",,,"0","NULL","140,510,738","NULL","7","NULL"
"Judges' Retirement System II","7206","20152016","2015-06-30T00:00:00","CalPERS Actuarial Office","1,081,824,000","1,084,142,000","-2,318,000","100.2","289,305,000","-0.8","1","NULL"
"Judges' Retirement System II","7206","20142015","2014-06-30T00:00:00","CalPERS Actuarial Office","951,642,000","1,014,840,000","-63,198,000","106.6","266,907,000","-25","1","NULL"
"Judges' Retirement System II","7206","20132014","2013-06-30T00:00:00","CalPERS Actuarial Office","837,197,000","778,980,000","58,217,000","93","241,988,000","24","1","NULL"
"Judges' Retirement System II","7206","20122013","2012-06-30T00:00:00","CalPERS Actuarial Office","703,000,000","668,000,000","35,000,000","95","231,000,000","15.2","1","NULL"
"Judges' Retirement System II","7206","20112012","2011-06-30T00:00:00","CalPERS Actuarial Office","610,000,000","561,000,000","49,000,000","92","230,000,000","21.3","1","NULL"
"Judges' Retirement System II","7206","20102011","2010-06-30T00:00:00","CalPERS Actuarial & Employer Services Branch","521,000,000","461,000,000","60,000,000","88.5","213,000,000","28.2","1","NULL"
"Judges' Retirement System II","7206","20092010","2009-06-30T00:00:00","CalPERS Actuarial & Employer Serivces Branch","451,000,000","379,000,000","72,000,000","84","199,000,000","36.2","1","NULL"
"Judges' Retirement System II","7206","20082009","2008-06-30T00:00:00","CalPERS Actuarial & Employer Services Division","367,000,000","335,000,000","32,000,000","91.3","175,000,000","18.3","1","NULL"
"Judges' Retirement System II","7206","20072008","2007-06-30T00:00:00","CalPERS Actuarial & Employer Services Branch","294,982,000","267,604,000","27,378,000","90.7","156,300,000","17.5","1","NULL"
"Judges' Retirement System II","7206","20062007","2006-06-30T00:00:00","CalPERS Actuarial & Employer Services Branch","220,135,000","212,904,000","7,231,000","96.7","125,318,592","5.8","1","NULL"
"Judges' Retirement System II","7206","20052006","2005-06-30T00:00:00","CalPERS Actuarial & Employer Services Branch","177,761,000","167,556,000","10,205,000","94.3","121,300,000","9.1","1","NULL"
"Judges' Retirement System II","7206","20042005","2004-06-30T00:00:00","CalPERS Actuarial & Employer Services Division","137,704,000","129,153,000","8,551,000","93.8","99,005,124","8.6","1","NULL"
"Judges' Retirement System II","7206","20032004","2003-06-30T00:00:00","CalPERS Actuarial & Employer Services Division","105,116,000","96,107,000","9,009,000","91.4","87,300,000","10.3","1","NULL"
"Judges' Retirement System II","7206","20022003","2002-06-30T00:00:00","CalPERS Actuarial & Employer Services Division","76,459,000","71,929,000","4,530,000","94.1","72,800,000","6.2","1","NULL"
"Kaweah Delta Hospital District Employees' Retirement Plan","7149","20152016","2016-06-30T00:00:00","Willis Towers Watson","246,604,259","183,780,944","62,823,315","74.5","0","NULL","1","NULL"
"Kaweah Delta Hospital District Employees' Retirement Plan","7149","20142015","2015-06-30T00:00:00","Towers Watson","227,552,798","190,783,918","36,768,880","83.8","0","NULL","1","NULL"
"Kaweah Delta Hospital District Employees' Retirement Plan","7149","20132014","2014-06-30T00:00:00","Towers Watson","219,717,816","189,403,582","30,314,234","86.2","0","NULL","5","NULL"
"Kaweah Delta Hospital District Employees' Retirement Plan","7149","20122013","2013-06-30T00:00:00","Watson Wyatt","210,850,516","164,347,051","46,503,465","77.9","0","NULL","5","NULL"
"Kaweah Delta Hospital District Employees' Retirement Plan","7149","20112012","2012-06-30T00:00:00","Watson Wtatt","200,690,630","152,766,477","47,924,153","76.1","0","NULL","5","NULL"
"Kaweah Delta Hospital District Employees' Retirement Plan","7149","20102011","2011-06-30T00:00:00","Watson Wyatt Worldwide","185,527,743","159,378,728","26,149,015","85.9","0","NULL","5","NULL"
"Kaweah Delta Hospital District Employees' Retirement Plan","7149","20092010","2010-06-30T00:00:00","Watson Wyatt & Company","187,243,617","122,245,952","64,997,665","65.3","66,642,031","97.5","5","NULL"
"Kaweah Delta Hospital District Employees' Retirement Plan","7149","20082009","2009-06-30T00:00:00","Watson Wyatt & Company","180,526,131","102,809,791","77,716,340","57","70,003,288","111","5","NULL"
"Kaweah Delta Hospital District Employees' Retirement Plan","7149","20072008","2007-07-01T00:00:00","Watson Wyatt & Company","150,306,017","122,149,574","28,156,443","81.3","74,772,324","37.7","5","NULL"
"Kaweah Delta Hospital District Employees' Retirement Plan","7149","20062007","2006-07-01T00:00:00","Watson Wyatt & Company","130,285,735","100,956,100","29,329,635","77.5","71,463,989","41","5","NULL"
"Kaweah Delta Hospital District Employees' Retirement Plan","7149","20052006","2005-07-01T00:00:00","Watson Wyatt & Company","119,151,478","88,068,907","31,082,571","73.9","77,093,161","40.3","5","NULL"
"Kaweah Delta Hospital District Employees' Retirement Plan","7149","20042005","2004-07-01T00:00:00","Watson Wyatt & Company","106,154,859","78,892,036","27,262,823","74.3","83,959,219","32.5","5","NULL"
"Kaweah Delta Hospital District Employees' Retirement Plan","7149","20032004","2003-07-01T00:00:00","Watson Wyatt","93,744,936","65,660,129","28,084,807","70","89,746,581","31.3","5","NULL"
"Kaweah Delta Hospital District Employees' Retirement Plan","7149","20022003","2002-07-01T00:00:00","Towers Perrin","81,633,367","58,725,144","22,908,223","71.9","76,143,415","30.1","5","NULL"
"Kern County Employees' Retirement Association","7262","20152016","2015-06-30T00:00:00","Segal Consulting","5,657,173,000","3,529,786,000","2,127,387,000","62.4","556,824,000","382","1","NULL"
"Kern County Employees' Retirement Association","7262","20142015","2014-06-30T00:00:00","Segal Consulting","5,492,440,000","3,342,122,000","2,150,318,000","60.8","555,634,000","387","1","NULL"
"La Canada Irrigation District Employees' Pension Plan","7192","20042005","NULL","dcp",,,"0","NULL","352,767","NULL","NULL","NULL"
"Kern County Employees' Retirement Association","7262","20132014","2013-06-30T00:00:00","Segal Company, Inc.","5,108,619,000","3,120,632,000","1,987,987,000","61.1","555,752,000","357.7","1","NULL"
"PARS Participant Directed Investment Program Trust","10523","20132014","NULL","N/A","0",,"0","NULL","22,913,454","0","NULL","NULL"
"Kern County Employees' Retirement Association","7262","20122013","2012-06-30T00:00:00","Segal Company, Inc.","4,894,990,000","2,960,507,000","1,934,483,000","60.5","543,558,000","355.9","1","NULL"
"Kern County Employees' Retirement Association","7262","20112012","2011-06-30T00:00:00","Segal Company, Inc.","4,672,348,000","2,839,747,000","1,832,601,000","60.8","539,836,000","339.5","1","NULL"
"Kern County Employees' Retirement Association","7262","20102011","2010-06-30T00:00:00","Milliman USA","4,457,038,000","2,794,644,000","1,662,394,000","62.7","559,380,250","297.2","1","NULL"
"Kern County Employees' Retirement Association","7262","20092010","2009-06-30T00:00:00","Milliman USA","4,205,200,000","2,780,215,000","1,424,985,000","66.1","559,872,040","254.5","1","NULL"
"Kern County Employees' Retirement Association","7262","20082009","2008-06-30T00:00:00","Milliman USA","3,671,460,000","2,654,305,000","1,017,155,000","72.3","482,878,757","210.6","1","NULL"
"Kern County Employees' Retirement Association","7262","20072008","2007-12-31T00:00:00","Milliman USA","3,355,755,000","2,589,818,000","765,937,000","77.2","453,412,000","168.9","1","NULL"
"Kern County Employees' Retirement Association","7262","20062007","2006-12-31T00:00:00","Milliman USA","3,109,038,000","2,352,028,000","757,010,000","75.7","417,350,994","181.4","1","NULL"
"Kern County Employees' Retirement Association","7262","20052006","2005-12-31T00:00:00","Milliman USA","2,861,872,000","2,164,304,000","697,568,000","75.6","391,387,092","178.2","1","NULL"
"Madera Irrigation District 401(k) Pension Plan","8295","20112012","NULL","dcp",,,"0","NULL","2,496,083","NULL","NULL","NULL"
"Kern County Employees' Retirement Association","7262","20042005","2004-12-31T00:00:00","Milliman USA","2,336,406,000","2,012,521,000","323,885,000","86.1","374,951,346","86.4","1","NULL"
"Kern County Employees' Retirement Association","7262","20032004","2003-12-31T00:00:00","Public Pension Professionals, Inc.","2,059,286,000","1,927,585,000","131,701,000","93.6","355,311,717","37.1","1","NULL"
"Kern County Employees' Retirement Association","7262","20022003","2002-12-31T00:00:00","Public Pension Professionals, Inc.","1,899,031,000","1,570,278,000","328,753,000","82.7","344,870,937","95.3","1","NULL"
"La Canada Irrigation District Employees' Pension Plan","7192","20152016","NULL","NULL",,,"0","NULL","661,074","NULL","8","NA - Defined Contribution Plan"
"La Canada Irrigation District Employees' Pension Plan","7192","20142015","NULL","NULL",,,"0","NULL","641,133","NULL","8","NA - Defined contribution plan"
"La Canada Irrigation District Employees' Pension Plan","7192","20132014","NULL","NULL",,,"0","NULL","625,219","NULL","NULL","N/A"
"La Canada Irrigation District Employees' Pension Plan","7192","20122013","NULL","NULL",,,"0","NULL","601,995","NULL","NULL","N/A"
"La Canada Irrigation District Employees' Pension Plan","7192","20112012","NULL","NULL",,,"0","NULL","592,312","0","NULL","NULL"
"La Canada Irrigation District Employees' Pension Plan","7192","20102011","NULL","NULL",,,"0","NULL","576,904","0","NULL","NULL"
"La Canada Irrigation District Employees' Pension Plan","7192","20082009","NULL","NULL",,,"0","NULL","521,780","NULL","NULL","NULL"
"La Canada Irrigation District Employees' Pension Plan","7192","20072008","NULL","dcp",,,"0","NULL","486,214","NULL","NULL","NULL"
"La Canada Irrigation District Employees' Pension Plan","7192","20062007","NULL","dcp",,,"0","NULL","446,089","NULL","NULL","NULL"
"La Canada Irrigation District Employees' Pension Plan","7192","20032004","NULL","DCP",,,"0","NULL","339,784","0","NULL","NULL"
"La Canada Irrigation District Employees' Pension Plan","7192","20022003","NULL","dcp",,,"0","NULL","320,837","NULL","NULL","NULL"
"Lakeside Irrigation Water District Money Purchase Pension and Trust","7171","20152016","2015-10-31T00:00:00","Travelers Casualty & Surety Insurance",,,"0","NULL","242,465","NULL","NULL","NULL"
"Lakeside Irrigation Water District Money Purchase Pension and Trust","7171","20142015","2014-10-13T00:00:00","dcp","0","0","0","NULL","239,585","NULL","NULL","NULL"
"Lakeside Irrigation Water District Money Purchase Pension and Trust","7171","20132014","2013-10-31T00:00:00","Davey Administration Group",,,"0","NULL","225,303","NULL","NULL","NULL"
"Lakeside Irrigation Water District Money Purchase Pension and Trust","7171","20122013","2013-10-31T00:00:00","Davey Administration Group","0","0","0","NULL","225,303","NULL","NULL","NULL"
"Lakeside Irrigation Water District Money Purchase Pension and Trust","7171","20112012","NULL","dcp",,,"0","NULL","257,285","NULL","NULL","NULL"
"Lakeside Irrigation Water District Money Purchase Pension and Trust","7171","20102011","NULL","dco",,,"0","NULL","231,554","NULL","NULL","NULL"
"Lakeside Irrigation Water District Money Purchase Pension and Trust","7171","20092010","NULL","dcp",,,"0","NULL","223,765","NULL","NULL","NULL"
"Lakeside Irrigation Water District Money Purchase Pension and Trust","7171","20082009","NULL","dcp",,,"0","NULL","216,140","NULL","NULL","NULL"
"Lakeside Irrigation Water District Money Purchase Pension and Trust","7171","20072008","NULL","DCP",,,"0","NULL","220,567","0","NULL","NULL"
"Lakeside Irrigation Water District Money Purchase Pension and Trust","7171","20052006","NULL","dcp",,,"0","NULL","263,160","0","NULL","NULL"
"Lakeside Irrigation Water District Money Purchase Pension and Trust","7171","20042005","NULL","dcp",,,"0","NULL","229,368","NULL","NULL","NULL"
"Lakeside Irrigation Water District Money Purchase Pension and Trust","7171","20032004","NULL","dcp",,,"0","NULL","232,199","NULL","NULL","NULL"
"Lakeside Irrigation Water District Money Purchase Pension and Trust","7171","20022003","NULL","dcp",,,"0","NULL","219,907","NULL","NULL","NULL"
"Leadership Public Schools 401(a) Retirement Plan","9575","20152016","NULL","NULL",,,"0","NULL","0","NULL","NULL","NULL"
"Leadership Public Schools 401(a) Retirement Plan","9575","20142015","NULL","N/A",,,"0","NULL",,"NULL","NULL","NULL"
"Leadership Public Schools 401(a) Retirement Plan","9575","20132014","NULL","N/A",,,"0","NULL","0","NULL","NULL","NULL"
"Leadership Public Schools 401(a) Retirement Plan","9575","20122013","NULL","dcp",,,"0","NULL",,"NULL","NULL","NULL"
"Leadership Public Schools 401(a) Retirement Plan","9575","20112012","NULL","dcp",,,"0","NULL","0","NULL","NULL","NULL"
"Leadership Public Schools 401(a) Retirement Plan","9575","20102011","NULL","dcp",,,"0","NULL","0","NULL","NULL","NULL"
"Leadership Public Schools 401(a) Retirement Plan","9575","20092010","NULL","dcp",,,"0","NULL",,"NULL","NULL","NULL"
"Leadership Public Schools 401(a) Retirement Plan","9575","20082009","NULL","dcp",,,"0","NULL",,"NULL","NULL","NULL"
"Leadership Public Schools 401(a) Retirement Plan","9575","20072008","NULL","dcp",,,"0","NULL",,"NULL","NULL","NULL"
"Leadership Public Schools 401(a) Retirement Plan","9575","20062007","NULL","DCP",,,"0","NULL",,"NULL","NULL","NULL"
"Leadership Public Schools 401(a) Retirement Plan","9575","20052006","NULL","DCP",,,"0","NULL",,"NULL","NULL","NULL"
"Legislators' Retirement System","7207","20152016","2015-06-30T00:00:00","CalPERS Actuarial Office","105,746,000","121,469,000","-15,723,000","114.9","1,275,000","-1233.1","1","NULL"
"Legislators' Retirement System","7207","20142015","2014-06-30T00:00:00","CalPERS Actuarial Office","111,274,000","130,353,000","-19,079,000","117.1","1,500,000","-12719.3","1","NULL"
"Legislators' Retirement System","7207","20132014","2013-06-30T00:00:00","CalPERS Actuarial Office","115,806,000","123,201,000","-7,395,000","106.4","1,427,000","-369750","1","NULL"
"Legislators' Retirement System","7207","20122013","2012-06-30T00:00:00","CalPERS Actuarial Office","109,000,000","124,000,000","-15,000,000","113.8","2,000","-750000","1","NULL"
"Legislators' Retirement System","7207","20112012","2011-06-30T00:00:00","CalPERS Actuarial Office","109,000,000","126,000,000","-17,000,000","115.6","2,000,000","-850","1","NULL"
"Legislators' Retirement System","7207","20102011","2010-06-30T00:00:00","CalPERS Actuarial & Employer Services Division","112,000,000","127,000,000","-15,000,000","113.4","2,000,000","-750","1","NULL"
"Legislators' Retirement System","7207","20092010","2009-06-30T00:00:00","CalPERS Actuarial & Employer Services Division","112,000,000","134,000,000","-22,000,000","119.6","2,000,000","-1100","1","NULL"
"Legislators' Retirement System","7207","20082009","2008-06-30T00:00:00","CalPERS Actuarial & Employer Services Division","103,000,000","142,000,000","-39,000,000","137.9","2,000,000","-1950","1","NULL"
"Legislators' Retirement System","7207","20072008","2007-06-30T00:00:00","CalPERS Actuarial & Employer Services Division","101,571,000","141,603,000","-40,032,000","139.4","2,106,000","-1900.9","7","NULL"
"Legislators' Retirement System","7207","20062007","2006-06-30T00:00:00","CalPERS Actuarial & Employer Services Division",,,"0","NULL","1,802,963","0","7","NULL"
"Legislators' Retirement System","7207","20052006","2005-06-30T00:00:00","CalPERS Actuarial & Employer Services Division",,,"0","NULL","1,900,000","NULL","7","NULL"
"Legislators' Retirement System","7207","20042005","2004-06-30T00:00:00","CalPERS Actuarial & Employer Services Division",,,"0","NULL","2,711,584","NULL","7","NULL"
"Legislators' Retirement System","7207","20032004","2003-06-30T00:00:00","CalPERS Actuarial & Employer Services Division",,,"0","NULL","2,711,584","NULL","7","NULL"
"Legislators' Retirement System","7207","20022003","2002-06-30T00:00:00","CalPers Actuarial & Employer Services Division",,,"0","NULL","2,996,603","NULL","7","NULL"
"Liberty Rural County Fire Protection District Pension and Trust","7146","20152016","NULL","NULL",,,"0","NULL","521,785","0","8","None"
"Liberty Rural County Fire Protection District Pension and Trust","7146","20132014","2014-12-31T00:00:00","The Osborn Company",,,"0","NULL","438,970","NULL","8","Defined Contribution Plan"
"Liberty Rural County Fire Protection District Pension and Trust","7146","20112012","NULL","dcp",,,"0","NULL","104,247","NULL","NULL","NULL"
"Liberty Rural County Fire Protection District Pension and Trust","7146","20102011","NULL","dcp",,,"0","NULL","407,833","NULL","NULL","NULL"
"Liberty Rural County Fire Protection District Pension and Trust","7146","20092010","NULL","dcp",,,"0","NULL","434,699","NULL","NULL","NULL"
"Liberty Rural County Fire Protection District Pension and Trust","7146","20082009","NULL","dcp",,,"0","NULL","318,652","NULL","NULL","NULL"
"Liberty Rural County Fire Protection District Pension and Trust","7146","20072008","NULL","dcp",,,"0","NULL","350,846","NULL","NULL","NULL"
"Liberty Rural County Fire Protection District Pension and Trust","7146","20062007","NULL","dcp",,,"0","NULL","287,890","NULL","NULL","NULL"
"Liberty Rural County Fire Protection District Pension and Trust","7146","20052006","NULL","dcp",,,"0","NULL","322,047","NULL","NULL","NULL"
"Liberty Rural County Fire Protection District Pension and Trust","7146","20042005","NULL","dcp",,,"0","NULL","260,843","NULL","NULL","NULL"
"Liberty Rural County Fire Protection District Pension and Trust","7146","20032004","NULL","DCP",,,"0","NULL","262,595","NULL","NULL","NULL"
"Liberty Rural County Fire Protection District Pension and Trust","7146","20022003","NULL","DCP",,,"0","NULL","207,332","NULL","NULL","NULL"
"Lindmore Irrigation District Employees Pension Plan","10358","20152016","NULL","dcp",,,"0","NULL","381,540","NULL","NULL","NULL"
"Lindmore Irrigation District Employees Pension Plan","10358","20142015","NULL","dcp",,,"0","NULL","502,853","NULL","NULL","NULL"
"Lindmore Irrigation District Employees Pension Plan","10358","20132014","NULL","dcp",,,"0","NULL","491,457","NULL","NULL","NULL"
"Lindmore Irrigation District Employees Pension Plan","10358","20122013","NULL","dcp",,,"0","NULL","472,295","NULL","NULL","NULL"
"Lindmore Irrigation District Employees Pension Plan","10358","20112012","NULL","NULL",,,"0","NULL","445,785","0","NULL","NULL"
"Lindmore Irrigation District Employees Pension Plan","10358","20102011","NULL","NULL",,,"0","NULL","473,110","NULL","NULL","NULL"
"Lindmore Irrigation District Employees Pension Plan","10358","20092010","NULL","dcp",,,"0","NULL","478,958","NULL","NULL","NULL"
"Lindmore Irrigation District Employees Pension Plan","10358","20082009","NULL","dcp",,,"0","NULL","445,377","NULL","NULL","NULL"
"Lindmore Irrigation District Employees' Money Purchase Pension Plan","7197","20082009","NULL","dcp",,,"0","NULL",,"NULL","NULL","NULL"
"Lindmore Irrigation District Employees' Money Purchase Pension Plan","7197","20072008","NULL","DCP",,,"0","NULL","440,200","NULL","NULL","NULL"
"Lindmore Irrigation District Employees' Money Purchase Pension Plan","7197","20062007","NULL","DCP",,,"0","NULL","446,904","NULL","NULL","NULL"
"Lindmore Irrigation District Employees' Money Purchase Pension Plan","7197","20052006","NULL","dcp",,,"0","NULL","436,566","NULL","NULL","NULL"
"Lindmore Irrigation District Employees' Money Purchase Pension Plan","7197","20042005","NULL","DCP",,,"0","NULL","426,524","NULL","NULL","NULL"
"Lindmore Irrigation District Employees' Money Purchase Pension Plan","7197","20032004","NULL","dcp",,,"0","NULL","414,970","NULL","NULL","NULL"
"Lindmore Irrigation District Employees' Money Purchase Pension Plan","7197","20022003","NULL","dcp",,,"0","NULL","402,174","NULL","NULL","NULL"
"Long Beach Public Transportation Company Retirement Plan -  Salaried Employees","7199","20152016","2016-07-01T00:00:00","Venuti & Associates","29,966,438","22,777,566","7,188,872","76","7,190,000,000","100","2","NULL"
"Long Beach Public Transportation Company Retirement Plan -  Salaried Employees","7199","20142015","2015-07-01T00:00:00","Venuti & Associates","25,560,718","19,819,218","5,741,500","77.5","8,028,000","71.5","2","NULL"
"Long Beach Public Transportation Company Retirement Plan -  Salaried Employees","7199","20132014","2014-07-01T00:00:00","Venuti & Associates","25,411,832","16,655,211","8,756,621","65.5","8,539,000","102.5","2","NULL"
"Long Beach Public Transportation Company Retirement Plan -  Salaried Employees","7199","20122013","2013-07-01T00:00:00","Venuti & Associates","24,503,335","13,864,092","10,639,243","56.6","10,281,647","103.5","2","NULL"
"Long Beach Public Transportation Company Retirement Plan -  Salaried Employees","7199","20112012","2012-07-01T00:00:00","Venuti & Associates","18,424,486","11,028,003","7,396,483","59.9","9,516,264","77.7","2","NULL"
"Long Beach Public Transportation Company Retirement Plan -  Salaried Employees","7199","20102011","2011-07-01T00:00:00","Buck Consultants","18,158,380","12,021,155","6,137,225","66.2","9,520,926","64.5","2","NULL"
"Long Beach Public Transportation Company Retirement Plan -  Salaried Employees","7199","20092010","2010-07-01T00:00:00","Buck Consultants","18,267,219","9,949,939","8,317,280","54.5","9,337,229","89.1","2","NULL"
"Long Beach Public Transportation Company Retirement Plan -  Salaried Employees","7199","20082009","2009-07-01T00:00:00","Buck Consultants","16,254,701","7,702,559","8,552,142","47.4","9,375,890","91.2","2","NULL"
"Long Beach Public Transportation Company Retirement Plan -  Salaried Employees","7199","20072008","2008-07-01T00:00:00","Buck Consultants","15,258,643","9,631,055","5,627,588","63.1","9,125,649","61.7","2","NULL"
"Long Beach Public Transportation Company Retirement Plan -  Salaried Employees","7199","20062007","2007-07-01T00:00:00","Buck Consultants","16,456,000","12,384,000","4,072,000","75.3","8,639,814","48","2","NULL"
"Long Beach Public Transportation Company Retirement Plan -  Salaried Employees","7199","20052006","2006-07-01T00:00:00","Buck Consultants","14,118,473","11,552,603","2,565,870","81.8","7,954,923","32.3","2","NULL"
"Long Beach Public Transportation Company Retirement Plan -  Salaried Employees","7199","20042005","2005-07-01T00:00:00","Buck Consultant","14,182,815","11,117,891","3,064,924","78.4","7,849,876","39","2","NULL"
"Long Beach Public Transportation Company Retirement Plan -  Salaried Employees","7199","20032004","2004-07-01T00:00:00","Mellon Consultants","13,721,000","10,367,111","3,353,889","75.6","7,783,115","43.1","2","NULL"
"Long Beach Public Transportation Company Retirement Plan -  Salaried Employees","7199","20022003","2003-07-01T00:00:00","Mellon Consultants","13,248,000","8,793,000","4,455,000","66.4","7,517,000","59.3","2","NULL"
"Long Beach Public Transportation Company Retirement Plan - Contract Employees","7198","20152016","2016-07-01T00:00:00","Venuti & Associates","73,595,760","47,050,624","26,545,136","63.9","29,454,000","90.1","2","NULL"
"Long Beach Public Transportation Company Retirement Plan - Contract Employees","7198","20142015","2015-07-01T00:00:00","Venuti & Associates","63,233,552","45,790,263","17,443,289","72.4","28,434,000","61.3","2","NULL"
"Long Beach Public Transportation Company Retirement Plan - Contract Employees","7198","20132014","2014-07-01T00:00:00","Venuti & Associates","62,010,610","46,310,416","15,700,194","74.7","27,081,000","58","2","NULL"
"Long Beach Public Transportation Company Retirement Plan - Contract Employees","7198","20122013","2013-07-01T00:00:00","Venuti & Associates","58,754,761","41,325,305","17,429,456","70.3","25,904,690","67.3","2","NULL"
"Long Beach Public Transportation Company Retirement Plan - Contract Employees","7198","20112012","2012-07-01T00:00:00","Venuti & Associates","49,512,576","37,025,393","12,487,183","74.8","25,904,690","48.2","2","NULL"
"Madera Irrigation District 401(k) Pension Plan","8295","20102011","NULL","NULL",,,"0","NULL","2,337,831","0","NULL","NULL"
"Long Beach Public Transportation Company Retirement Plan - Contract Employees","7198","20102011","2011-07-01T00:00:00","Buck Consultants","47,357,305","37,358,394","9,998,911","78.9","25,473,634","39.3","2","NULL"
"Long Beach Public Transportation Company Retirement Plan - Contract Employees","7198","20092010","2010-07-01T00:00:00","Buck Consultants","45,373,970","29,212,231","16,161,739","64.4","25,501,412","63.4","2","NULL"
"Long Beach Public Transportation Company Retirement Plan - Contract Employees","7198","20082009","2009-07-01T00:00:00","Buck Consultants","42,568,598","24,228,191","18,340,407","56.9","25,266,127","72.6","2","NULL"
"Long Beach Public Transportation Company Retirement Plan - Contract Employees","7198","20072008","2008-07-01T00:00:00","Buck Consultants","38,557,262","28,444,051","10,113,211","73.8","23,643,084","42.8","2","NULL"
"Long Beach Public Transportation Company Retirement Plan - Contract Employees","7198","20062007","2007-07-01T00:00:00","Buck Consultants","36,056,000","27,699,000","8,357,000","76.8","21,866,049","38.2","2","NULL"
"Long Beach Public Transportation Company Retirement Plan - Contract Employees","7198","20052006","2006-07-01T00:00:00","Buck Consultants","32,098,951","24,873,552","7,225,399","77.5","21,628,593","33.4","2","NULL"
"Long Beach Public Transportation Company Retirement Plan - Contract Employees","7198","20042005","2005-07-01T00:00:00","Buck Consultants","29,794,304","23,700,583","6,093,721","79.5","20,859,915","29.2","2","NULL"
"Long Beach Public Transportation Company Retirement Plan - Contract Employees","7198","20032004","2004-07-01T00:00:00","Mellon Consultants","26,692,708","22,278,352","4,414,356","83.5","20,188,278","21.9","2","NULL"
"Long Beach Public Transportation Company Retirement Plan - Contract Employees","7198","20022003","2003-07-01T00:00:00","Mellon Consultants","26,155,000","19,488,000","6,667,000","74.5","19,213,000","34.7","2","NULL"
"Los Angeles City Employees' Retirement System","7237","20152016","2016-06-30T00:00:00","Segal Consulting","17,424,996,329","12,439,250,206","4,985,746,123","71.4","1,968,702,630","253.2","1","NULL"
"Los Angeles City Employees' Retirement System","7237","20142015","2015-06-30T00:00:00","Segal Consulting","16,909,996,380","11,727,161,378","5,182,835,002","69.4","1,907,664,598","271.7","1","NULL"
"Los Angeles City Employees' Retirement System","7237","20132014","2014-06-30T00:00:00","Segal Consulting","16,248,853,099","10,944,750,574","5,304,102,525","67.4","1,898,064,175","279.4","1","NULL"
"Los Angeles City Employees' Retirement System","7237","20122013","2013-06-30T00:00:00","The Segal Company","14,881,663,162","10,223,960,886","4,657,702,276","68.7","1,846,970,474","252.2","1","NULL"
"Los Angeles City Employees' Retirement System","7237","20112012","2012-06-30T00:00:00","The Segal Company","14,393,958,574","9,934,959,310","4,458,999,264","69","1,819,269,630","245.1","1","NULL"
"Los Angeles City Employees' Retirement System","7237","20102011","2011-06-30T00:00:00","The Segal Company","13,391,704,000","9,691,011,496","3,700,692,504","72.4","1,833,392,381","201.8","5","NULL"
"Los Angeles City Employees' Retirement System","7237","20092010","2010-06-30T00:00:00","The Segal Company","12,595,025,119","9,554,027,411","3,040,997,708","75.9","1,817,662,284","167.3","5","NULL"
"Los Angeles City Employees' Retirement System","7237","20082009","2009-06-30T00:00:00","The Segal Company","12,041,983,936","9,577,747,421","2,464,236,515","79.5","1,816,171,212","135.7","5","NULL"
"Los Angeles City Employees' Retirement System","7237","20072008","2008-06-30T00:00:00","The Segal Company","11,186,403,741","9,438,318,300","1,748,085,441","84.4","1,977,644,640","88.4","5","NULL"
"Los Angeles City Employees' Retirement System","7237","20062007","2007-06-30T00:00:00","The Segal Company","10,526,874,184","8,599,699,772","1,927,174,412","81.7","1,896,609,013","101.6","5","NULL"
"Los Angeles City Employees' Retirement System","7237","20052006","2006-06-30T00:00:00","The Segal Company","9,870,662,387","7,674,999,374","2,195,663,013","77.8","1,733,339,536","126.7","5","NULL"
"Los Angeles City Employees' Retirement System","7237","20042005","2005-06-30T00:00:00","The Segal Company","9,321,524,967","7,193,142,227","2,128,382,740","77.2","1,589,305,846","133.9","5","NULL"
"Los Angeles City Employees' Retirement System","7237","20032004","2004-06-30T00:00:00","The Segal Company","8,533,863,528","7,042,107,591","1,491,755,937","82.5","1,575,284,734","94.7","5","NULL"
"Los Angeles City Employees' Retirement System","7237","20022003","2003-06-30T00:00:00","Gabriel, Roeder, Smith & Company","7,659,846,696","6,999,647,350","660,199,346","91.4","1,405,057,848","47","5","NULL"
"Los Angeles County Employees' Retirement Association","7263","20152016","2015-06-30T00:00:00","Milliman","56,819,215,000","47,328,270,000","9,490,945,000","83.3","7,592,760,185","124.9","1","NULL"
"Los Angeles County Employees' Retirement Association","7263","20142015","2014-06-30T00:00:00","Milliman","54,942,453,000","43,654,462,000","11,287,991,000","79.5","6,672,227,801","169.1","1","NULL"
"Los Angeles County Employees' Retirement Association","7263","20132014","2013-06-30T00:00:00","Milliman","53,247,776,000","39,932,416,000","13,315,360,000","75","6,595,902,275","199.5","1","NULL"
"Los Angeles County Employees' Retirement Association","7263","20122013","2012-06-30T00:00:00","Milliman","50,809,425,000","39,039,364,000","11,770,061,000","76.8","6,619,816,094","177.8","1","NULL"
"Los Angeles County Employees' Retirement Association","7263","20112012","2011-06-30T00:00:00","Milliman","48,598,166,000","39,193,627,000","9,404,539,000","80.6","6,650,673,594","141.4","1","NULL"
"Los Angeles County Employees' Retirement Association","7263","20102011","2010-06-30T00:00:00","Milliman","46,646,838,000","38,839,392,000","7,807,446,000","83.3","6,650,673,594","116.6","1","NULL"
"Los Angeles County Employees' Retirement Association","7263","20092010","2009-06-30T00:00:00","Milliman","44,468,636,000","39,541,865,000","4,926,771,000","88.9","6,547,616,006","75.2","1","NULL"
"Los Angeles County Employees' Retirement Association","7263","20082009","2008-06-30T00:00:00","Milliman","41,975,631,000","39,662,361,000","2,313,270,000","94.5","6,123,888,444","37.8","1","NULL"
"Los Angeles County Employees' Retirement Association","7263","20072008","2007-06-30T00:00:00","Milliman","39,502,456,000","37,041,832,000","2,460,624,000","93.8","5,615,735,825","43.8","1","NULL"
"Los Angeles County Employees' Retirement Association","7263","20062007","2006-06-30T00:00:00","Milliman USA","36,258,929,000","32,819,725,000","3,439,204,000","90.5","5,615,735,825","66.1","1","NULL"
"Los Angeles County Employees' Retirement Association","7263","20052006","2005-06-30T00:00:00","Milliman USA","34,375,949,000","29,497,485,000","4,878,464,000","85.8","4,982,083,870","97.9","1","NULL"
"Los Angeles County Employees' Retirement Association","7263","20042005","2004-06-30T00:00:00","Milliman USA","32,700,505,000","27,089,440,000","5,611,065,000","82.8","4,982,083,870","112.6","1","NULL"
"Los Angeles County Employees' Retirement Association","7263","20032004","2003-06-30T00:00:00","Milliman USA","30,474,025,000","26,564,328,000","3,909,697,000","87.2","4,919,531,389","79.5","1","NULL"
"Los Angeles County Employees' Retirement Association","7263","20022003","2002-06-30T00:00:00","Milliman USA","28,437,493,000","28,262,129,000","175,364,000","99.4","4,929,937,268","3.6","1","NULL"
"Los Angeles County Transportation Authority AFSCME Employees' Retirement Income Plan","9235","20152016","2015-12-31T00:00:00","Willis Towers Watson","61,351,063","48,766,567","12,584,496","79.5","2,936,331","772.8","5","NULL"
"Los Angeles County Transportation Authority AFSCME Employees' Retirement Income Plan","9235","20142015","2014-12-31T00:00:00","Towers Watson","60,815,471","48,249,732","12,565,739","79.3","3,337,957","376.4","5","NULL"
"Los Angeles County Transportation Authority AFSCME Employees' Retirement Income Plan","9235","20132014","2013-12-31T00:00:00","Towers Watson","57,110,830","46,908,471","10,202,359","82.1","3,822,157","266.9","5","NULL"
"Los Angeles County Transportation Authority AFSCME Employees' Retirement Income Plan","9235","20122013","2012-12-31T00:00:00","Towers Watson","57,047,027","42,816,577","14,230,450","75.1","4,597,852","273","5","NULL"
"Los Angeles County Transportation Authority AFSCME Employees' Retirement Income Plan","9235","20112012","2011-12-31T00:00:00","Towers Watson","55,847,027","43,596,725","12,250,302","78.1","5,212,553","235","5","NULL"
"Los Angeles County Transportation Authority AFSCME Employees' Retirement Income Plan","9235","20102011","2010-12-31T00:00:00","Towers Watson","52,654,235","45,078,773","7,575,462","85.6","5,560,682","136.2","5","NULL"
"Los Angeles County Transportation Authority AFSCME Employees' Retirement Income Plan","9235","20092010","2009-12-31T00:00:00","Towers Watson","50,674,985","44,653,295","6,021,690","88.1","6,161,426","97.7","5","NULL"
"Los Angeles County Transportation Authority AFSCME Employees' Retirement Income Plan","9235","20082009","2008-12-31T00:00:00","Towers Perrin","48,528,863","40,120,390","8,408,473","82.7","6,950,682","121","5","NULL"
"Los Angeles County Transportation Authority AFSCME Employees' Retirement Income Plan","9235","20072008","2007-12-31T00:00:00","Towers Perrin","46,481,860","41,363,538","5,118,322","89","7,095,283","72.1","5","NULL"
"Los Angeles County Transportation Authority AFSCME Employees' Retirement Income Plan","9235","20062007","2006-12-31T00:00:00","Towers Perrin","44,914,394","40,126,622","4,787,772","89.3","7,642,912","62.6","5","NULL"
"Los Angeles County Transportation Authority AFSCME Employees' Retirement Income Plan","9235","20052006","2005-12-31T00:00:00","Towers Perrin","48,211,303","40,392,974","7,818,329","83.8","9,102,498","85.9","5","NULL"
"Los Angeles County Transportation Authority AFSCME Employees' Retirement Income Plan","9235","20042005","2004-12-31T00:00:00","Towers Perrin","42,406,792","40,344,405","2,062,387","95.1","12,012,330","17.2","5","NULL"
"Los Angeles County Transportation Authority Maintenance Employees' Retirement System","7161","20152016","2016-01-01T00:00:00","Rael & Letson","525,221,821","344,176,077","181,045,744","65.5","127,258,000","142.2","1","NULL"
"Los Angeles County Transportation Authority Maintenance Employees' Retirement System","7161","20142015","2015-01-01T00:00:00","Rael & Letson","489,259,163","323,927,582","165,331,581","66.2","118,355,000","139.6","1","NULL"
"Los Angeles County Transportation Authority Maintenance Employees' Retirement System","7161","20132014","2014-01-01T00:00:00","Rael & Letson","434,104,718","279,202,375","154,902,343","64.3","113,462,000","136.5","1","NULL"
"Los Angeles County Transportation Authority Maintenance Employees' Retirement System","7161","20122013","2013-01-01T00:00:00","Rael and Letson Consultants and Actuaries","404,114,352","252,787,792","151,326,560","62.6","114,500,484","132.2","1","NULL"
"Los Angeles County Transportation Authority Maintenance Employees' Retirement System","7161","20112012","2012-01-12T00:00:00","Rael and Letson Consultants and Actuaries","339,989,492","224,261,120","115,728,372","66","111,163,713","104.1","5","NULL"
"Los Angeles County Transportation Authority Maintenance Employees' Retirement System","7161","20102011","2011-01-01T00:00:00","Rael and Letson Consultants and Actuaries","323,365,893","218,179,013","105,186,880","67.5","107,310,499","98","5","NULL"
"Los Angeles County Transportation Authority Maintenance Employees' Retirement System","7161","20092010","2010-01-01T00:00:00","Rael and Letson Consultants and Actuaries","295,021,182","211,173,683","83,847,499","71.6","109,213,913","76.8","5","NULL"
"Los Angeles County Transportation Authority Maintenance Employees' Retirement System","7161","20082009","2009-01-01T00:00:00","Rael And Letson Consultants and Actuaries","275,020,761","174,733,262","100,287,499","63.5","115,504,121","86.8","5","NULL"
"Los Angeles County Transportation Authority Maintenance Employees' Retirement System","7161","20072008","2007-12-31T00:00:00","Rael And Letson Consultans and Actuaries","257,641,903","181,304,655","76,337,248","70.4","100,642,895","75.8","5","NULL"
"Los Angeles County Transportation Authority Maintenance Employees' Retirement System","7161","20062007","2006-12-31T00:00:00","Towers Perrin","257,511,084","171,620,650","85,890,434","66.6","99,116,894","86.7","5","NULL"
"Los Angeles County Transportation Authority Maintenance Employees' Retirement System","7161","20052006","2005-12-31T00:00:00","Towers Perrin","243,389,062","156,040,095","87,348,967","64.1","97,788,699","89.3","5","NULL"
"Los Angeles County Transportation Authority Maintenance Employees' Retirement System","7161","20042005","2004-12-31T00:00:00","Towers Perrin","216,228,476","150,155,483","66,072,993","69.4","99,329,850","66.5","5","NULL"
"Los Angeles County Transportation Authority Maintenance Employees' Retirement System","7161","20032004","2003-12-31T00:00:00","Towers Perrin","209,451,449","141,126,980","68,324,469","67.4","97,933,595","69.8","5","NULL"
"Los Angeles County Transportation Authority Maintenance Employees' Retirement System","7161","20022003","2002-12-31T00:00:00","Towers Perrin","202,469,170","133,374,217","69,094,953","65.9","96,781,903","71.4","5","NULL"
"Los Angeles County Transportation Authority Non-Contract Employees' Retirement System","7162","20152016","2015-12-31T00:00:00","Willis Towers Watson","154,265,390","113,380,165","40,885,225","73.5","3,521,535","1161","5","NULL"
"Los Angeles County Transportation Authority Non-Contract Employees' Retirement System","7162","20142015","2014-12-31T00:00:00","Towers Watson","151,831,282","111,416,596","40,414,686","73.4","3,460,308","1167.9","5","NULL"
"Los Angeles County Transportation Authority Non-Contract Employees' Retirement System","7162","20132014","2013-12-31T00:00:00","Towers Watson","143,346,939","106,500,519","36,846,420","74.3","3,953,277","932","5","NULL"
"Los Angeles County Transportation Authority Non-Contract Employees' Retirement System","7162","20122013","2012-12-31T00:00:00","Towers Watson","144,423,446","99,654,000","44,769,446","69","4,412,155","1014.7","5","NULL"
"Los Angeles County Transportation Authority Non-Contract Employees' Retirement System","7162","20112012","2011-12-31T00:00:00","Towers Watson","144,895,317","103,652,583","41,242,734","71.5","4,856,486","849.2","5","NULL"
"Los Angeles County Transportation Authority Non-Contract Employees' Retirement System","7162","20102011","2010-12-31T00:00:00","Towers Watson","134,021,769","110,487,726","23,534,043","82.4","5,696,901","413.1","5","NULL"
"Los Angeles County Transportation Authority Non-Contract Employees' Retirement System","7162","20092010","2009-12-31T00:00:00","Towers Watson","131,773,213","114,114,570","17,658,643","86.6","6,206,352","284.5","5","NULL"
"Los Angeles County Transportation Authority Non-Contract Employees' Retirement System","7162","20082009","2008-12-31T00:00:00","Towers Perrin","129,195,117","101,878,363","27,316,754","78.9","6,854,574","398.5","5","NULL"
"Los Angeles County Transportation Authority Non-Contract Employees' Retirement System","7162","20072008","2007-12-31T00:00:00","Towers Perrin","121,427,008","105,987,010","15,439,998","87.3","7,290,512","211.8","5","NULL"
"Los Angeles County Transportation Authority Non-Contract Employees' Retirement System","7162","20062007","2006-12-31T00:00:00","Towers Perrin","123,038,286","103,632,097","19,406,189","84.2","7,160,536","271","5","NULL"
"Los Angeles County Transportation Authority Non-Contract Employees' Retirement System","7162","20052006","2005-12-31T00:00:00","Towers Perrin","119,411,910","99,046,496","20,365,414","82.9","7,877,212","258.5","5","NULL"
"Los Angeles County Transportation Authority Non-Contract Employees' Retirement System","7162","20042005","2004-12-31T00:00:00","Towers Perrin","107,616,354","100,063,904","7,552,450","93","10,110,310","74.7","5","NULL"
"Los Angeles County Transportation Authority Non-Contract Employees' Retirement System","7162","20032004","2003-12-31T00:00:00","Towers Perrin","150,494,692","138,369,529","12,125,163","91.9","10,461,669","115.9","5","NULL"
"Los Angeles County Transportation Authority Non-Contract Employees' Retirement System","7162","20022003","2002-12-31T00:00:00","Towers Perrin","145,103,086","135,743,777","9,359,309","93.5","24,460,393","38.3","5","NULL"
"Los Angeles County Transportation Authority Transportation Communication - Union Employees' Retirement System","7160","20152016","2015-12-31T00:00:00","Willis Towers Watson","121,519,948","97,457,195","24,062,753","80.2","37,014,032","65","5","NULL"
"Los Angeles County Transportation Authority Transportation Communication - Union Employees' Retirement System","7160","20142015","2014-12-31T00:00:00","Towers Watson","115,956,597","92,844,299","23,112,298","80.1","34,512,042","66.9","5","NULL"
"Los Angeles County Transportation Authority Transportation Communication - Union Employees' Retirement System","7160","20132014","2013-12-31T00:00:00","Towers Watson","106,026,156","85,534,195","20,491,961","80.7","28,978,489","70.7","5","NULL"
"Los Angeles County Transportation Authority Transportation Communication - Union Employees' Retirement System","7160","20122013","2012-12-31T00:00:00","Towers Watson","109,765,804","70,250,161","39,515,643","64","28,735,120","137.5","5","NULL"
"Los Angeles County Transportation Authority Transportation Communication - Union Employees' Retirement System","7160","20112012","2011-12-31T00:00:00","Towers Watson","105,147,634","67,667,507","37,480,127","64.4","26,974,883","138.9","5","NULL"
"Los Angeles County Transportation Authority Transportation Communication - Union Employees' Retirement System","7160","20102011","2010-12-31T00:00:00","Towers Watson","94,415,211","65,517,572","28,897,639","69.4","26,409,852","109.4","5","NULL"
"Los Angeles County Transportation Authority Transportation Communication - Union Employees' Retirement System","7160","20092010","2009-12-31T00:00:00","Towers Watson","90,026,769","61,865,666","28,161,103","68.7","27,578,375","102.1","5","NULL"
"Los Angeles County Transportation Authority Transportation Communication - Union Employees' Retirement System","7160","20082009","2008-12-31T00:00:00","Towers Perrin","86,147,611","53,051,867","33,095,744","61.6","27,056,815","122.3","5","NULL"
"North of the River Recreation and Park District Pension Trust Fund","7152","20032004","NULL","Defined Contribution Plan",,,"0","NULL","3,222,396","NULL","NULL","NULL"
"Los Angeles County Transportation Authority Transportation Communication - Union Employees' Retirement System","7160","20072008","2007-12-31T00:00:00","Towers Perrin","72,981,395","53,142,136","19,839,259","72.8","26,734,876","74.2","5","NULL"
"Los Angeles County Transportation Authority Transportation Communication - Union Employees' Retirement System","7160","20062007","2006-12-31T00:00:00","Towers Perrin","69,215,411","50,339,095","18,876,316","72.7","26,783,854","70.5","5","NULL"
"Los Angeles County Transportation Authority Transportation Communication - Union Employees' Retirement System","7160","20052006","2005-12-31T00:00:00","Towers Perrin","66,898,185","46,439,904","20,458,281","69.4","26,681,935","76.7","5","NULL"
"Los Angeles County Transportation Authority Transportation Communication - Union Employees' Retirement System","7160","20042005","2004-12-31T00:00:00","Towers Perrin","55,997,130","46,019,707","9,977,423","82.2","28,089,222","35.5","5","NULL"
"Los Angeles County Transportation Authority Transportation Communication - Union Employees' Retirement System","7160","20032004","2003-12-31T00:00:00","Towers Perrin","54,888,909","44,173,810","10,715,099","80.5","27,609,913","38.8","5","NULL"
"Los Angeles County Transportation Authority Transportation Communication - Union Employees' Retirement System","7160","20022003","2002-12-31T00:00:00","Towers Perrin","53,675,391","40,933,393","12,741,998","76.3","27,044,356","47.1","5","NULL"
"Modesto Irrigation District Supplemental Retirement Plan","7195","20122013","NULL","Defined Contribution Plan",,,"0","NULL","34,202,015","0","NULL","NULL"
"Los Angeles County Transportation Authority United Transportation Union Employees' Retirement System","7163","20152016","2015-12-31T00:00:00","Willis Towers Watson","687,553,275","487,551,203","200,002,072","70.9","193,245,583","103.4","5","NULL"
"Los Angeles County Transportation Authority United Transportation Union Employees' Retirement System","7163","20142015","2014-12-31T00:00:00","Towers Watson","666,732,121","462,965,799","203,766,322","69.4","187,394,788","108.7","5","NULL"
"Los Angeles County Transportation Authority United Transportation Union Employees' Retirement System","7163","20132014","2013-12-31T00:00:00","Towers Watson","616,389,453","430,208,068","186,181,385","69.8","173,321,604","107.4","5","NULL"
"Los Angeles County Transportation Authority United Transportation Union Employees' Retirement System","7163","20122013","2012-12-31T00:00:00","Towers Watson","605,420,704","389,041,420","216,379,284","64.3","177,929,969","121.6","5","NULL"
"Los Angeles County Transportation Authority United Transportation Union Employees' Retirement System","7163","20112012","2011-12-31T00:00:00","Towers Watson","586,643,465","386,459,202","200,184,263","65.9","181,993,114","110","5","NULL"
"Los Angeles County Transportation Authority United Transportation Union Employees' Retirement System","7163","20102011","2010-12-31T00:00:00","Towers Watson","534,041,534","379,136,676","154,904,858","71","181,850,105","85.2","5","NULL"
"Los Angeles County Transportation Authority United Transportation Union Employees' Retirement System","7163","20092010","2009-12-31T00:00:00","Towers Watson","512,887,262","362,222,256","150,665,006","70.6","190,212,313","79.2","5","NULL"
"Los Angeles County Transportation Authority United Transportation Union Employees' Retirement System","7163","20082009","2008-12-31T00:00:00","Towers Perrin","488,326,609","306,524,968","181,801,641","62.8","192,718,732","94.3","5","NULL"
"Los Angeles County Transportation Authority United Transportation Union Employees' Retirement System","7163","20072008","2007-12-31T00:00:00","Towers Perrin","439,532,418","310,066,808","129,465,610","70.5","188,647,527","68.6","5","NULL"
"Los Angeles County Transportation Authority United Transportation Union Employees' Retirement System","7163","20062007","2006-12-31T00:00:00","Towers Perrin","421,909,773","294,543,941","127,365,832","69.8","186,563,526","68.3","5","NULL"
"Los Angeles County Transportation Authority United Transportation Union Employees' Retirement System","7163","20052006","2005-12-31T00:00:00","Towers Perrin","411,569,751","271,771,034","139,798,717","66","174,989,646","79.9","5","NULL"
"Los Angeles County Transportation Authority United Transportation Union Employees' Retirement System","7163","20042005","2004-12-31T00:00:00","Towers Perrin","353,905,926","259,397,487","94,508,439","73.3","172,980,573","54.6","5","NULL"
"Los Angeles County Transportation Authority United Transportation Union Employees' Retirement System","7163","20032004","2003-12-31T00:00:00","Towers Perrin","350,362,232","248,041,464","102,320,768","70.8","170,078,402","60.2","5","NULL"
"Los Angeles County Transportation Authority United Transportation Union Employees' Retirement System","7163","20022003","2002-12-31T00:00:00","Towers Perrin","345,505,062","221,664,517","123,840,545","64.2","169,688,700","73","5","NULL"
"Madera Irrigation District 401(k) Pension Plan","8295","20152016","NULL","N/A",,,"0","NULL","2,519,079","0","NULL","NULL"
"Madera Irrigation District 401(k) Pension Plan","8295","20142015","NULL","N/A",,,"0","NULL","2,716,323","NULL","NULL","NULL"
"Madera Irrigation District 401(k) Pension Plan","8295","20132014","NULL","N/A",,,"0","NULL","2,638,547","NULL","NULL","NULL"
"Madera Irrigation District 401(k) Pension Plan","8295","20122013","NULL","N/A",,,"0","NULL","2,489,065","NULL","NULL","NULL"
"Madera Irrigation District 401(k) Pension Plan","8295","20092010","NULL","NULL",,,"0","NULL","2,104,945","NULL","NULL","NULL"
"Madera Irrigation District 401(k) Pension Plan","8295","20082009","NULL","NULL",,,"0","NULL","1,965,513","NULL","NULL","NULL"
"Madera Irrigation District 401(k) Pension Plan","8295","20072008","NULL","DCP",,,"0","NULL","1,691,534","NULL","NULL","NULL"
"Madera Irrigation District 401(k) Pension Plan","8295","20062007","NULL","dcp",,,"0","NULL","1,675,360","NULL","NULL","NULL"
"Madera Irrigation District 401(k) Pension Plan","8295","20052006","NULL","NULL",,,"0","NULL","1,602,850","NULL","NULL","NULL"
"Madera Irrigation District 401(k) Pension Plan","8295","20042005","NULL","dcp",,,"0","NULL","1,587,687","NULL","NULL","NULL"
"Madera Irrigation District 401(k) Pension Plan","8295","20032004","NULL","DCP",,,"0","NULL","1,816,169","0","NULL","NULL"
"Madera Irrigation District 401(k) Pension Plan","8295","20022003","NULL","dcp",,,"0","NULL","1,612,392","NULL","NULL","NULL"
"Marin County Employees' Retirement Association","7264","20152016","2014-06-30T00:00:00","Cheiron","2,275,641,598","1,992,111,553","283,530,045","87.5","226,441,577","NULL","1","NULL"
"Marin County Employees' Retirement Association","7264","20142015","2013-06-30T00:00:00","Cheiron","2,156,571,806","1,586,563,147","570,008,659","73.6","217,213,593","262.4","1","NULL"
"Marin County Employees' Retirement Association","7264","20132014","2012-06-30T00:00:00","Cheiron","2,072,759,723","1,477,814,672","594,945,051","71.3","213,611,545","275.4","1","NULL"
"Marin County Employees' Retirement Association","7264","20122013","2011-06-30T00:00:00","EFI Actuaries","1,985,099,435","1,430,279,987","554,819,448","72.1","216,026,072","256.8","1","NULL"
"Marin County Employees' Retirement Association","7264","20112012","2011-06-30T00:00:00","EFI Actuaries","1,985,099,435","1,430,279,987","554,819,448","72.1","215,756,977","257.2","1","NULL"
"Marin County Employees' Retirement Association","7264","20102011","2010-06-30T00:00:00","EFI Actuaries","1,929,666,000","1,368,705,000","560,961,000","70.9","220,827,549","254","1","NULL"
"Marin County Employees' Retirement Association","7264","20092010","2009-06-30T00:00:00","EFI Actuaries","1,862,434,000","1,343,253,000","519,181,000","72.1","221,815,166","0","1","NULL"
"Marin County Employees' Retirement Association","7264","20082009","2008-06-30T00:00:00","EFI Actuaries","1,769,620,000","1,485,918,000","283,702,000","84","224,369,073","126.4","1","NULL"
"Marin County Employees' Retirement Association","7264","20072008","2007-06-30T00:00:00","EFI Actuaries","1,582,929,000","1,351,957,000","230,972,000","85.4","197,238,061","117.1","1","NULL"
"Marin County Employees' Retirement Association","7264","20062007","2006-06-30T00:00:00","Gabriel, Roeder, Smith & Co.","1,501,701,000","1,210,942,000","290,759,000","80.6","202,424,659","156.2","1","NULL"
"Marin County Employees' Retirement Association","7264","20052006","2005-06-30T00:00:00","Gabriel, Roeder, Smith & Co.","1,356,218,000","1,140,720,000","215,498,000","84.1","177,518,382","121.4","1","NULL"
"Marin County Employees' Retirement Association","7264","20042005","2004-06-30T00:00:00","Gabriel, Roeder, Smith & Co.","1,277,737,000","1,116,939,000","160,798,000","87.4","180,022,967","89.3","1","NULL"
"Marin County Employees' Retirement Association","7264","20032004","2003-06-30T00:00:00","Gabriel, Roeder, Smith & Co.","1,153,671,000","1,098,936,000","54,735,000","95.3","172,268,814","31.8","1","NULL"
"Marin County Employees' Retirement Association","7264","20022003","2002-06-30T00:00:00","Mercer Human Resource Consulting, Inc","1,063,686,000","989,849,000","73,837,000","93.1","167,354,778","44.1","1","NULL"
"Marin County Transit District 401 (a) Plan","12813","20152016","NULL","na",,,"0","NULL","1,214,665","0","NULL","NULL"
"Mendocino County Employees' Retirement Association","7265","20152016","2016-06-30T00:00:00","Segal Consulting","632,057,539","446,773,272","185,284,267","70.7","61,214,954","302.6","1","NULL"
"Mendocino County Employees' Retirement Association","7265","20142015","2015-06-30T00:00:00","Segal Consulting","610,381,849","428,228,929","182,152,920","70.2","58,106,396","313.4","1","NULL"
"Mendocino County Employees' Retirement Association","7265","20132014","2014-06-30T00:00:00","Segal Consulting","584,428,884","404,855,842","179,573,042","69.3","55,876,248","321.3","1","NULL"
"Mendocino County Employees' Retirement Association","7265","20122013","2013-06-30T00:00:00","Segal Consulting","510,461,279","378,777,024","131,684,255","74.2","430,463,983","233.2","1","NULL"
"Mendocino County Employees' Retirement Association","7265","20112012","2012-06-30T00:00:00","the Segal Group","489,014,364","362,487,345","126,527,019","74.1","56,596,088","223.6","1","NULL"
"Mendocino County Employees' Retirement Association","7265","20102011","2011-06-30T00:00:00","The Segal Group","472,644,283","347,731,607","124,912,676","73.6","64,143,765","194.7","1","NULL"
"Mendocino County Employees' Retirement Association","7265","20092010","2010-06-30T00:00:00","Buck Consultants","434,987,000","343,202,000","91,785,000","78.9","69,004,002","133","1","NULL"
"Mendocino County Employees' Retirement Association","7265","20082009","2009-06-30T00:00:00","Buck Consultants","403,196,000","336,263,000","66,933,000","83.4","72,235,097","92.7","1","NULL"
"Mendocino County Employees' Retirement Association","7265","20072008","2008-06-30T00:00:00","buck consultants","373,832,000","353,420,714","20,411,286","94.5","70,880,333","28.8","1","NULL"
"Mendocino County Employees' Retirement Association","7265","20062007","2007-06-30T00:00:00","Buck Consultants","358,259,000","317,937,000","40,322,000","88.7","64,225,371","61.2","1","NULL"
"Mendocino County Employees' Retirement Association","7265","20052006","2006-06-30T00:00:00","Buck Consultants","320,123,321","288,460,739","31,662,582","90.1","57,665,172","54.9","1","NULL"
"Mendocino County Employees' Retirement Association","7265","20042005","2005-06-30T00:00:00","Buck Consultants","289,467,000","253,487,000","35,980,000","87.6","57,664,000","62.4","1","NULL"
"Mendocino County Employees' Retirement Association","7265","20032004","2003-06-30T00:00:00","Mellon Consultants","243,342,000","233,764,489","9,577,511","96.1","58,550,087","16.4","1","NULL"
"Mendocino County Employees' Retirement Association","7265","20022003","2003-06-30T00:00:00","Mellon Consultants","243,342,000","233,764,489","9,577,511","96.1","58,197,863","16.5","1","NULL"
"Merced County Employees' Retirement Association","7266","20152016","2014-06-30T00:00:00","Cheiron","1,096,200,000","609,700,000","486,500,000","55.6","114,397,644","425.2","1","NULL"
"Merced County Employees' Retirement Association","7266","20142015","2014-06-30T00:00:00","Cheiron","1,096,200,000","609,700,000","486,500,000","55.6","110,111,993","441.8","1","NULL"
"Merced County Employees' Retirement Association","7266","20132014","2013-06-30T00:00:00","Cheiron","1,065,298,000","547,264,000","518,034,000","51.4","110,259,316","NULL","1","NULL"
"Merced County Employees' Retirement Association","7266","20122013","2012-06-30T00:00:00","Cheiron EFI","975,608,000","528,728,000","446,880,000","54.2","109,851,403","406.8","1","NULL"
"Merced County Employees' Retirement Association","7266","20112012","2011-06-30T00:00:00","EFI Actuaries","933,916,683","523,980,432","409,936,251","56.1","114,746,286","357.3","1","NULL"
"Merced County Employees' Retirement Association","7266","20102011","2010-06-30T00:00:00","EFI Actuaries","930,832,065","509,561,395","421,270,670","54.7","114,607,909","367.6","1","NULL"
"Merced County Employees' Retirement Association","7266","20092010","2009-06-30T00:00:00","EFI Actuaries","809,680,590","483,144,756","326,535,834","59.7","118,629,922","275.3","1","NULL"
"Merced County Employees' Retirement Association","7266","20082009","2008-06-30T00:00:00","Buck Consultants","692,252,217","488,346,514","203,905,703","70.5","109,253,000","186.6","1","NULL"
"Merced County Employees' Retirement Association","7266","20072008","2007-06-30T00:00:00","Buck Consultants","656,415,000","484,450,000","171,965,000","73.8","100,589,000","171","1","NULL"
"Merced County Employees' Retirement Association","7266","20062007","2006-06-30T00:00:00","Buck Consultants","624,333,431","443,998,782","180,334,649","71.1","101,138,000","178.3","1","NULL"
"Merced County Employees' Retirement Association","7266","20052006","2005-06-30T00:00:00","Buck Consultants","589,794,407","428,813,477","160,980,930","72.7","97,507,000","165.1","1","NULL"
"Merced County Employees' Retirement Association","7266","20042005","2004-06-30T00:00:00","Buck Consultants","531,938,000","430,054,000","101,884,000","80.8","89,516,000","113.8","1","NULL"
"Merced County Employees' Retirement Association","7266","20032004","2003-06-30T00:00:00","Mellon Consultants","451,181,000","428,959,000","22,222,000","95.1","91,374,254","24.3","1","NULL"
"Merced County Employees' Retirement Association","7266","20022003","2002-06-30T00:00:00","Buck Consultants","421,434,943","424,612,916","-3,177,973","100.8","87,675,561","-3.6","1","NULL"
"Modesto Irrigation District Basic Retirement Plan","7186","20152016","2015-01-01T00:00:00","Transamerica Retirement Solutions","307,347,518","231,013,865","76,333,653","75.2","35,448,009","215.3","1","NULL"
"Modesto Irrigation District Basic Retirement Plan","7186","20142015","2015-01-02T00:00:00","Transamerica Retirement Solutions","307,347,518","231,013,865","76,333,653","75.2","35,448,009","216.3","1","NULL"
"Modesto Irrigation District Basic Retirement Plan","7186","20132014","2014-01-01T00:00:00","Transamerica Retirement Solutions","278,226,944","198,970,936","79,256,008","71.5","35,550,199","NULL","5","NULL"
"Modesto Irrigation District Basic Retirement Plan","7186","20122013","2013-01-01T00:00:00","Diversified Investment Advisors","262,062,180","178,779,989","83,282,191","68.2","33,080,856","248.5","5","NULL"
"Modesto Irrigation District Basic Retirement Plan","7186","20112012","2012-01-01T00:00:00","Diversified Investment Advisors","233,272,731","166,042,729","67,230,002","71.2","30,530,024","220.2","5","NULL"
"Modesto Irrigation District Basic Retirement Plan","7186","20102011","2011-01-01T00:00:00","Diversified Investment Advisors","215,073,516","149,032,856","66,040,660","69.3","31,406,581","210.3","5","NULL"
"Public Agency Retirement System","7217","20132014","NULL","NULL",,,"0","NULL","436,865,082","0","NULL","NULL"
"Modesto Irrigation District Basic Retirement Plan","7186","20092010","2010-01-01T00:00:00","Diversified Investment Advisors","203,314,785","143,288,154","60,026,631","70.5","31,171,112","192.6","5","NULL"
"Modesto Irrigation District Basic Retirement Plan","7186","20082009","2009-01-01T00:00:00","Diversified Investment Advisors","192,168,888","143,388,154","48,780,734","74.6","32,130,514","151.8","5","NULL"
"Modesto Irrigation District Basic Retirement Plan","7186","20072008","2008-01-01T00:00:00","Diversified Investment Advisors","178,276,456","147,036,681","31,239,775","82.5","32,298,530","96.7","5","NULL"
"Modesto Irrigation District Basic Retirement Plan","7186","20062007","2007-01-01T00:00:00","Clark Consulting","163,697,550","134,628,464","29,069,086","82.2","28,622,267","101.6","5","NULL"
"Modesto Irrigation District Basic Retirement Plan","7186","20052006","2006-01-01T00:00:00","Clark Consulting","151,877,572","120,921,833","30,955,739","79.6","29,615,591","104.5","5","NULL"
"Modesto Irrigation District Basic Retirement Plan","7186","20042005","2005-01-01T00:00:00","Clark Consulting","133,933,027","109,124,467","24,808,560","81.5","28,948,480","85.7","5","NULL"
"Modesto Irrigation District Basic Retirement Plan","7186","20032004","2004-01-01T00:00:00","Clark Consulting","104,583,754","101,353,816","3,229,938","96.9","27,808,492","11.6","5","NULL"
"Modesto Irrigation District Basic Retirement Plan","7186","20022003","2003-01-01T00:00:00","Clark/Bardes Consulting","95,408,988","81,653,137","13,755,851","85.6","25,877,652","53.2","5","NULL"
"Modesto Irrigation District Supplemental Retirement Plan","7195","20152016","NULL","Defined Contribution Plan",,,"0","NULL","41,077,259","NULL","NULL","NULL"
"Modesto Irrigation District Supplemental Retirement Plan","7195","20142015","NULL","Defined Contribution Plan",,,"0","NULL","38,325,437","NULL","NULL","NULL"
"Modesto Irrigation District Supplemental Retirement Plan","7195","20132014","NULL","Defined Contribution Plan",,,"0","NULL","37,539,239","NULL","NULL","NULL"
"PARS Participant Directed Investment Program Trust","10523","20142015","NULL","NULL","0",,"0","NULL","26,674,739","NULL","NULL","NULL"
"Modesto Irrigation District Supplemental Retirement Plan","7195","20112012","NULL","DCP",,,"0","NULL","33,361,640","NULL","NULL","NULL"
"Modesto Irrigation District Supplemental Retirement Plan","7195","20102011","NULL","dcp",,,"0","NULL","33,486,040","NULL","NULL","NULL"
"Modesto Irrigation District Supplemental Retirement Plan","7195","20092010","NULL","dcp",,,"0","NULL","34,314,000","NULL","NULL","NULL"
"Modesto Irrigation District Supplemental Retirement Plan","7195","20082009","NULL","dcp",,,"0","NULL","35,177,360","NULL","NULL","NULL"
"Modesto Irrigation District Supplemental Retirement Plan","7195","20072008","NULL","dcp",,,"0","NULL","32,851,820","NULL","NULL","NULL"
"Modesto Irrigation District Supplemental Retirement Plan","7195","20062007","NULL","dcp",,,"0","NULL","31,942,180","NULL","NULL","NULL"
"Modesto Irrigation District Supplemental Retirement Plan","7195","20052006","NULL","dcp",,,"0","NULL","31,094,720","NULL","NULL","NULL"
"Modesto Irrigation District Supplemental Retirement Plan","7195","20042005","NULL","NULL",,,"0","NULL","30,852,840","NULL","NULL","NULL"
"Modesto Irrigation District Supplemental Retirement Plan","7195","20032004","NULL","dcp",,,"0","NULL","28,268,560","NULL","NULL","NULL"
"Modesto Irrigation District Supplemental Retirement Plan","7195","20022003","NULL","dcp",,,"0","NULL","25,778,154","0","NULL","NULL"
"North of the River Recreation and Park District Pension Trust Fund","7152","20072008","NULL","Defined Contribution Plan",,,"0","NULL",,"NULL","NULL","NULL"
"North of the River Recreation and Park District Pension Trust Fund","7152","20062007","NULL","Defined Contribution Plan",,,"0","NULL",,"NULL","NULL","NULL"
"North of the River Recreation and Park District Pension Trust Fund","7152","20052006","NULL","Defined Contribution Plan",,,"0","NULL","3,366,412","NULL","NULL","NULL"
"North of the River Recreation and Park District Pension Trust Fund","7152","20042005","NULL","Defined Contribution Plan",,,"0","NULL","3,135,903","NULL","NULL","NULL"
"San Diego Data Processing Corporation Money Purchase Plan","7203","20042005","NULL","dcp",,,"0","NULL","19,768,705","NULL","NULL","NULL"
"North of the River Recreation and Park District Pension Trust Fund","7152","20022003","NULL","Defined Contribution Plan",,,"0","NULL","3,249,630","0","NULL","NULL"
"North Tahoe Public Utility District Money Purchase Pension Plan","7169","20152016","NULL","NULL",,,"0","NULL","0","NULL","NULL","NULL"
"North Tahoe Public Utility District Money Purchase Pension Plan","7169","20142015","NULL","dcp",,,"0","NULL","0","NULL","NULL","NULL"
"North Tahoe Public Utility District Money Purchase Pension Plan","7169","20132014","NULL","dcp",,,"0","NULL","0","NULL","NULL","NULL"
"North Tahoe Public Utility District Money Purchase Pension Plan","7169","20122013","NULL","dcp",,,"0","NULL",,"NULL","NULL","NULL"
"North Tahoe Public Utility District Money Purchase Pension Plan","7169","20112012","NULL","dcp",,,"0","NULL","0","-900","NULL","NULL"
"North Tahoe Public Utility District Money Purchase Pension Plan","7169","20102011","NULL","dcp",,,"0","NULL","1,599,100","NULL","NULL","NULL"
"North Tahoe Public Utility District Money Purchase Pension Plan","7169","20092010","NULL","dcp",,,"0","NULL","2,389,469","NULL","NULL","NULL"
"North Tahoe Public Utility District Money Purchase Pension Plan","7169","20082009","NULL","dcp",,,"0","NULL","2,399,843","NULL","NULL","NULL"
"North Tahoe Public Utility District Money Purchase Pension Plan","7169","20072008","NULL","dcp",,,"0","NULL","2,507,574","0","NULL","NULL"
"North Tahoe Public Utility District Money Purchase Pension Plan","7169","20062007","NULL","DCP",,,"0","NULL","2,035,142","NULL","NULL","NULL"
"North Tahoe Public Utility District Money Purchase Pension Plan","7169","20052006","NULL","dcp",,,"0","NULL","1,774,174","NULL","NULL","NULL"
"North Tahoe Public Utility District Money Purchase Pension Plan","7169","20042005","NULL","dcp",,,"0","NULL","1,781,507","NULL","NULL","NULL"
"North Tahoe Public Utility District Money Purchase Pension Plan","7169","20032004","NULL","dcp",,,"0","NULL","1,561,450","NULL","NULL","NULL"
"San Diego Housing Commission Pension Plan","7216","20152016","NULL","NA",,,"0","NULL","18,513,155","NULL","NULL","NULL"
"North Tahoe Public Utility District Money Purchase Pension Plan","7169","20022003","NULL","dcp",,,"0","NULL","1,692,292","NULL","NULL","NULL"
"Orange County Employees' Retirement System","7267","20152016","2014-12-31T00:00:00","The Segal Group","16,413,124,000","11,449,911,000","4,963,213,000","69.8","1,648,160,000","301.1","1","NULL"
"Orange County Employees' Retirement System","7267","20142015","2014-12-31T00:00:00","The Segal Group","16,413,124,000","11,449,911,000","4,963,213,000","69.8","1,648,160,000","301.1","1","NULL"
"Orange County Employees' Retirement System","7267","20132014","2013-12-31T00:00:00","The Segal Group","15,785,042,000","10,417,125,000","5,367,917,000","66","1,604,496,000","NULL","1","NULL"
"Orange County Employees' Retirement System","7267","20122013","2012-12-31T00:00:00","The Segal Company","15,144,888,000","9,469,208,000","5,675,680,000","62.5","1,609,600,000","352.6","1","NULL"
"Orange County Employees' Retirement System","7267","20112012","2011-12-31T00:00:00","The Segal Group","13,522,978,000","9,064,355,000","4,458,623,000","67","1,619,474,479","275.3","1","NULL"
"Orange County Employees' Retirement System","7267","20102011","2010-12-31T00:00:00","The Segal Company","12,425,873,000","8,672,592,000","3,753,281,000","69.8","1,579,238,835","237.7","1","NULL"
"Orange County Employees' Retirement System","7267","20092010","2009-12-31T00:00:00","The Segal Company","11,858,578,000","8,154,687,000","3,703,891,000","68.8","1,618,492,859","22.9","1","NULL"
"Orange County Employees' Retirement System","7267","20082009","2008-12-31T00:00:00","The Segal Company","10,860,715,000","7,748,380,000","3,112,335,000","71.3","1,449,638,169","214.7","1","NULL"
"Orange County Employees' Retirement System","7267","20072008","2007-12-31T00:00:00","The Segal Company","9,996,211,000","7,288,900,000","2,707,311,000","72.9","1,457,159,000","185.8","1","NULL"
"Orange County Employees' Retirement System","7267","20062007","2006-12-31T00:00:00","The Segal Company","8,765,045,000","6,466,085,000","2,298,960,000","73.8","1,322,952,000","173.8","1","NULL"
"Orange County Employees' Retirement System","7267","20052006","2005-12-31T00:00:00","The Segal Company","8,089,627,000","5,786,617,000","2,303,010,000","71.5","1,276,764,000","180.4","1","NULL"
"Orange County Employees' Retirement System","7267","20042005","2004-12-31T00:00:00","The Segal Company","7,586,690,000","5,245,821,000","2,340,869,000","69.1","1,257,136,000","186.2","5","NULL"
"Orange County Employees' Retirement System","7267","20032004","2003-12-31T00:00:00","Towers Perrin","6,099,433,000","4,790,099,000","1,309,334,000","78.5","1,243,964,000","105.3","5","NULL"
"Orange County Employees' Retirement System","7267","20022003","2002-12-31T00:00:00","Towers Perrin","5,673,754,000","4,695,675,000","978,079,000","82.8","1,242,348,000","78.7","5","NULL"
"Orange County Water District Money Purchase and Cash Balance Retirement Plans","7179","20152016","NULL","DCP",,,"0","NULL",,"NULL","NULL","NULL"
"Orange County Water District Money Purchase and Cash Balance Retirement Plans","7179","20142015","NULL","DCP",,,"0","NULL",,"NULL","NULL","NULL"
"Orange County Water District Money Purchase and Cash Balance Retirement Plans","7179","20132014","NULL","DCP",,,"0","NULL",,"NULL","NULL","NULL"
"Orange County Water District Money Purchase and Cash Balance Retirement Plans","7179","20122013","NULL","DCP",,,"0","NULL",,"NULL","NULL","NULL"
"Orange County Water District Money Purchase and Cash Balance Retirement Plans","7179","20112012","NULL","DCP",,,"0","NULL",,"NULL","NULL","NULL"
"Orange County Water District Money Purchase and Cash Balance Retirement Plans","7179","20102011","NULL","DCP",,,"0","NULL","20,055,104","NULL","NULL","NULL"
"Orange County Water District Money Purchase and Cash Balance Retirement Plans","7179","20092010","NULL","DCP",,,"0","NULL","18,595,788","NULL","NULL","NULL"
"Orange County Water District Money Purchase and Cash Balance Retirement Plans","7179","20082009","NULL","DCP",,,"0","NULL","17,421,809","NULL","NULL","NULL"
"Orange County Water District Money Purchase and Cash Balance Retirement Plans","7179","20072008","NULL","dcp",,,"0","NULL","16,015,001","NULL","NULL","NULL"
"Orange County Water District Money Purchase and Cash Balance Retirement Plans","7179","20062007","NULL","dcp",,,"0","NULL","13,510,428","NULL","NULL","NULL"
"Orange County Water District Money Purchase and Cash Balance Retirement Plans","7179","20052006","NULL","dcp",,,"0","NULL","13,056,168","NULL","NULL","NULL"
"Orange County Water District Money Purchase and Cash Balance Retirement Plans","7179","20042005","NULL","dcp",,,"0","NULL","12,473,904","NULL","NULL","NULL"
"Orange County Water District Money Purchase and Cash Balance Retirement Plans","7179","20032004","NULL","dcp",,,"0","NULL","9,047,775","NULL","NULL","NULL"
"Orange County Water District Money Purchase and Cash Balance Retirement Plans","7179","20022003","2002-12-31T00:00:00","dcp",,,"0","NULL","10,936,810","NULL","NULL","NULL"
"Palm Springs Aerial Tramway Restated Pension Plan","11123","20122013","NULL","NULL",,,"0","NULL",,"NULL","6","NULL"
"Palm Springs Aerial Tramway Restated Pension Plan","11123","20112012","2011-07-01T00:00:00","Marilyn Jones","4,430,189","3,610,730","819,459","81.5","3,295,279","24.9","6","NULL"
"San Diego Community College District Social Security Alternative Plan","7213","20132014","NULL","NULL",,,"0","NULL","0","NULL","NULL","NULL"
"Palm Springs Aerial Tramway Restated Pension Plan","11123","20102011","2010-07-01T00:00:00","The Epler Company","3,832,987","2,804,462","1,028,525","73.2","3,270,248","31.5","6","NULL"
"PARS Participant Directed Investment Program Trust","10523","20152016","NULL","NULL","0",,"0","NULL","34,739,959","NULL","NULL","NULL"
"PARS Participant Directed Investment Program Trust","10523","20122013","NULL","N/A","0",,"0","0","21,926,529","0","NULL","NULL"
"PARS Participant Directed Investment Program Trust","10523","20112012","NULL","N/A",,,"0","NULL","24,956,856","NULL","NULL","NULL"
"PARS Participant Directed Investment Program Trust","10523","20102011","NULL","dcp",,,"0","NULL","25,027,968","NULL","NULL","NULL"
"PARS Participant Directed Investment Program Trust","10523","20092010","NULL","dcp",,,"0","NULL","21,784,263","0","NULL","NULL"
"PARS Participant Directed Investment Program Trust","10523","20082009","NULL","dcp",,,"0","NULL","21,596,045","NULL","NULL","NULL"
"Public Agency Retirement System","7217","20152016","NULL","NULL","0",,"0","NULL","520,559,109","NULL","NULL","NULL"
"Public Agency Retirement System","7217","20142015","NULL","NULL","0",,"0","NULL","473,086,364","NULL","NULL","NULL"
"Public Agency Retirement System","7217","20122013","2000-01-01T00:00:00","NULL",,,"0","NULL","300,025,162","NULL","NULL","NULL"
"Public Agency Retirement System","7217","20112012","NULL","dcp",,,"0","NULL","313,766,933","NULL","NULL","NULL"
"Public Agency Retirement System","7217","20102011","NULL","dcp",,,"0","NULL","458,612,397","NULL","NULL","NULL"
"Public Agency Retirement System","7217","20092010","NULL","NULL",,,"0","NULL","553,312,586","0","NULL","NULL"
"Public Agency Retirement System","7217","20082009","NULL","NULL",,,"0","NULL","477,256,906","0","NULL","NULL"
"Public Agency Retirement System","7217","20072008","NULL","NULL",,,"0","NULL","697,639,200","0","NULL","NULL"
"Public Agency Retirement System","7217","20062007","NULL","NULL",,,"0","NULL","524,723,058","NULL","NULL","NULL"
"Public Agency Retirement System","7217","20052006","2006-06-30T00:00:00","DCP",,,"0","NULL","502,118,596","NULL","NULL","NULL"
"Public Agency Retirement System","7217","20042005","2004-06-30T00:00:00","dcp",,,"0","NULL","497,480,210","NULL","NULL","NULL"
"Public Agency Retirement System","7217","20032004","2004-06-30T00:00:00","N/A",,,"0","NULL","512,990,033","NULL","NULL","NULL"
"Public Agency Retirement System","7217","20022003","NULL","DCP",,,"0","NULL","560,681,684","NULL","NULL","NULL"
"San Diego Community College District Social Security Alternative Plan","7213","20052006","NULL","DCP",,,"0","NULL","11,425,656","NULL","NULL","NULL"
"Public Agency Retirement System Defined Benefit Plans","7215","20152016","2016-06-30T00:00:00","Milliman Inc.","17,623,694","4,925,628","12,698,066","27.9","292,231,720","4.3","1","NULL"
"Public Agency Retirement System Defined Benefit Plans","7215","20142015","2014-06-30T00:00:00","Milliman Inc.","13,317,088","6,528,126","6,788,962","49","330,437,723","2","1","NULL"
"Public Agency Retirement System Defined Benefit Plans","7215","20132014","2014-06-30T00:00:00","Milliman Inc.","13,317,088","6,528,126","6,788,962","49","363,876,609","1.8","1","NULL"
"Public Agency Retirement System Defined Benefit Plans","7215","20122013","2012-06-30T00:00:00","Milliman, Inc.","14,390,329","8,187,714","6,202,615","56.9","323,013,214","1.9","1","Other"
"Public Agency Retirement System Defined Benefit Plans","7215","20112012","2012-06-30T00:00:00","Milliman, Inc.","14,390,329","8,187,714","6,202,615","56.9","316,188,679","2","1","NULL"
"Public Agency Retirement System Defined Benefit Plans","7215","20102011","2010-06-30T00:00:00","Milliman USA","9,932,341","7,921,195","2,011,146","79.8","315,882,065","0.6","1","NULL"
"Public Agency Retirement System Defined Benefit Plans","7215","20092010","2010-06-30T00:00:00","Milliman USA","9,932,341","7,921,195","2,011,146","79.8","644,791,846","0.3","1","NULL"
"Public Agency Retirement System Defined Benefit Plans","7215","20082009","2008-06-30T00:00:00","Milliman USA","14,035,905","11,404,355","2,631,550","81.3","329,636,060","0.8","1","NULL"
"Public Agency Retirement System Defined Benefit Plans","7215","20072008","2008-06-30T00:00:00","Milliman USA","14,035,905","11,404,355","2,631,550","81.3","348,085,325","0.8","1","NULL"
"Public Agency Retirement System Defined Benefit Plans","7215","20062007","2006-06-30T00:00:00","Milliman","18,656,442","15,011,387","3,645,055","80.5","294,730,188","1.2","1","NULL"
"Public Agency Retirement System Defined Benefit Plans","7215","20052006","2006-06-30T00:00:00","Milliman USA","18,656,442","15,011,387","3,645,055","80.5","8,636,568","42.2","1","NULL"
"Public Agency Retirement System Defined Benefit Plans","7215","20042005","2004-06-30T00:00:00","Milliman USA","24,048,035","13,523,252","10,524,783","56.2","8,117,507","129.7","1","NULL"
"Public Agency Retirement System Defined Benefit Plans","7215","20032004","2004-06-30T00:00:00","Milliman USA","24,048,035","13,523,252","10,524,783","56.2","8,265,983","127.3","1","NULL"
"Public Agency Retirement System Defined Benefit Plans","7215","20022003","2002-06-30T00:00:00","Milliman USA","21,661,644","19,603,032","2,058,612","90.5","8,504,901","24.2","1","NULL"
"Sacramento County Employees' Retirement System","7268","20152016","2016-06-30T00:00:00","Segal Consulting","9,436,090,000","8,236,402,000","1,199,688,000","87.3","912,421,000","131.4","1","NULL"
"Sacramento County Employees' Retirement System","7268","20142015","2015-06-30T00:00:00","Segal Consulting","9,028,679,000","7,838,825,000","1,189,854,000","86.8","873,328,000","136.2","1","NULL"
"Sacramento County Employees' Retirement System","7268","20132014","2014-06-30T00:00:00","Segal Consulting","8,580,928,000","7,312,993,000","1,267,935,000","85.2","858,343,000","147.7","1","NULL"
"Sacramento County Employees' Retirement System","7268","20122013","2013-06-30T00:00:00","Segal Consulting","8,210,980,000","6,797,757,000","1,413,223,000","82.8","877,657,000","161","1","NULL"
"Sacramento County Employees' Retirement System","7268","20112012","2012-06-30T00:00:00","The Segal Company","7,838,223,000","6,529,895,000","1,308,328,000","83.3","875,671,752","149.4","1","NULL"
"Sacramento County Employees' Retirement System","7268","20102011","2011-06-30T00:00:00","The Segal Company","7,382,897,000","6,420,824,000","962,073,000","87","880,765,606","109.2","1","NULL"
"Sacramento County Employees' Retirement System","7268","20092010","2010-06-30T00:00:00","The Segal Company","7,145,726,000","6,216,994,000","928,732,000","87","912,728,578","101.8","1","NULL"
"Sacramento County Employees' Retirement System","7268","20082009","2009-06-30T00:00:00","The Segal Company","6,661,993,000","5,730,215,000","931,778,000","86","968,129,529","96.2","1","NULL"
"Sacramento County Employees' Retirement System","7268","20072008","2008-06-30T00:00:00","The Segal Company","6,363,355,000","5,930,758,000","432,597,000","93.2","902,970,959","47.9","1","NULL"
"Sacramento County Employees' Retirement System","7268","20062007","2007-06-30T00:00:00","The Segal Company","5,788,336,000","5,406,461,000","381,875,000","93.4","832,483,736","45.9","1","NULL"
"Sacramento County Employees' Retirement System","7268","20052006","2006-06-30T00:00:00","The Segal Company","5,214,915,000","4,848,953,000","365,962,000","93","782,572,930","46.8","1","NULL"
"Sacramento County Employees' Retirement System","7268","20042005","2005-06-30T00:00:00","The Segal Company","4,860,882,000","4,530,583,000","330,299,000","93.2","722,014,178","45.7","1","NULL"
"Sacramento County Employees' Retirement System","7268","20032004","2003-06-30T00:00:00","Mercer Human Resource Consulting, Inc.","4,108,294,000","3,864,400,000","243,894,000","94.1","711,007,927","34.3","1","NULL"
"Sacramento County Employees' Retirement System","7268","20022003","2003-06-30T00:00:00","Mercer Human Resource Consulting, Inc.","4,108,294,000","3,864,400,000","243,894,000","94.1","724,582,000","33.7","1","NULL"
"San Diego Convention Center Corporation Money Purchase Pension Plan","7201","20112012","NULL","NULL",,,"0","NULL","14,792,467","0","NULL","NULL"
"Sacramento Regional Transit District Contract Employees' Retirement Plan","7164","20152016","2015-07-01T00:00:00","Cheiron, Inc","228,868,025","170,486,356","58,381,669","74.5","39,996,000","145.9","1","NULL"
"Sacramento Regional Transit District Contract Employees' Retirement Plan","7164","20142015","2014-07-01T00:00:00","Cheiron Actuaries","213,970,149","157,229,569","56,740,580","73.5","37,950,000","149.5","1","NULL"
"Sacramento Regional Transit District Contract Employees' Retirement Plan","7164","20132014","2013-07-01T00:00:00","Cheiron Actuaries","206,757,596","142,612,093","64,145,503","69","38,858,000","165","1","NULL"
"Sacramento Regional Transit District Contract Employees' Retirement Plan","7164","20122013","2012-07-01T00:00:00","Cheiron/EFI Actuaries","199,249,752","136,651,230","62,598,522","68.6","37,110,134","168.7","1","NULL"
"Sacramento Regional Transit District Contract Employees' Retirement Plan","7164","20112012","2011-07-01T00:00:00","EFI Actuaries","200,302,461","136,269,214","64,033,247","68","38,558,226","166.1","1","NULL"
"Sacramento Regional Transit District Contract Employees' Retirement Plan","7164","20102011","2010-07-01T00:00:00","EFI Actuaries","190,222,989","134,517,986","55,705,003","70.7","35,061,006","145.3","1","NULL"
"Sacramento Regional Transit District Contract Employees' Retirement Plan","7164","20092010","2009-07-01T00:00:00","EFI Actuaries","179,294,287","134,537,202","44,757,085","75","4,164,984","102.6","1","NULL"
"Sacramento Regional Transit District Contract Employees' Retirement Plan","7164","20082009","2008-07-01T00:00:00","EFI Actuaries","171,092,073","134,022,855","37,069,218","78.3","42,607,241","82.5","1","NULL"
"Sacramento Regional Transit District Contract Employees' Retirement Plan","7164","20072008","2007-07-01T00:00:00","EFI Actuaries","154,996,244","125,257,646","29,738,598","80.8","44,718,496","66.5","1","NULL"
"San Diego Convention Center Corporation Money Purchase Pension Plan","7201","20082009","NULL","NULL",,,"0","NULL","13,204,831","0","NULL","NULL"
"Sacramento Regional Transit District Contract Employees' Retirement Plan","7164","20062007","2006-07-01T00:00:00","EFI Actuaries","148,179,336","114,823,844","33,355,492","77.5","41,853,583","77.8","1","NULL"
"Sacramento Regional Transit District Contract Employees' Retirement Plan","7164","20052006","2005-07-01T00:00:00","EFI Actuaries","138,469,439","110,376,315","28,093,124","79.7","41,284,406","68","1","NULL"
"Sacramento Regional Transit District Contract Employees' Retirement Plan","7164","20042005","2004-07-01T00:00:00","EFI Actuaries","128,381,090","107,900,962","20,480,128","84","37,678,844","54.4","1","NULL"
"Sacramento Regional Transit District Contract Employees' Retirement Plan","7164","20032004","2003-07-01T00:00:00","EFI Actuaries","109,134,316","104,044,908","5,089,408","95.3","35,057,594","14.5","1","NULL"
"Sacramento Regional Transit District Contract Employees' Retirement Plan","7164","20022003","2002-07-01T00:00:00","EFI Actuaries","101,635,599","100,236,752","1,398,847","98.6","29,929,217","4.7","1","NULL"
"Sacramento Regional Transit District Salaried Employees' Retirement Plan","7165","20152016","2015-07-01T00:00:00","Cheiron, Inc","114,862,997","73,912,395","40,950,602","64.3","24,342,000","168.2","1","NULL"
"Sacramento Regional Transit District Salaried Employees' Retirement Plan","7165","20142015","2014-07-01T00:00:00","Cheiron, Inc","110,058,889","65,534,382","44,524,507","59.5","23,022,000","193.3","1","NULL"
"Sacramento Regional Transit District Salaried Employees' Retirement Plan","7165","20132014","2013-07-01T00:00:00","Cheiron Actuaries","104,014,863","57,400,417","46,614,446","55.2","22,009,000","211.7","1","NULL"
"Sacramento Regional Transit District Salaried Employees' Retirement Plan","7165","20122013","2012-07-01T00:00:00","Cheiron/EFI Actuaries","97,903,776","53,365,642","44,538,134","54.5","19,626,841","226.9","1","NULL"
"San Diego Housing Commission Money Purchase Pension Plan","10355","20082009","NULL","dcp",,,"0","NULL","608,986","NULL","NULL","NULL"
"Sacramento Regional Transit District Salaried Employees' Retirement Plan","7165","20112012","2011-07-01T00:00:00","EFI Actuaries","96,435,226","52,145,118","44,290,108","54.1","19,105,372","231.8","1","NULL"
"Sacramento Regional Transit District Salaried Employees' Retirement Plan","7165","20102011","2010-07-01T00:00:00","EFI Actuaries","86,869,623","50,994,346","35,875,277","58.7","18,313,798","184.3","1","NULL"
"Sacramento Regional Transit District Salaried Employees' Retirement Plan","7165","20092010","2009-07-01T00:00:00","EFI Actuaries","82,942,062","50,164,727","32,777,335","60.5","21,397,522","153.2","1","NULL"
"Sacramento Regional Transit District Salaried Employees' Retirement Plan","7165","20082009","2008-07-01T00:00:00","EFI Actuaries","79,072,546","48,659,603","30,412,943","61.5","21,264,375","144","1","NULL"
"Sacramento Regional Transit District Salaried Employees' Retirement Plan","7165","20072008","2007-07-01T00:00:00","EFI Actuaries","72,273,554","44,561,443","27,712,111","61.7","21,929,109","126.4","1","NULL"
"Sacramento Regional Transit District Salaried Employees' Retirement Plan","7165","20062007","2006-07-01T00:00:00","EFI Actuaries","65,220,040","40,090,604","25,129,436","61.5","21,471,394","117.6","1","NULL"
"Sacramento Regional Transit District Salaried Employees' Retirement Plan","7165","20052006","2005-07-01T00:00:00","EFI Actuaries","60,378,716","38,191,141","22,187,575","63.3","21,217,121","104.6","1","NULL"
"Sacramento Regional Transit District Salaried Employees' Retirement Plan","7165","20042005","2004-07-01T00:00:00","EFI Actuaries","49,301,837","36,460,209","12,841,628","74","20,162,636","63.7","1","NULL"
"Sacramento Regional Transit District Salaried Employees' Retirement Plan","7165","20032004","2003-07-01T00:00:00","EFI Actuaries","45,844,258","34,831,434","11,012,824","76","15,979,167","68.9","1","NULL"
"Sacramento Regional Transit District Salaried Employees' Retirement Plan","7165","20022003","2002-07-01T00:00:00","EFI Actuaries","41,126,159","32,890,278","8,235,881","80","15,576,351","52.9","1","NULL"
"San Bernardino County Employees' Retirement Association","7269","20152016","2016-06-30T00:00:00","Segal Consulting","10,669,687,907","8,736,959,429","1,932,728,478","81.9","1,346,408,201","143.5","1","NULL"
"San Diego Housing Commission Pension Plan","7216","20042005","NULL","dcp",,,"0","NULL","11,118,363","NULL","NULL","NULL"
"San Bernardino County Employees' Retirement Association","7269","20142015","2015-06-30T00:00:00","Segal Consulting","10,214,472,907","8,255,352,815","1,959,120,092","80.8","1,309,095,254","149.6","1","NULL"
"San Bernardino County Employees' Retirement Association","7269","20132014","2014-06-30T00:00:00","Segal Consulting","9,694,825,407","7,751,308,595","1,943,516,812","80","1,267,666,811","153.3","1","NULL"
"San Bernardino County Employees' Retirement Association","7269","20122013","2013-06-30T00:00:00","The Segal Company","9,088,635,907","7,204,918,478","1,883,717,429","79.3","1,262,751,964","149.2","1","NULL"
"San Bernardino County Employees' Retirement Association","7269","20112012","2012-06-30T00:00:00","The Segal Company","8,606,577,000","6,789,492,000","1,817,085,000","78.9","1,260,309,037","144.2","1","NULL"
"San Bernardino County Employees' Retirement Association","7269","20102011","2011-06-30T00:00:00","The Segal Company","8,189,645,890","6,484,506,557","1,705,139,333","79.2","1,244,554,740","137","1","NULL"
"San Bernardino County Employees' Retirement Association","7269","20092010","2010-06-30T00:00:00","The Segal Company","7,444,986,223","6,367,232,362","1,077,753,861","85.5","1,250,192,961","86.2","1","NULL"
"San Bernardino County Employees' Retirement Association","7269","20082009","2009-06-30T00:00:00","The Segal Company","7,013,534,026","6,383,388,113","630,145,913","91","1,226,431,276","51.4","1","NULL"
"San Bernardino County Employees' Retirement Association","7269","20072008","2008-06-30T00:00:00","The Segal Company","6,773,629,000","6,341,531,000","432,098,000","93.6","1,219,561,653","35.4","1","NULL"
"San Bernardino County Employees' Retirement Association","7269","20062007","2007-06-30T00:00:00","The Segal Company","6,227,013,000","5,797,400,000","429,613,000","93.1","1,102,150,000","39","1","NULL"
"San Bernardino County Employees' Retirement Association","7269","20052006","2006-06-30T00:00:00","The  Segal Company","5,624,646,000","5,175,767,296","448,878,704","92","1,028,730,826","43.6","1","NULL"
"San Bernardino County Employees' Retirement Association","7269","20042005","2005-06-30T00:00:00","The Segal Company","5,215,719,000","4,750,229,000","465,490,000","91.1","968,674,295","48.1","1","NULL"
"San Bernardino County Employees' Retirement Association","7269","20032004","2004-06-30T00:00:00","The Segal Company","4,719,865,000","4,418,151,980","301,713,020","93.6","943,545,000","32","1","NULL"
"San Bernardino County Employees' Retirement Association","7269","20022003","2003-06-30T00:00:00","The Segal Company","4,368,411,000","3,815,573,000","552,838,000","87.3","933,898,000","59.2","1","NULL"
"San Diego City Employees' Retirement System","7246","20152016","2015-06-30T00:00:00","Cheiron","8,799,512,716","6,697,702,669","2,101,810,047","76.1","542,388,056","NULL","1","NULL"
"San Diego City Employees' Retirement System","7246","20142015","2014-06-30T00:00:00","Cheiron","8,419,149,154","6,283,740,017","2,135,409,137","74.6","539,940,956","NULL","1","NULL"
"San Diego City Employees' Retirement System","7246","20132014","2013-06-30T00:00:00","Cheiron","8,080,753,257","5,727,716,151","2,353,037,106","70.9","559,824,613","420.3","1","NULL"
"San Diego City Employees' Retirement System","7246","20122013","2012-06-30T00:00:00","Cheiron","7,740,968,669","5,356,055,801","2,384,912,868","69.2","559,824,614","418.2","1","NULL"
"San Diego City Employees' Retirement System","7246","20112012","2011-06-30T00:00:00","Cheiron","7,356,054,596","5,085,023,189","2,271,031,407","69.1","570,320,446","398.2","1","NULL"
"San Diego City Employees' Retirement System","7246","20102011","2010-06-30T00:00:00","Cheiron","6,914,138,521","4,689,236,424","2,224,902,097","67.8","594,980,318","373.9","1","NULL"
"San Diego City Employees' Retirement System","7246","20092010","2009-06-30T00:00:00","Cheiron","6,638,162,052","4,458,088,413","2,180,073,640","67.2","601,647,226","362.4","1","NULL"
"San Diego City Employees' Retirement System","7246","20082009","2009-06-30T00:00:00","Cheiron","6,638,162,052","4,458,088,413","2,180,073,639","67.2","601,647,226","362.4","1","NULL"
"San Diego City Employees' Retirement System","7246","20072008","2008-06-30T00:00:00","Cheiron","6,287,393,937","4,964,022,299","1,323,371,638","79","597,879,811","221.3","1","NULL"
"San Diego City Employees' Retirement System","7246","20062007","2006-06-30T00:00:00","Cheiron","5,240,241,950","4,226,439,801","1,013,802,149","80.7","587,145,976","172.7","5","NULL"
"San Diego City Employees' Retirement System","7246","20052006","2005-06-30T00:00:00","Cheiron","4,607,767,746","3,175,322,553","1,432,445,193","68.9","610,316,981","234.7","5","NULL"
"San Diego City Employees' Retirement System","7246","20042005","2003-06-30T00:00:00","Gabriel, Roeder, Smith & Co.","3,703,205,000","2,510,457,000","1,192,748,000","67.8","610,316,981","205.9","5","NULL"
"San Diego City Employees' Retirement System","7246","20032004","2003-06-30T00:00:00","Gabriel, Roeder, Smith & Co.","3,703,205,000","2,510,457,000","1,192,748,000","67.8","579,336,179","205.9","5","NULL"
"San Diego City Employees' Retirement System","7246","20022003","2002-06-30T00:00:00","Gabriel, Roeder, Smith & Co.","3,309,118,000","2,588,821,000","720,297,000","78.2","574,219,859","125.4","5","NULL"
"San Diego Community College District Social Security Alternative Plan","7213","20152016","NULL","NULL",,"0","0","NULL",,"NULL","NULL","NULL"
"San Diego Community College District Social Security Alternative Plan","7213","20142015","NULL","NULL",,,"0","NULL","0","NULL","NULL","NULL"
"San Diego Community College District Social Security Alternative Plan","7213","20122013","NULL","NULL",,,"0","NULL","12,357,782","0","NULL","NULL"
"San Diego Community College District Social Security Alternative Plan","7213","20112012","NULL","dcp",,,"0","NULL","12,848,040","NULL","NULL","NULL"
"San Diego Community College District Social Security Alternative Plan","7213","20102011","NULL","dcp",,,"0","NULL","13,353,504","NULL","NULL","NULL"
"San Diego Community College District Social Security Alternative Plan","7213","20092010","NULL","n/a",,,"0","NULL","12,591,187","NULL","NULL","NULL"
"San Diego Community College District Social Security Alternative Plan","7213","20082009","NULL","n/a",,,"0","NULL","13,080,972","NULL","NULL","NULL"
"San Diego Community College District Social Security Alternative Plan","7213","20072008","NULL","n/a",,,"0","NULL","15,077,080","NULL","NULL","NULL"
"San Diego Community College District Social Security Alternative Plan","7213","20062007","NULL","n/a",,,"0","NULL","13,224,956","NULL","NULL","NULL"
"San Diego Community College District Social Security Alternative Plan","7213","20042005","NULL","n/a",,,"0","NULL","10,386,255","NULL","NULL","NULL"
"San Diego Community College District Social Security Alternative Plan","7213","20032004","NULL","defined contriubution",,,"0","NULL","10,141,390","NULL","NULL","NULL"
"San Diego Community College District Social Security Alternative Plan","7213","20022003","NULL","Defined Contribution",,,"0","NULL","12,506,496","NULL","NULL","NULL"
"San Diego Convention Center Corporation Money Purchase Pension Plan","7201","20152016","NULL","NULL",,,"0","NULL","12,141,049","0","NULL","NULL"
"San Diego Convention Center Corporation Money Purchase Pension Plan","7201","20142015","NULL","NULL",,,"0","NULL","11,746,647","NULL","NULL","NULL"
"San Diego Convention Center Corporation Money Purchase Pension Plan","7201","20132014","NULL","NULL",,,"0","NULL","11,614,672","0","NULL","NULL"
"San Diego Convention Center Corporation Money Purchase Pension Plan","7201","20122013","NULL","NULL",,,"0","NULL","15,011,634","NULL","NULL","NULL"
"San Diego Convention Center Corporation Money Purchase Pension Plan","7201","20102011","NULL","NULL",,,"0","NULL","14,978,141","0","NULL","NULL"
"San Diego Convention Center Corporation Money Purchase Pension Plan","7201","20092010","NULL","NULL",,,"0","NULL","14,913,124","0","NULL","NULL"
"San Diego Convention Center Corporation Money Purchase Pension Plan","7201","20072008","NULL","dcp",,,"0","NULL","13,025,335","NULL","NULL","NULL"
"San Diego Convention Center Corporation Money Purchase Pension Plan","7201","20062007","NULL","DCP",,,"0","NULL","13,253,438","NULL","NULL","NULL"
"San Diego Convention Center Corporation Money Purchase Pension Plan","7201","20052006","NULL","DCP",,,"0","NULL","12,547,375","0","NULL","NULL"
"San Diego Convention Center Corporation Money Purchase Pension Plan","7201","20042005","NULL","dcp",,,"0","NULL","12,342,387","NULL","NULL","NULL"
"San Diego Convention Center Corporation Money Purchase Pension Plan","7201","20032004","NULL","DCP",,,"0","NULL","11,505,840","NULL","NULL","NULL"
"San Diego Convention Center Corporation Money Purchase Pension Plan","7201","20022003","NULL","DCP",,,"0","NULL","11,632,207","NULL","NULL","NULL"
"San Diego County Employees' Retirement Association","7270","20152016","2016-06-30T00:00:00","The Segal Company","14,349,090,000","11,030,635,000","3,318,455,000","76.9","1,206,940,233","274.9","1","NULL"
"San Diego County Employees' Retirement Association","7270","20142015","2015-06-30T00:00:00","The Segal Company","13,080,080,000","10,535,337,000","2,544,743,000","80.5","1,163,362,748","218.7","1","NULL"
"San Diego County Employees' Retirement Association","7270","20132014","2014-06-30T00:00:00","The Segal Company","12,141,149,000","9,824,431,000","2,316,718,000","80.9","1,122,864,480","206.3","1","NULL"
"San Diego County Employees' Retirement Association","7270","20122013","2013-06-30T00:00:00","The Segal Company","11,631,237,000","9,186,032,000","2,445,205,000","79","1,067,792,128","229","1","NULL"
"San Diego County Employees' Retirement Association","7270","20112012","2012-06-30T00:00:00","The Segal Company","10,943,172,000","8,607,483,000","2,335,689,000","78.7","1,052,366,000","221.9","1","NULL"
"San Diego County Employees' Retirement Association","7270","20102011","2011-06-30T00:00:00","The Segal Company","10,482,657,000","8,542,291,000","1,940,366,000","81.5","1,038,008,086","177.9","1","NULL"
"San Diego County Employees' Retirement Association","7270","20092010","2010-06-30T00:00:00","The Segal Company","9,999,161,000","8,433,310,000","1,565,851,000","84.3","1,095,576,622","142.9","1","NULL"
"San Diego County Employees' Retirement Association","7270","20082009","2009-06-30T00:00:00","The Segal Company","9,198,636,000","8,413,065,000","785,571,000","91.5","1,129,170,565","69.6","1","NULL"
"San Diego County Employees' Retirement Association","7270","20072008","2008-06-20T00:00:00","The Segal Company","8,722,294,000","8,236,926,000","485,368,000","94.4","1,135,431,988","42.7","1","NULL"
"San Diego County Employees' Retirement Association","7270","20062007","2007-06-30T00:00:00","The Segal Company","8,082,517,000","7,250,404,000","832,113,000","89.7","1,062,396,029","78.3","1","NULL"
"San Diego County Employees' Retirement Association","7270","20052006","2006-06-30T00:00:00","The Segal Company","7,495,294,000","6,263,019,000","1,232,275,000","83.6","979,367,931","125.8","1","NULL"
"San Diego County Employees' Retirement Association","7270","20042005","2005-06-30T00:00:00","The Segal Company","6,990,726,000","5,612,320,000","1,378,406,000","80.3","921,794,592","149.5","1","NULL"
"San Diego County Employees' Retirement Association","7270","20032004","2004-06-30T00:00:00","The Segal Company","6,369,490,000","5,166,759,000","1,202,731,000","81.1","917,081,000","131.1","1","NULL"
"San Diego County Employees' Retirement Association","7270","20022003","2002-10-03T00:00:00","Gabriel, Roeder, Smith & Co.","5,183,340,000","4,278,240,049","905,099,951","82.5","887,570,455","102","1","NULL"
"San Diego Data Processing Corporation Money Purchase Plan","7203","20142015","NULL","DCP",,,"0","NULL",,"NULL","NULL","NULL"
"San Diego Data Processing Corporation Money Purchase Plan","7203","20132014","NULL","dcp",,,"0","NULL","2,954,805","NULL","NULL","NULL"
"San Diego Data Processing Corporation Money Purchase Plan","7203","20122013","NULL","dcp",,,"0","NULL","13,465,394","NULL","NULL","NULL"
"San Diego Data Processing Corporation Money Purchase Plan","7203","20112012","NULL","dcp",,,"0","NULL","18,185,325","NULL","NULL","NULL"
"San Diego Data Processing Corporation Money Purchase Plan","7203","20102011","NULL","dcp",,,"0","NULL","19,749,646","NULL","NULL","NULL"
"San Diego Data Processing Corporation Money Purchase Plan","7203","20092010","NULL","dcp",,,"0","NULL","22,931,629","NULL","NULL","NULL"
"San Diego Data Processing Corporation Money Purchase Plan","7203","20082009","NULL","dcp",,,"0","NULL","20,225,675","NULL","NULL","NULL"
"San Diego Data Processing Corporation Money Purchase Plan","7203","20072008","NULL","dcp",,,"0","NULL","18,455,470","0","NULL","NULL"
"San Diego Data Processing Corporation Money Purchase Plan","7203","20062007","NULL","dcp",,,"0","NULL","17,929,446","NULL","NULL","NULL"
"San Diego Data Processing Corporation Money Purchase Plan","7203","20052006","NULL","dcp",,,"0","NULL","17,036,359","0","NULL","NULL"
"San Diego Data Processing Corporation Money Purchase Plan","7203","20032004","NULL","DCP",,,"0","NULL","23,499,875","0","NULL","NULL"
"San Diego Data Processing Corporation Money Purchase Plan","7203","20022003","NULL","NULL",,,"0","NULL","25,870,169","0","NULL","NULL"
"San Diego Housing Commission Money Purchase Pension Plan","10355","20152016","NULL","NULL",,,"0","NULL","18,513,156","0","NULL","NULL"
"San Diego Housing Commission Money Purchase Pension Plan","10355","20142015","NULL","NULL",,,"0","NULL","17,587,600","NULL","NULL","NULL"
"San Diego Housing Commission Money Purchase Pension Plan","10355","20132014","NULL","NULL",,,"0","NULL","17,415,910","NULL","NULL","NULL"
"San Diego Housing Commission Money Purchase Pension Plan","10355","20122013","NULL","NULL",,,"0","NULL","16,731,277","NULL","NULL","NULL"
"San Diego Housing Commission Money Purchase Pension Plan","10355","20112012","NULL","dcp",,,"0","NULL","15,546,281","NULL","NULL","NULL"
"San Diego Housing Commission Money Purchase Pension Plan","10355","20102011","NULL","dcp",,,"0","NULL","16,822,339","NULL","NULL","NULL"
"San Diego Housing Commission Money Purchase Pension Plan","10355","20092010","NULL","dcp",,,"0","NULL","13,952,807","NULL","NULL","NULL"
"San Diego Housing Commission Pension Plan","7216","20142015","NULL","NULL",,,"0","NULL","16,543,896","NULL","NULL","NULL"
"San Diego Housing Commission Pension Plan","7216","20132014","NULL","dcp",,,"0","NULL","16,307,172","NULL","NULL","NULL"
"San Diego Housing Commission Pension Plan","7216","20122013","NULL","NULL",,,"0","NULL","15,699,692","NULL","NULL","NULL"
"San Diego Housing Commission Pension Plan","7216","20112012","NULL","dcp",,,"0","NULL","14,738,299","NULL","NULL","NULL"
"San Diego Housing Commission Pension Plan","7216","20102011","NULL","dcp",,,"0","NULL","14,185,945","0","NULL","NULL"
"San Diego Housing Commission Pension Plan","7216","20092010","NULL","NULL",,,"0","NULL","13,615,986","0","NULL","NULL"
"San Diego Housing Commission Pension Plan","7216","20082009","NULL","NULL",,,"0","NULL","12,166,459","NULL","NULL","NULL"
"San Diego Housing Commission Pension Plan","7216","20072008","NULL","dcp",,,"0","NULL","11,506,901","0","NULL","NULL"
"San Diego Housing Commission Pension Plan","7216","20062007","NULL","dcp",,,"0","NULL","11,492,079","NULL","NULL","NULL"
"San Diego Housing Commission Pension Plan","7216","20052006","NULL","dcp",,,"0","NULL","11,134,885","NULL","NULL","NULL"
"San Diego Housing Commission Pension Plan","7216","20032004","NULL","dcp",,,"0","NULL","11,311,191","NULL","NULL","NULL"
"San Diego Housing Commission Pension Plan","7216","20022003","NULL","dcp",,,"0","NULL","11,323,888","NULL","NULL","NULL"
"San Diego Supplemental Pension Savings Plan","7254","20152016","NULL","NULL",,,"0","NULL","542,387,539","NULL","NULL","NULL"
"San Diego Supplemental Pension Savings Plan","7254","20142015","NULL","NULL",,,"0","NULL","554,587,621","0","NULL","NULL"
"San Diego Supplemental Pension Savings Plan","7254","20132014","NULL","NULL",,,"0","NULL","569,234,933","0","NULL","NULL"
"San Diego Supplemental Pension Savings Plan","7254","20122013","NULL","NULL",,,"0","NULL","580,898,718","NULL","NULL","NULL"
"San Diego Supplemental Pension Savings Plan","7254","20112012","NULL","N/A",,,"0","NULL","354,885,449","NULL","NULL","NULL"
"San Diego Supplemental Pension Savings Plan","7254","20102011","NULL","N/A",,,"0","NULL","361,974,012","NULL","NULL","NULL"
"San Diego Supplemental Pension Savings Plan","7254","20092010","NULL","dcp",,,"0","NULL","366,951,895","NULL","NULL","NULL"
"San Diego Supplemental Pension Savings Plan","7254","20082009","2008-06-30T00:00:00","dcp",,,"0","NULL","377,578,138","NULL","NULL","NULL"
"San Diego Supplemental Pension Savings Plan","7254","20072008","NULL","DCP",,,"0","NULL","362,722,155","NULL","NULL","NULL"
"San Diego Supplemental Pension Savings Plan","7254","20062007","NULL","DCP",,,"0","NULL","373,468,067","NULL","NULL","NULL"
"San Diego Supplemental Pension Savings Plan","7254","20052006","2006-12-31T00:00:00","dcp",,,"0","NULL","428,878,421","NULL","NULL","NULL"
"San Diego Supplemental Pension Savings Plan","7254","20042005","2005-12-31T00:00:00","dcp",,,"0","NULL","412,996,927","NULL","NULL","NULL"
"San Diego Supplemental Pension Savings Plan","7254","20032004","NULL","dcp",,,"0","NULL","398,248,742","NULL","NULL","NULL"
"San Diego Supplemental Pension Savings Plan","7254","20022003","2003-12-31T00:00:00","Defined contribution plan",,,"0","NULL","398,562,657","NULL","NULL","NULL"
"San Diego Transit Corporation Employees' Retirement Plan","7200","20152016","2015-07-01T00:00:00","Cheiron","256,745,469","168,571,376","88,174,093","65.7","31,048,663","283.9","1","NULL"
"San Diego Transit Corporation Employees' Retirement Plan","7200","20142015","2014-07-01T00:00:00","Cheiron","250,491,593","161,380,520","89,111,073","64.4","32,658,827","272.8","1","NULL"
"San Diego Transit Corporation Employees' Retirement Plan","7200","20132014","2013-07-01T00:00:00","Cheiron","241,331,470","148,451,522","92,879,948","61.5","32,707,265","283.9","1","NULL"
"San Diego Transit Corporation Employees' Retirement Plan","7200","20122013","2012-07-01T00:00:00","Cheiron","235,400,557","147,787,312","87,613,245","62.8","33,392,891","262.4","1","NULL"
"San Diego Transit Corporation Employees' Retirement Plan","7200","20112012","2011-07-01T00:00:00","EFI Actuaries","236,874,642","151,113,025","85,761,617","63.8","32,573,125","263.3","1","NULL"
"San Diego Transit Corporation Employees' Retirement Plan","7200","20102011","2010-07-01T00:00:00","EFI Actuaries","226,820,827","152,895,717","73,925,110","67.4","31,888,597","231.8","1","NULL"
"San Diego Transit Corporation Employees' Retirement Plan","7200","20092010","2009-07-01T00:00:00","EFI Actuaries","202,089,428","144,196,322","57,893,106","71.4","33,893,666","170.8","1","NULL"
"San Diego Transit Corporation Employees' Retirement Plan","7200","20082009","2008-07-01T00:00:00","EFI Actuaries","195,624,156","164,759,680","30,864,476","84.2","33,251,305","92.8","1","NULL"
"San Diego Transit Corporation Employees' Retirement Plan","7200","20072008","2007-07-01T00:00:00","EFI Actuaries","186,611,461","160,696,946","25,914,515","86.1","33,026,594","78.5","1","NULL"
"San Diego Transit Corporation Employees' Retirement Plan","7200","20062007","2006-01-01T00:00:00","EFI Actuaries","168,877,304","153,083,086","15,794,218","90.6","34,958,968","45.2","1","NULL"
"San Diego Transit Corporation Employees' Retirement Plan","7200","20052006","2006-01-01T00:00:00","EFI Actuaries","168,877,304","153,083,086","15,794,218","90.6","34,958,968","45.2","1","NULL"
"San Diego Transit Corporation Employees' Retirement Plan","7200","20042005","2005-01-01T00:00:00","EFI Actuaries","162,878,929","152,877,022","10,001,907","93.9","34,858,941","28.7","1","NULL"
"San Diego Transit Corporation Employees' Retirement Plan","7200","20032004","2004-01-01T00:00:00","EFI Actuaries","132,307,053","78,667,471","53,639,582","59.5","36,237,000","148","1","NULL"
"San Diego Transit Corporation Employees' Retirement Plan","7200","20022003","2002-01-01T00:00:00","EFI Actuaries","119,777,766","74,859,876","44,917,890","62.5","34,793,506","117.4","1","NULL"
"San Francisco City and County Employees' Retirement System","7247","20152016","2015-07-01T00:00:00","Cheiron, Inc.","22,970,900,000","19,653,300,000","3,317,600,000","85.6","2,700,739,913","122.8","1","NULL"
"San Francisco City and County Employees' Retirement System","7247","20142015","2014-07-01T00:00:00","Cheiron, Inc.","21,122,600,000","18,012,100,000","3,110,500,000","85.3","2,538,718,769","122.5","1","NULL"
"San Francisco City and County Employees' Retirement System","7247","20132014","2013-07-01T00:00:00","Cheiron, Inc.","20,224,800,000","16,303,400,000","3,921,400,000","80.6","2,449,531,019","160","1","NULL"
"San Francisco City and County Employees' Retirement System","7247","20122013","2012-07-01T00:00:00","Cheiron, Inc.","19,393,900,000","16,027,700,000","3,366,200,000","82.6","2,323,991,126","144.8","1","NULL"
"San Francisco City and County Employees' Retirement System","7247","20112012","2011-07-01T00:00:00","Cheiron, Inc.","18,598,727,000","16,313,120,000","2,285,607,000","87.7","2,263,580,379","98.3","1","NULL"
"San Francisco City and County Employees' Retirement System","7247","20102011","2010-07-01T00:00:00","Cheiron Inc.","17,643,394,000","16,069,058,000","1,574,336,000","91.1","2,315,432,384","68","1","NULL"
"San Francisco City and County Employees' Retirement System","7247","20092010","2009-07-01T00:00:00","Cheiron","16,498,649,000","16,004,730,000","493,919,000","97","2,537,784,683","19.5","1","NULL"
"San Francisco City and County Employees' Retirement System","7247","20082009","2009-07-01T00:00:00","Cheiron","16,498,649,000","16,004,730,000","493,919,000","97","2,537,784,683","19.5","1","NULL"
"San Francisco City and County Employees' Retirement System","7247","20072008","2007-07-01T00:00:00","Towers Perrin","13,541,388,000","14,929,287,000","-1,387,899,000","110.2","2,376,221,000","-58.4","1","NULL"
"San Francisco City and County Employees' Retirement System","7247","20062007","2006-07-01T00:00:00","Towers Perrin","12,515,463,000","13,597,616,000","-1,082,153,000","108.6","2,161,261,000","-50.1","1","NULL"
"San Francisco City and County Employees' Retirement System","7247","20052006","2005-07-01T00:00:00","Towers Perrin","11,765,737,000","12,659,698,000","-893,961,000","107.6","2,052,862,000","-43.5","1","NULL"
"San Francisco City and County Employees' Retirement System","7247","20042005","2003-07-01T00:00:00","Towers Perrin","10,249,896,000","11,173,636,000","-923,740,000","109","2,130,071,000","-43.4","1","NULL"
"San Francisco City and County Employees' Retirement System","7247","20032004","2003-07-01T00:00:00","Towers Perrin","10,249,896,000","11,173,636,000","-923,740,000","109","1,930,366,028","-43.4","1","NULL"
"San Francisco City and County Employees' Retirement System","7247","20022003","2002-07-01T00:00:00","Towers Perrin","9,415,905,000","11,102,516,000","-1,686,611,000","117.9","2,019,097,000","-83.5","1","NULL"
"San Joaquin County Employees' Retirement Association","7271","20152016","2015-01-01T00:00:00","Cheiron","3,731,634,372","2,471,291,047","1,260,343,325","66.2","396,136,470","318.1","1","NULL"
"San Joaquin County Employees' Retirement Association","7271","20142015","2014-01-01T00:00:00","Cheiron","3,561,859,056","2,285,165,972","1,276,693,084","64.2","388,691,000","328.5","1","NULL"
"San Joaquin County Employees' Retirement Association","7271","20132014","2013-01-01T00:00:00","CHEIRON","3,353,294,212","2,125,700,227","1,227,593,985","63.4","365,892,000","335.5","1","NULL"
"San Joaquin County Employees' Retirement Association","7271","20122013","2012-01-01T00:00:00","EFI Actuaries","3,048,321,356","2,130,052,649","918,268,707","69.9","356,419,122","257.6","1","NULL"
"San Joaquin County Employees' Retirement Association","7271","20112012","2011-01-01T00:00:00","EFI Actuaries","2,917,687,959","2,120,384,183","797,303,776","72.7","367,344,479","217","1","NULL"
"San Joaquin County Employees' Retirement Association","7271","20102011","2010-01-01T00:00:00","EFI Actuaries","2,769,611,544","1,949,011,498","820,600,046","70.4","385,441,510","212.9","1","NULL"
"San Joaquin County Employees' Retirement Association","7271","20092010","2009-01-01T00:00:00","EFI Actuaries","2,510,925,000","1,821,357,000","689,568,000","72.5","377,559,000","182.6","1","NULL"
"San Joaquin County Employees' Retirement Association","7271","20082009","2008-01-01T00:00:00","EFI Actuaries","2,334,521,000","2,029,949,000","304,572,000","87","367,361,000","82.9","1","NULL"
"San Joaquin County Employees' Retirement Association","7271","20072008","2007-01-01T00:00:00","EFI Actuaries","2,149,937,792","1,869,716,580","280,221,212","87","340,828,000","82.2","1","NULL"
"San Joaquin County Employees' Retirement Association","7271","20062007","2005-12-31T00:00:00","Buck Consultants","1,935,818,000","1,727,033,000","208,785,000","89.2","309,692,000","67.4","1","NULL"
"San Joaquin County Employees' Retirement Association","7271","20052006","2004-12-31T00:00:00","Mellon Consultants","1,769,507,000","1,614,979,000","154,528,000","91.3","291,563,119","53","1","Entry-Age Normal Actuarial Cost Method"
"San Joaquin County Employees' Retirement Association","7271","20042005","2003-12-31T00:00:00","Mellon Consulting","1,621,059,581","1,531,287,777","89,771,804","94.5","283,073,136","31.7","1","Entry Age Normal Actuarial Cost Method"
"San Joaquin County Employees' Retirement Association","7271","20032004","2002-12-31T00:00:00","Mellon Consultants","1,418,209,000","1,448,905,000","-30,696,000","102.2","274,346,630","-11.2","1","NULL"
"San Joaquin County Employees' Retirement Association","7271","20022003","2001-12-31T00:00:00","Buck Consultants","1,266,747,000","1,357,409,000","-90,662,000","107.2","243,327,000","-37.3","1","NULL"
"San Joaquin Regional Transit District Contract Employees' Retirement Plan","7166","20152016","2015-07-01T00:00:00","Bartel Associates","65,677,000","34,396,000","31,281,000","52.4","11,389,000","274.6","1","NULL"
"San Luis Obispo County Pension Trust","7272","20082009","2008-01-01T00:00:00","Gabriel, Roeder, Smith & Co.","1,057,124,000","829,764,000","227,360,000","78.5","162,435,796","140","1","NULL"
"San Joaquin Regional Transit District Contract Employees' Retirement Plan","7166","20142015","2014-07-01T00:00:00","Bartel Associates, LLC","57,417,000","31,684,000","25,733,000","55.2","10,355,000","248.5","1","NULL"
"San Joaquin Regional Transit District Contract Employees' Retirement Plan","7166","20132014","2014-07-01T00:00:00","Bartel Associates, LLC","67,060,000","35,697,000","31,363,000","53.2","9,960,000","314.8","1","NULL"
"San Joaquin Regional Transit District Contract Employees' Retirement Plan","7166","20122013","2012-07-01T00:00:00","Bartel Associates, LLC","48,778,000","30,054,000","18,724,000","61.6","9,674,000","193.5","5","NULL"
"San Joaquin Regional Transit District Contract Employees' Retirement Plan","7166","20112012","2012-07-01T00:00:00","Bartel Associates, LLC","48,778,000","30,054,000","18,724,000","61.6","9,674,000","193.5","5","NULL"
"San Joaquin Regional Transit District Contract Employees' Retirement Plan","7166","20102011","2011-07-01T00:00:00","Buck Consultants","44,471,411","28,690,627","15,780,784","64.5","10,852,165","145.4","5","NULL"
"San Joaquin Regional Transit District Contract Employees' Retirement Plan","7166","20092010","2010-07-01T00:00:00","Buck Consultants","30,786,433","27,321,111","3,465,322","88.7","11,682,504","22.6","2","NULL"
"San Joaquin Regional Transit District Contract Employees' Retirement Plan","7166","20082009","2009-07-01T00:00:00","Buck Consultants","26,126,338","25,403,674","722,664","97.2","14,130,326","5.1","2","NULL"
"San Joaquin Regional Transit District Contract Employees' Retirement Plan","7166","20072008","2008-07-01T00:00:00","Buck Consultants","24,341,796","23,589,247","752,549","96.9","15,237,727","4.1","2","NULL"
"San Joaquin Regional Transit District Contract Employees' Retirement Plan","7166","20062007","2007-07-01T00:00:00","Buck Consultants","21,547,992","20,738,450","809,542","96.2","15,463,187","5.2","2","NULL"
"San Joaquin Regional Transit District Contract Employees' Retirement Plan","7166","20052006","2006-07-01T00:00:00","Buck Consultants","18,866,761","18,026,717","840,044","95.5","12,861,406","5.6","2","NULL"
"San Joaquin Regional Transit District Contract Employees' Retirement Plan","7166","20042005","2005-07-01T00:00:00","Mellon Consultants","16,898,509","16,030,287","868,222","94.9","12,861,029","6.8","2","NULL"
"San Joaquin Regional Transit District Contract Employees' Retirement Plan","7166","20032004","2004-07-01T00:00:00","Mellon Consultants","15,538,800","14,644,548","894,252","94.2","13,090,791","6.8","2","NULL"
"San Joaquin Regional Transit District Contract Employees' Retirement Plan","7166","20022003","2003-07-01T00:00:00","Mellon Consultants","13,532,584","13,357,085","175,499","98.7","12,854,438","1.4","2","NULL"
"San Luis Obispo County Pension Trust","7272","20152016","2015-01-01T00:00:00","Gabriel Roeder Smith & Company","1,605,591,000","1,231,474,000","374,117,000","76.7","175,628,910","213","1","NULL"
"San Luis Obispo County Pension Trust","7272","20142015","2014-01-01T00:00:00","Gabriel Roeder Smith & Company","1,518,751,000","1,182,924,000","335,827,000","77.9","164,704,467","203.8","1","NULL"
"San Luis Obispo County Pension Trust","7272","20132014","2013-01-01T00:00:00","Gabriel Roeder Smith & Company","1,468,001,000","1,122,151,000","345,850,000","76.4","164,299,413","210.5","1","NULL"
"San Luis Obispo County Pension Trust","7272","20122013","2013-01-01T00:00:00","Gabriel Roeder Smith & Company","1,468,001,000","1,122,151,000","345,850,000","76.4","164,299,413","210.5","1","NULL"
"San Luis Obispo County Pension Trust","7272","20112012","2012-01-01T00:00:00","Gabriel Roeder Smith & Co.","1,378,549,000","1,057,922,000","320,627,000","76.7","161,054,639","199.1","1","NULL"
"San Luis Obispo County Pension Trust","7272","20102011","2011-01-01T00:00:00","Gabriel Roeder Smith & Co.","1,282,058,000","1,000,169,000","281,889,000","78","161,783,273","174.2","1","NULL"
"San Luis Obispo County Pension Trust","7272","20092010","2009-01-01T00:00:00","Gabriel Roeder Smith & Co.","1,150,214,000","875,602,000","274,612,000","76.1","168,677,088","162.8","1","NULL"
"San Luis Obispo County Pension Trust","7272","20072008","2007-01-01T00:00:00","Gabriel, Roeder, Smith & Co.","994,861,000","759,758,000","235,103,000","76.4","146,303,504","160.7","1","NULL"
"San Luis Obispo County Pension Trust","7272","20062007","2006-01-01T00:00:00","Gabriel, Roeder, Smith & Co.","831,289,996","700,060,000","131,229,996","84.2","152,116,782","91.2","1","NULL"
"San Luis Obispo County Pension Trust","7272","20052006","2005-01-01T00:00:00","Gabriel, Roeder, Smith & Co.","715,085,000","651,751,000","63,334,000","91.1","143,902,101","46.8","1","NULL"
"San Luis Obispo County Pension Trust","7272","20042005","2004-01-01T00:00:00","Gabriel, Roeder, Smith & Co.","642,734,000","604,808,000","37,926,000","94.1","135,188,600","28.1","1","NULL"
"San Luis Obispo County Pension Trust","7272","20032004","2003-01-01T00:00:00","Gabriel, Roeder, Smith & Co.","556,321,000","430,351,000","125,970,000","77.4","131,629,427","95.7","1","NULL"
"San Luis Obispo County Pension Trust","7272","20022003","2003-01-01T00:00:00","Gabriel, Roeder, Smith & Co.","556,321,000","430,351,000","125,970,000","77.4","131,997,413","95.4","1","NULL"
"San Mateo County Employees' Retirement Association","7273","20152016","2016-06-30T00:00:00","Milliman","4,362,296,000","3,624,726,000","737,570,000","83.1","493,790,364","149.3","1","NULL"
"San Mateo County Employees' Retirement Association","7273","20142015","2015-06-30T00:00:00","Milliman","4,045,786,000","3,343,550,000","702,236,000","82.6","462,640,136","151.7","1","NULL"
"San Mateo County Employees' Retirement Association","7273","20132014","2014-06-30T00:00:00","Milliman","3,797,042,000","2,993,187,000","803,855,000","78.8","429,407,376","187.2","1","NULL"
"San Mateo County Employees' Retirement Association","7273","20122013","2013-06-30T00:00:00","Milliman","3,572,750,000","2,618,639,000","954,111,000","73.3","414,551,308","230.2","1","NULL"
"San Mateo County Employees' Retirement Association","7273","20112012","2012-06-30T00:00:00","Milliman","3,442,553,000","2,480,271,000","962,282,000","72","427,649,539","225","1","NULL"
"San Mateo County Employees' Retirement Association","7273","20102011","2011-06-30T00:00:00","Milliman","3,246,727,000","2,405,140,000","841,587,000","74.1","432,540,974","194.6","1","NULL"
"San Mateo County Employees' Retirement Association","7273","20092010","2010-06-30T00:00:00","Milliman USA","3,098,453,000","2,179,076,000","919,377,000","70.3","437,130,219","210.3","1","NULL"
"San Mateo County Employees' Retirement Association","7273","20082009","2009-06-30T00:00:00","Milliman USA","2,987,712,000","1,909,679,000","1,078,033,000","63.9","445,151,712","242.2","1","NULL"
"San Mateo County Employees' Retirement Association","7273","20072008","2008-06-30T00:00:00","Milliman USA","2,806,222,000","2,218,937,000","587,285,000","79.1","424,586,435","138.3","1","NULL"
"San Mateo County Employees' Retirement Association","7273","20062007","2007-06-30T00:00:00","Milliman USA","2,555,504,000","1,976,731,000","578,773,000","77.4","416,069,697","139.1","1","NULL"
"San Mateo County Employees' Retirement Association","7273","20052006","2006-06-30T00:00:00","Milliman USA","2,345,149,000","1,769,021,000","576,128,000","75.4","368,972,000","156.1","1","NULL"
"San Mateo County Employees' Retirement Association","7273","20042005","2004-06-30T00:00:00","Public Pension Professionals, Inc","1,921,328,506","1,452,621,173","468,707,333","75.6","364,412,000","128.6","1","NULL"
"San Mateo County Employees' Retirement Association","7273","20032004","2004-06-30T00:00:00","Public Pension Professionals, Inc","1,921,328,506","1,452,621,173","468,707,333","75.6","365,385,000","128.3","1","NULL"
"San Mateo County Employees' Retirement Association","7273","20022003","2003-06-30T00:00:00","Mercer Human Resource Consulting, Inc","1,781,544,000","1,353,941,000","427,603,000","76","323,896,000","132","1","NULL"
"Santa Barbara County Employees' Retirement System","7274","20152016","2015-06-30T00:00:00","Cheiron, Inc","3,231,134,000","2,532,529,000","698,605,000","78.4","320,914,000","217.6","1","NULL"
"Santa Barbara County Employees' Retirement System","7274","20142015","2014-06-30T00:00:00","Cheiron, Inc.","3,098,015,000","2,513,630,000","584,385,000","81.1","308,727,000","189.2","1","NULL"
"Santa Barbara County Employees' Retirement System","7274","20132014","2013-06-30T00:00:00","Cheiron","2,968,134,000","2,150,006,000","818,128,000","72.4","301,318,000","271.5","1","NULL"
"Santa Barbara County Employees' Retirement System","7274","20122013","2013-06-30T00:00:00","Cheiron","2,968,134,000","2,150,006,000","818,128,000","72.4","301,318,000","271.5","1","NULL"
"Santa Barbara County Employees' Retirement System","7274","20112012","2012-06-30T00:00:00","Milliman","2,874,384,000","2,046,641,000","827,743,000","71.2","302,876,753","273.3","1","NULL"
"Santa Barbara County Employees' Retirement System","7274","20102011","2011-06-30T00:00:00","Milliman USA","2,749,813,302","2,007,859,156","741,954,146","73","306,528,285","242.1","1","NULL"
"Santa Barbara County Employees' Retirement System","7274","20092010","2010-06-30T00:00:00","Milliman","2,616,146,856","1,927,229,175","688,917,681","73.7","307,506,129","224","1","NULL"
"Santa Barbara County Employees' Retirement System","7274","20082009","2009-06-30T00:00:00","Milliman USA","2,263,862,319","1,705,733,020","558,129,299","75.3","307,381,758","181.6","1","NULL"
"Southgate Recreation and Park District Retirement System","7155","20062007","NULL","NULL",,,"0","NULL","1,572,241","NULL","NULL","NULL"
"Santa Barbara County Employees' Retirement System","7274","20072008","2008-06-30T00:00:00","Milliman USA","2,135,900,000","1,891,500,000","244,400,000","88.6","307,263,504","79.5","1","NULL"
"Santa Barbara County Employees' Retirement System","7274","20062007","2007-06-30T00:00:00","Milliman USA","1,956,834,000","1,620,338,000","336,496,000","82.8","294,163,067","114.4","1","NULL"
"Santa Barbara County Employees' Retirement System","7274","20052006","2006-06-30T00:00:00","Buck Consultants","1,809,656,000","1,552,776,000","256,880,000","85.8","287,382,000","89.4","1","NULL"
"Santa Barbara County Employees' Retirement System","7274","20042005","2005-06-30T00:00:00","Buck Consultants","1,687,632,000","1,443,824,000","243,808,000","85.6","267,786,000","91","1","NULL"
"Santa Barbara County Employees' Retirement System","7274","20032004","2004-06-30T00:00:00","Mellon Consultants","1,578,769,000","1,379,170,000","199,599,000","87.4","266,961,000","74.8","1","NULL"
"Santa Barbara County Employees' Retirement System","7274","20022003","2003-06-30T00:00:00","Mellon Consultants","1,454,864,000","1,346,665,000","108,199,000","92.6","257,237,000","42.1","1","NULL"
"Santa Clara Valley Transportation Authority Amalgamated Transit Union Pension Plan","7167","20152016","2016-01-01T00:00:00","Cheiron Inc","638,565,651","489,759,064","148,806,587","76.7","128,815,705","115.5","1","NULL"
"Santa Clara Valley Transportation Authority Amalgamated Transit Union Pension Plan","7167","20142015","2015-01-01T00:00:00","Cherion","600,568,463","464,966,165","135,602,298","77.4","115,913,935","116.9","1","NULL"
"Santa Clara Valley Transportation Authority Amalgamated Transit Union Pension Plan","7167","20132014","2014-01-01T00:00:00","Cheiron","572,244,808","426,675,205","145,569,603","74.6","110,682,869","131.5","1","NULL"
"Santa Clara Valley Transportation Authority Amalgamated Transit Union Pension Plan","7167","20122013","2013-01-01T00:00:00","EFI Actuaries","543,942,719","386,347,400","157,595,319","71","102,040,657","154.4","1","NULL"
"Santa Clara Valley Transportation Authority Amalgamated Transit Union Pension Plan","7167","20112012","2012-01-01T00:00:00","EFI Actuaries","517,200,475","373,170,465","144,030,010","72.2","100,376,441","143.5","1","NULL"
"Santa Clara Valley Transportation Authority Amalgamated Transit Union Pension Plan","7167","20102011","2011-01-01T00:00:00","EFI Actuaries","486,770,538","368,134,113","118,636,425","75.6","97,569,124","121.6","1","NULL"
"Santa Clara Valley Transportation Authority Amalgamated Transit Union Pension Plan","7167","20092010","2010-01-01T00:00:00","EFI Actuaries","462,912,195","354,785,095","108,127,100","76.6","102,625,557","105.4","1","NULL"
"Santa Clara Valley Transportation Authority Amalgamated Transit Union Pension Plan","7167","20082009","2009-01-01T00:00:00","EFI Actuaries","442,830,578","325,247,483","117,583,095","73.4","100,877,989","116.6","1","NULL"
"Santa Clara Valley Transportation Authority Amalgamated Transit Union Pension Plan","7167","20072008","2008-01-01T00:00:00","EFI Actuaries","423,739,213","344,521,552","79,217,661","81.3","98,722,453","80.2","1","NULL"
"Santa Clara Valley Transportation Authority Amalgamated Transit Union Pension Plan","7167","20062007","2007-01-01T00:00:00","EFI Actuaries","397,853,860","314,816,391","83,037,469","79.1","93,985,560","88.4","1","NULL"
"Santa Clara Valley Transportation Authority Amalgamated Transit Union Pension Plan","7167","20052006","2006-01-01T00:00:00","EFI Actuaries","363,114,404","288,829,224","74,285,180","79.5","92,663,178","80.2","1","NULL"
"Santa Clara Valley Transportation Authority Amalgamated Transit Union Pension Plan","7167","20042005","2005-01-01T00:00:00","EFI Actuaries","350,895,167","268,428,853","82,466,314","76.5","88,448,718","93.2","1","NULL"
"Santa Clara Valley Transportation Authority Amalgamated Transit Union Pension Plan","7167","20032004","2004-01-01T00:00:00","EFI Actuaries","325,530,324","247,693,872","77,836,452","76.1","91,255,094","85.3","1","NULL"
"Santa Clara Valley Transportation Authority Amalgamated Transit Union Pension Plan","7167","20022003","2003-01-01T00:00:00","EFI Actuaries","278,113,814","224,004,253","54,109,561","80.5","93,951,901","57.6","1","NULL"
"Saucelito Irrigation District Employees' Money Purchase Pension","7193","20152016","2015-12-31T00:00:00","none required",,,"0","100","156,245","0","NULL","NULL"
"Saucelito Irrigation District Employees' Money Purchase Pension","7193","20142015","2014-12-31T00:00:00","none required",,,"0","100","153,310","0","NULL","NULL"
"Saucelito Irrigation District Employees' Money Purchase Pension","7193","20132014","2013-12-31T00:00:00","none required",,,"0","NULL","151,966","NULL","NULL","NULL"
"Saucelito Irrigation District Employees' Money Purchase Pension","7193","20122013","2012-12-31T00:00:00","none required",,,"0","NULL","153,393","NULL","NULL","NULL"
"Saucelito Irrigation District Employees' Money Purchase Pension","7193","20112012","NULL","dcp",,,"0","NULL","200,085","NULL","NULL","NULL"
"Saucelito Irrigation District Employees' Money Purchase Pension","7193","20102011","2010-12-31T00:00:00","none required","0","0","0","NULL","181,380","NULL","NULL","NULL"
"Saucelito Irrigation District Employees' Money Purchase Pension","7193","20092010","NULL","dcp",,,"0","NULL","177,885","NULL","NULL","NULL"
"Saucelito Irrigation District Employees' Money Purchase Pension","7193","20082009","2008-12-31T00:00:00","dcp",,,"0","NULL","176,087","NULL","NULL","NULL"
"Saucelito Irrigation District Employees' Money Purchase Pension","7193","20072008","NULL","dcp",,,"0","NULL","168,862","NULL","NULL","NULL"
"Saucelito Irrigation District Employees' Money Purchase Pension","7193","20062007","2006-12-31T00:00:00","dcp",,,"0","NULL","155,975","NULL","NULL","NULL"
"Saucelito Irrigation District Employees' Money Purchase Pension","7193","20052006","2005-12-31T00:00:00","DCP","0","0","0","NULL","201,553","NULL","NULL","NULL"
"Saucelito Irrigation District Employees' Money Purchase Pension","7193","20042005","NULL","DCP",,,"0","NULL","195,773","NULL","NULL","NULL"
"Saucelito Irrigation District Employees' Money Purchase Pension","7193","20032004","2003-12-31T00:00:00","dcp","0","0","0","NULL","197,884","NULL","NULL","NULL"
"Saucelito Irrigation District Employees' Money Purchase Pension","7193","20022003","2002-12-31T00:00:00","dcp",,,"0","NULL","193,184","NULL","NULL","NULL"
"Self-Insured Schools of California Defined Benefit Plan","7183","20152016","2015-12-31T00:00:00","Demsey, Filliger & Associates","41,541,728","37,821,631","3,720,097","91","87,323,156","4.3","5","NULL"
"Self-Insured Schools of California Defined Benefit Plan","7183","20142015","2015-01-01T00:00:00","Demsey, Filliger & Associates","37,802,716","39,028,298","-1,225,582","103.2","80,479,516","-1.5","5","NULL"
"Self-Insured Schools of California Defined Benefit Plan","7183","20132014","2014-01-01T00:00:00","Demsey, Filiger and Associates","35,608,506","36,627,784","-1,019,278","102.9","62,217,239","-1.6","5","NULL"
"Self-Insured Schools of California Defined Benefit Plan","7183","20122013","2013-01-01T00:00:00","Demsley, Filliger & Associates","33,967,325","33,004,963","962,362","97.2","73,346,069","1.3","5","NULL"
"Self-Insured Schools of California Defined Benefit Plan","7183","20112012","2012-01-01T00:00:00","Demsey, Filliger & Associates","31,470,521","26,780,531","4,689,990","85.1","72,225,013","6.5","5","NULL"
"Self-Insured Schools of California Defined Benefit Plan","7183","20102011","2011-01-01T00:00:00","Demsey, Filliger & Associates","29,630,744","27,065,039","2,565,705","91.3","72,253,495","3.6","5","NULL"
"Self-Insured Schools of California Defined Benefit Plan","7183","20092010","2010-01-01T00:00:00","Demsey, Filliger & Associates","27,471,186","23,404,179","4,067,007","85.2","73,811,168","5.5","5","NULL"
"Self-Insured Schools of California Defined Benefit Plan","7183","20082009","2009-01-01T00:00:00","Demsey, Filliger & Associates","25,635,206","21,213,940","4,421,266","82.8","77,880,059","5.7","5","NULL"
"Self-Insured Schools of California Defined Benefit Plan","7183","20072008","2008-01-01T00:00:00","Demsey, Filliger & Associates","23,327,557","23,818,123","-490,566","102.1","78,593,233","-0.6","5","NULL"
"Self-Insured Schools of California Defined Benefit Plan","7183","20062007","2007-01-01T00:00:00","Demsey, Filliger & Associates","21,027,522","19,384,412","1,643,110","92.2","74,588,422","2.2","5","NULL"
"Self-Insured Schools of California Defined Benefit Plan","7183","20052006","2006-01-01T00:00:00","Demsey, Filliger & Associates","18,200,366","17,157,915","1,042,451","94.3","75,183,841","1.4","5","NULL"
"Self-Insured Schools of California Defined Benefit Plan","7183","20042005","2005-01-01T00:00:00","Demsey, Filliger & Associates","15,358,214","13,346,135","2,012,079","86.9","72,609,631","2.8","5","NULL"
"Self-Insured Schools of California Defined Benefit Plan","7183","20032004","2004-01-01T00:00:00","Demsey, Filliger & Associates","13,895,870","10,686,165","3,209,705","76.9","73,174,876","4.4","5","NULL"
"Self-Insured Schools of California Defined Benefit Plan","7183","20022003","2003-01-01T00:00:00","Mercer Human Resource Consulting, Inc.","12,948,000","8,344,000","4,604,000","64.4","78,508,443","5.9","5","NULL"
"Semitropic Water Storage District 401(K) Plan","10763","20152016","NULL","Not applicable - defined contributioin plan",,,"0","NULL","3,451,245","NULL","NULL","NULL"
"Semitropic Water Storage District 401(K) Plan","10763","20132014","NULL","dcp",,,"0","NULL","2,651,945","NULL","NULL","NULL"
"Semitropic Water Storage District 401(K) Plan","10763","20122013","NULL","dcp",,,"0","NULL","2,776,726","NULL","NULL","NULL"
"Semitropic Water Storage District 401(K) Plan","10763","20112012","NULL","dcp",,,"0","NULL","2,643,202","NULL","NULL","NULL"
"Semitropic Water Storage District 401(K) Plan","10763","20102011","NULL","dcp",,,"0","NULL","3,194,435","NULL","NULL","NULL"
"Semitropic Water Storage District 401(K) Plan","10763","20092010","NULL","dcp",,,"0","NULL","3,194,578","NULL","NULL","NULL"
"Sonoma County Employees' Retirement Association","7275","20152016","2015-12-31T00:00:00","Segal Consulting","2,694,979,000","2,289,057,000","405,922,000","84.9","339,516,785","119.5","1","NULL"
"Sonoma County Employees' Retirement Association","7275","20142015","2014-12-31T00:00:00","Segal Consulting","2,510,253,000","2,167,210,000","343,043,000","86.3","324,418,883","105.7","1","NULL"
"Sonoma County Employees' Retirement Association","7275","20132014","2013-12-31T00:00:00","Segal Consulting","2,466,224,000","2,016,781,000","449,443,000","81.8","329,893,979","136.2","1","NULL"
"Sonoma County Employees' Retirement Association","7275","20122013","2012-12-31T00:00:00","The Segal Company","2,383,700,000","1,856,847,000","526,853,000","77.9","302,764,027","174","1","NULL"
"Sonoma County Employees' Retirement Association","7275","20112012","2011-12-31T00:00:00","The Segal Company","2,220,520,000","1,867,117,000","353,403,000","84.1","308,643,667","114.5","1","NULL"
"Sonoma County Employees' Retirement Association","7275","20102011","2010-12-31T00:00:00","The Segal Company","2,139,460,000","1,890,874,000","248,586,000","88.4","323,600,808","76.8","1","NULL"
"Sonoma County Employees' Retirement Association","7275","20092010","2009-12-31T00:00:00","Segal Company","1,967,058,000","1,564,970,000","402,088,000","79.6","322,483,489","124.7","1","NULL"
"Sonoma County Employees' Retirement Association","7275","20082009","2008-12-31T00:00:00","Segal Company","1,842,404,000","1,540,461,000","301,943,000","83.6","334,390,573","90.3","1","NULL"
"Sonoma County Employees' Retirement Association","7275","20072008","2007-12-31T00:00:00","The Segal Company","1,653,847,000","1,476,496,000","177,351,000","89.3","292,771,517","60.6","1","NULL"
"Sonoma County Employees' Retirement Association","7275","20062007","2006-12-31T00:00:00","Gabriel, Roeder, Smith & Co.","1,509,083,000","1,369,669,000","139,414,000","90.8","273,548,409","51","1","NULL"
"Sonoma County Employees' Retirement Association","7275","20052006","2005-12-31T00:00:00","Gabriel, Roeder, Smith & Co.","1,352,634,488","1,276,770,928","75,863,560","94.4","265,247,594","28.6","1","NULL"
"Sonoma County Employees' Retirement Association","7275","20042005","2004-12-31T00:00:00","Gabriel, Roeder, Smith & Co.","1,225,402,000","1,182,465,000","42,937,000","96.5","253,024,951","17","1","NULL"
"Sonoma County Employees' Retirement Association","7275","20032004","2003-12-31T00:00:00","Gabriel, Roeder, Smith & Co.","1,129,504,000","1,100,103,000","29,401,000","97.4","260,347,000","11.3","1","NULL"
"Sonoma County Employees' Retirement Association","7275","20022003","2002-12-31T00:00:00","Gabriel, Roeder, Smith & Co.","1,012,150,000","898,925,000","113,225,000","88.8","251,947,000","44.9","1","NULL"
"South Tahoe Public Utility District Pension Plan","8395","20082009","NULL","dcp",,,"0","NULL",,"NULL","NULL","NULL"
"South Tahoe Public Utility District Pension Plan","8395","20072008","NULL","dcp",,,"0","NULL",,"NULL","NULL","NULL"
"South Tahoe Public Utility District Pension Plan","8395","20062007","NULL","dcp",,,"0","NULL","5,738,837","NULL","NULL","NULL"
"South Tahoe Public Utility District Pension Plan","8395","20052006","NULL","dcp",,,"0","NULL","6,321,207","NULL","NULL","NULL"
"South Tahoe Public Utility District Pension Plan","8395","20042005","NULL","dcp",,,"0","NULL","5,895,392","NULL","NULL","NULL"
"South Tahoe Public Utility District Pension Plan","8395","20032004","NULL","dcp",,,"0","NULL","6,508,172","NULL","NULL","NULL"
"South Tahoe Public Utility District Pension Plan","8395","20022003","NULL","dcp",,,"0","NULL","5,867,302","NULL","NULL","NULL"
"Southeastern Economic Development Corp. 403(b) Tax Sheltered Plan","7204","20122013","2012-11-26T00:00:00","Defined Contribution Plan",,,"0","NULL",,"NULL","NULL","NULL"
"Southeastern Economic Development Corp. 403(b) Tax Sheltered Plan","7204","20112012","NULL","dcp",,,"0","NULL","667,777","NULL","NULL","NULL"
"Southeastern Economic Development Corp. 403(b) Tax Sheltered Plan","7204","20102011","2011-06-30T00:00:00","dcp",,,"0","NULL","696,594","NULL","NULL","NULL"
"Southeastern Economic Development Corp. 403(b) Tax Sheltered Plan","7204","20092010","2010-06-30T00:00:00","dcp",,,"0","NULL","766,664","NULL","NULL","NULL"
"Southeastern Economic Development Corp. 403(b) Tax Sheltered Plan","7204","20082009","2009-06-30T00:00:00","NULL",,,"0","NULL","813,279","0","NULL","NULL"
"Southeastern Economic Development Corp. 403(b) Tax Sheltered Plan","7204","20072008","NULL","dcp",,,"0","NULL","1,077,579","NULL","NULL","NULL"
"Southeastern Economic Development Corp. 403(b) Tax Sheltered Plan","7204","20062007","NULL","dcp",,,"0","NULL","938,300","NULL","NULL","NULL"
"Southeastern Economic Development Corp. 403(b) Tax Sheltered Plan","7204","20052006","NULL","dcp",,,"0","NULL","944,825","NULL","NULL","NULL"
"Southeastern Economic Development Corp. 403(b) Tax Sheltered Plan","7204","20042005","NULL","dcp",,,"0","NULL","887,700","NULL","NULL","NULL"
"Southeastern Economic Development Corp. 403(b) Tax Sheltered Plan","7204","20032004","NULL","dcp",,,"0","NULL","819,900","NULL","NULL","NULL"
"Southeastern Economic Development Corp. 403(b) Tax Sheltered Plan","7204","20022003","NULL","dcp",,,"0","NULL","712,770","NULL","NULL","NULL"
"Southgate Recreation and Park District Retirement System","7155","20152016","NULL","Defined Contribution Plan",,,"0","NULL","3,389,860","NULL","NULL","NULL"
"Southgate Recreation and Park District Retirement System","7155","20142015","NULL","Defined Contribution Plan",,,"0","NULL","2,342,047","NULL","NULL","NULL"
"Southgate Recreation and Park District Retirement System","7155","20132014","NULL","Defined Contribution Plan",,,"0","NULL","2,503,831","NULL","NULL","NULL"
"Southgate Recreation and Park District Retirement System","7155","20122013","NULL","dcp",,,"0","NULL",,"NULL","NULL","NULL"
"Southgate Recreation and Park District Retirement System","7155","20112012","NULL","dcp",,,"0","NULL",,"NULL","NULL","NULL"
"Southgate Recreation and Park District Retirement System","7155","20102011","NULL","dcp",,,"0","NULL",,"NULL","NULL","NULL"
"Southgate Recreation and Park District Retirement System","7155","20092010","NULL","dcp",,,"0","NULL",,"NULL","NULL","NULL"
"Southgate Recreation and Park District Retirement System","7155","20082009","NULL","dcp",,,"0","NULL",,"NULL","NULL","NULL"
"Southgate Recreation and Park District Retirement System","7155","20072008","NULL","dcp",,,"0","NULL","0","NULL","NULL","NULL"
"Southgate Recreation and Park District Retirement System","7155","20052006","NULL","NULL",,,"0","NULL","2,801,817","NULL","NULL","NULL"
"Southgate Recreation and Park District Retirement System","7155","20042005","NULL","NULL",,,"0","NULL","2,192,179","0","NULL","NULL"
"Southgate Recreation and Park District Retirement System","7155","20032004","NULL","dcp",,,"0","NULL","2,954,804","NULL","NULL","NULL"
"Southgate Recreation and Park District Retirement System","7155","20022003","NULL","DCP",,,"0","NULL","2,755,486","NULL","NULL","NULL"
"Stanislaus County Employees' Retirement Association","7276","20152016","2014-06-30T00:00:00","Cheiron, Inc.","2,026,371,000","1,644,077,000","382,294,000","81.1","235,092,377","162.6","1","NULL"
"Stanislaus County Employees' Retirement Association","7276","20142015","2013-06-30T00:00:00","Cheiron Inc","1,919,227,000","1,524,076,000","395,151,000","79.4","222,897,794","NULL","1","NULL"
"Stanislaus County Employees' Retirement Association","7276","20132014","2012-06-30T00:00:00","EFI Actuaries","1,888,713,204","1,451,763,548","436,949,656","76.9","215,057,468","203.2","1","NULL"
"Stanislaus County Employees' Retirement Association","7276","20122013","2011-06-30T00:00:00","EFI Actuaries","1,757,717,511","1,372,046,240","385,671,271","78.1","221,541,008","174.1","1","NULL"
"Stanislaus County Employees' Retirement Association","7276","20112012","2010-06-30T00:00:00","EFI Actuaries","1,737,823,813","1,325,801,248","412,022,565","76.3","231,538,198","178","1","NULL"
"Stanislaus County Employees' Retirement Association","7276","20102011","2010-06-30T00:00:00","EFI Actuaries","1,737,824,000","1,325,801,000","412,023,000","76.3","231,538,198","178","1","NULL"
"Stanislaus County Employees' Retirement Association","7276","20092010","2009-06-30T00:00:00","EFI Actuaries","1,653,716,000","1,171,767,000","481,949,000","70.9","248,316,424","194.1","1","NULL"
"Stanislaus County Employees' Retirement Association","7276","20082009","2008-06-30T00:00:00","EFI Actuaries","1,548,824,000","1,317,167,000","231,657,000","85","242,009,399","95.7","1","NULL"
"Stanislaus County Employees' Retirement Association","7276","20072008","2006-06-30T00:00:00","Buck Consultants","1,194,904,000","1,154,048,000","40,856,000","96.6","219,768,000","0","1","NULL"
"Stanislaus County Employees' Retirement Association","7276","20062007","2006-06-30T00:00:00","Buck Consultants","1,194,904,000","1,154,048,000","40,856,000","96.6","211,680,754","18.6","1","NULL"
"Stanislaus County Employees' Retirement Association","7276","20052006","2005-06-30T00:00:00","Buck Consultants","1,116,310,000","1,049,690,942","66,619,058","94","220,664,468","31.5","1","NULL"
"Stanislaus County Employees' Retirement Association","7276","20042005","2003-06-30T00:00:00","Mellon Consultants","1,088,543,393","1,068,245,285","20,298,108","98.1","197,664,000","10.3","1","NULL"
"Stanislaus County Employees' Retirement Association","7276","20032004","2003-06-30T00:00:00","Mellon Consultants","1,088,543,393","1,068,245,285","20,298,108","98.1","200,543,435","10.1","1","NULL"
"Stanislaus County Employees' Retirement Association","7276","20022003","2002-07-01T00:00:00","Mellon Consultants","870,768,000","878,821,000","-8,053,000","100.9","193,733,618","-4.2","1","NULL"
"State Peace Officers and Firefighters' Defined Contribution Plan","8181","20152016","2015-06-30T00:00:00","NULL",,,"0","NULL",,"NULL","NULL","NULL"
"State Peace Officers and Firefighters' Defined Contribution Plan","8181","20142015","2014-06-30T00:00:00","CalPERS Actuarial Office",,,"0","NULL",,"NULL","NULL","NULL"
"State Peace Officers and Firefighters' Defined Contribution Plan","8181","20132014","2012-06-30T00:00:00","CalPERS Actuarial Office",,,"0","NULL",,"NULL","NULL","NULL"
"State Peace Officers and Firefighters' Defined Contribution Plan","8181","20122013","2012-06-30T00:00:00","CalPERS Actuarial Office",,,"0","NULL",,"NULL","NULL","NULL"
"State Peace Officers and Firefighters' Defined Contribution Plan","8181","20112012","NULL","CalPERS Acturial Office",,,"0","NULL",,"NULL","NULL","NULL"
"State Peace Officers and Firefighters' Defined Contribution Plan","8181","20102011","2010-06-30T00:00:00","CalPERS Actuarial & Employer Services Branch",,,"0","NULL","0","NULL","NULL","NULL"
"State Peace Officers and Firefighters' Defined Contribution Plan","8181","20092010","NULL","dcp",,,"0","NULL","2,610,950,000","NULL","NULL","NULL"
"State Peace Officers and Firefighters' Defined Contribution Plan","8181","20082009","2008-06-30T00:00:00","CalPERS Actuarial & Employer Services Branch",,,"0","NULL","2,655,700,000","NULL","NULL","NULL"
"State Peace Officers and Firefighters' Defined Contribution Plan","8181","20072008","NULL","Defined Contribution Plan",,,"0","NULL","2,573,750,000","NULL","NULL","NULL"
"State Peace Officers and Firefighters' Defined Contribution Plan","8181","20062007","NULL","Defined Contribution Plan",,,"0","NULL","2,447,400,000","NULL","NULL","NULL"
"State Peace Officers and Firefighters' Defined Contribution Plan","8181","20052006","NULL","Defined Contribution Plan",,,"0","NULL","446,650,000","NULL","NULL","NULL"
"State Peace Officers and Firefighters' Defined Contribution Plan","8181","20042005","NULL","Defined Contribution Plan",,,"0","NULL","2,070,300,000","NULL","NULL","NULL"
"State Peace Officers and Firefighters' Defined Contribution Plan","8181","20032004","NULL","Defined Contribution Plan",,,"0","NULL","2,044,700,000","NULL","NULL","NULL"
"State Peace Officers and Firefighters' Defined Contribution Plan","8181","20022003","NULL","Defined Contribution Plan",,,"0","NULL","1,750,850,000","NULL","NULL","NULL"
"Sunline Transit Retirement Income Plan - Bargaining Unit Personnel","7182","20152016","2015-01-01T00:00:00","Nyhart","21,428,042","20,182,825","1,245,217","94.2","7,395,958","16.8","1","NULL"
"Sunline Transit Retirement Income Plan - Bargaining Unit Personnel","7182","20142015","2014-01-01T00:00:00","Nyhart Epler","18,965,409","18,945,757","19,652","99.9","7,171,287","0.3","1","NULL"
"Sunline Transit Retirement Income Plan - Bargaining Unit Personnel","7182","20132014","2013-01-01T00:00:00","Nyhart Epler","16,140,266","15,894,633","245,633","98.5","6,862,649","3.6","5","NULL"
"Sunline Transit Retirement Income Plan - Bargaining Unit Personnel","7182","20122013","2012-01-01T00:00:00","The Epler Company","14,858,000","13,642,075","1,215,925","91.8","6,593,082","18.4","5","NULL"
"Sunline Transit Retirement Income Plan - Bargaining Unit Personnel","7182","20112012","2011-01-01T00:00:00","The Epler Company","13,873,641","12,952,702","920,939","93.4","6,514,916","14.1","5","NULL"
"Sunline Transit Retirement Income Plan - Bargaining Unit Personnel","7182","20102011","2010-01-01T00:00:00","The Epler Company","12,411,367","10,950,367","1,461,000","88.2","6,688,432","21.8","5","NULL"
"Sunline Transit Retirement Income Plan - Bargaining Unit Personnel","7182","20092010","2009-01-01T00:00:00","The Epler Company","11,246,729","8,581,414","2,665,315","76.3","6,415,771","41.5","5","NULL"
"Sunline Transit Retirement Income Plan - Bargaining Unit Personnel","7182","20082009","2008-01-01T00:00:00","Epler Company","10,033,619","9,167,843","865,776","91.4","5,746,597","15.1","5","NULL"
"Sunline Transit Retirement Income Plan - Bargaining Unit Personnel","7182","20072008","2007-01-01T00:00:00","Epler Company","8,630,795","7,873,180","757,615","91.2","5,531,108","13.7","5","NULL"
"Sunline Transit Retirement Income Plan - Bargaining Unit Personnel","7182","20062007","2006-01-01T00:00:00","Epler Company","7,742,035","6,660,257","1,081,778","86","5,737,810","18.9","5","NULL"
"Sunline Transit Retirement Income Plan - Bargaining Unit Personnel","7182","20052006","2005-01-01T00:00:00","Epler Company","6,959,988","5,749,662","1,210,326","82.6","5,359,101","22.6","5","NULL"
"Sunline Transit Retirement Income Plan - Bargaining Unit Personnel","7182","20042005","2004-01-01T00:00:00","Epler Company","6,230,718","5,027,402","1,203,316","80.7","5,890,007","20.4","7","NULL"
"Sunline Transit Retirement Income Plan - Bargaining Unit Personnel","7182","20032004","2003-01-01T00:00:00","Epler Company","4,553,046","4,524,908","28,138","99.4","5,748,158","0.5","7","NULL"
"Sunline Transit Retirement Income Plan - Bargaining Unit Personnel","7182","20022003","2002-01-01T00:00:00","Epler Company","3,870,707","4,350,715","-480,008","112.4","5,748,158","-9.5","7","NULL"
"Tranquillity Irrigation District Deferred Profit Sharing Plan","7189","20112012","NULL","dcp",,,"0","NULL","531,835","NULL","NULL","NULL"
"Sunline Transit Retirement Income Plan - Non-Bargaining Unit Personnel","7400","20152016","2015-01-01T00:00:00","Nyhart","22,524,235","21,367,468","1,156,767","94.9","3,608,769","32.1","1","NULL"
"Valley Sanitary District Money Purchase Pension Plan","7158","20032004","NULL","dcp",,,"0","NULL","168,103","NULL","NULL","NULL"
"Sunline Transit Retirement Income Plan - Non-Bargaining Unit Personnel","7400","20142015","2014-01-01T00:00:00","Nyhart Epler","20,270,393","20,129,639","140,754","99.3","3,626,818","3.9","1","NULL"
"Sunline Transit Retirement Income Plan - Non-Bargaining Unit Personnel","7400","20132014","2013-01-01T00:00:00","Nyhart Epler","18,044,541","17,047,342","997,199","94.5","3,288,878","30.3","5","NULL"
"Sunline Transit Retirement Income Plan - Non-Bargaining Unit Personnel","7400","20122013","2012-01-01T00:00:00","The Epler Company","16,734,982","14,726,057","2,008,925","88","3,295,632","61","5","NULL"
"Sunline Transit Retirement Income Plan - Non-Bargaining Unit Personnel","7400","20112012","2011-01-01T00:00:00","The Epler Company","15,398,417","14,173,794","1,224,623","92","3,512,416","34.9","5","NULL"
"Sunline Transit Retirement Income Plan - Non-Bargaining Unit Personnel","7400","20102011","2010-01-01T00:00:00","The Epler Company","14,380,040","12,197,083","2,182,957","84.8","3,725,878","58.6","5","NULL"
"Sunline Transit Retirement Income Plan - Non-Bargaining Unit Personnel","7400","20092010","2009-01-01T00:00:00","The Epler Company","13,287,540","9,749,283","3,538,257","73.4","3,525,248","100.4","5","NULL"
"Sunline Transit Retirement Income Plan - Non-Bargaining Unit Personnel","7400","20082009","2008-01-01T00:00:00","Epler Company","11,882,834","10,608,363","1,274,471","89.3","3,429,409","37.2","5","NULL"
"Sunline Transit Retirement Income Plan - Non-Bargaining Unit Personnel","7400","20072008","2007-01-01T00:00:00","Epler Company","11,022,943","9,195,098","1,827,845","83.4","3,007,499","60.8","5","NULL"
"Sunline Transit Retirement Income Plan - Non-Bargaining Unit Personnel","7400","20062007","2006-01-01T00:00:00","Epler Company","10,320,181","7,808,572","2,511,609","75.7","3,176,434","79.1","5","NULL"
"Sunline Transit Retirement Income Plan - Non-Bargaining Unit Personnel","7400","20052006","2005-01-01T00:00:00","Epler Company","9,477,953","6,872,377","2,605,576","72.5","2,502,806","104.1","5","NULL"
"Sunline Transit Retirement Income Plan - Non-Bargaining Unit Personnel","7400","20042005","2004-01-01T00:00:00","Epler Company","9,037,203","6,050,693","2,986,510","67","3,248,008","91.9","7","NULL"
"Sunline Transit Retirement Income Plan - Non-Bargaining Unit Personnel","7400","20032004","2003-01-01T00:00:00","Epler Company","6,857,358","5,327,854","1,529,504","77.7","3,603,060","42.5","7","NULL"
"Sunline Transit Retirement Income Plan - Non-Bargaining Unit Personnel","7400","20022003","2002-01-01T00:00:00","Epler Company","5,808,709","4,836,655","972,054","83.3","3,376,214","28.8","7","NULL"
"Terra Bella Irrigation District Employees Savings Plan","12486","20152016","2015-07-31T00:00:00","n/a","1","1","0","100","612,782","0","NULL","NULL"
"Terra Bella Irrigation District Employees Savings Plan","12486","20142015","2014-07-31T00:00:00","NULL",,,"0","NULL","643,148","NULL","NULL","NULL"
"Terra Bella Irrigation District Employees Savings Plan","12486","20132014","2013-07-31T00:00:00","dcp",,,"0","NULL","644,912","0","NULL","NULL"
"Terra Bella Irrigation District Employees Savings Plan","12486","20122013","NULL","dcp",,,"0","NULL","644,912","NULL","NULL","NULL"
"Tranquillity Irrigation District Deferred Profit Sharing Plan","7189","20152016","NULL","NULL",,,"0","NULL","0","NULL","NULL","NULL"
"Tranquillity Irrigation District Deferred Profit Sharing Plan","7189","20142015","2014-12-31T00:00:00","MassMutual",,,"0","NULL","620,780","NULL","NULL","NULL"
"Tranquillity Irrigation District Deferred Profit Sharing Plan","7189","20132014","2013-12-31T00:00:00","MassMutal",,,"0","NULL","512,496","NULL","NULL","NULL"
"Tranquillity Irrigation District Deferred Profit Sharing Plan","7189","20122013","NULL","NULL",,,"0","NULL","531,248","NULL","NULL","NULL"
"Tranquillity Irrigation District Deferred Profit Sharing Plan","7189","20102011","NULL","dcp",,,"0","NULL","452,754","NULL","NULL","NULL"
"Tranquillity Irrigation District Deferred Profit Sharing Plan","7189","20092010","NULL","dcp",,,"0","NULL","401,762","0","NULL","NULL"
"Tranquillity Irrigation District Deferred Profit Sharing Plan","7189","20082009","NULL","dcp",,,"0","NULL","360,275","NULL","NULL","NULL"
"Tranquillity Irrigation District Deferred Profit Sharing Plan","7189","20072008","NULL","NULL",,,"0","NULL","354,162","NULL","NULL","NULL"
"Tranquillity Irrigation District Deferred Profit Sharing Plan","7189","20062007","NULL","NULL",,,"0","NULL","300,756","NULL","NULL","NULL"
"Tranquillity Irrigation District Deferred Profit Sharing Plan","7189","20052006","NULL","NULL",,,"0","NULL","299,311","NULL","NULL","NULL"
"Tranquillity Irrigation District Deferred Profit Sharing Plan","7189","20042005","NULL","DCP",,,"0","NULL","279,201","NULL","NULL","NULL"
"Tranquillity Irrigation District Deferred Profit Sharing Plan","7189","20032004","NULL","DCP",,,"0","NULL","278,544","0","NULL","NULL"
"Tranquillity Irrigation District Deferred Profit Sharing Plan","7189","20022003","NULL","DCP",,,"0","NULL","250,637","NULL","NULL","NULL"
"Truckee-Donner Recreation and Park District Money Purchase Pension Plan","7154","20152016","NULL","N/A","0","0","0","NULL","2,124,593","NULL","NULL","NULL"
"Truckee-Donner Recreation and Park District Money Purchase Pension Plan","7154","20142015","NULL","N/A","0","0","0","NULL","1,997,433","NULL","NULL","NULL"
"Truckee-Donner Recreation and Park District Money Purchase Pension Plan","7154","20132014","NULL","N/A",,,"0","NULL","1,844,257","NULL","NULL","NULL"
"Truckee-Donner Recreation and Park District Money Purchase Pension Plan","7154","20122013","NULL","N/A","0","0","0","NULL","1,802,969","NULL","NULL","NULL"
"Truckee-Donner Recreation and Park District Money Purchase Pension Plan","7154","20112012","NULL","dcp","0","0","0","NULL","1,976,276","0","NULL","NULL"
"Truckee-Donner Recreation and Park District Money Purchase Pension Plan","7154","20102011","NULL","dcp",,,"0","NULL","2,135,451","0","NULL","NULL"
"Truckee-Donner Recreation and Park District Money Purchase Pension Plan","7154","20092010","NULL","NULL",,,"0","NULL","2,162,298","NULL","NULL","NULL"
"Truckee-Donner Recreation and Park District Money Purchase Pension Plan","7154","20082009","NULL","dcp",,,"0","NULL","0","NULL","NULL","NULL"
"Truckee-Donner Recreation and Park District Money Purchase Pension Plan","7154","20072008","NULL","DCP",,,"0","NULL","1,993,011","NULL","NULL","NULL"
"Truckee-Donner Recreation and Park District Money Purchase Pension Plan","7154","20062007","NULL","dcp",,,"0","NULL","1,825,631","NULL","NULL","NULL"
"Truckee-Donner Recreation and Park District Money Purchase Pension Plan","7154","20052006","NULL","NULL",,,"0","NULL","1,611,816","0","NULL","NULL"
"Truckee-Donner Recreation and Park District Money Purchase Pension Plan","7154","20042005","NULL","dcp",,,"0","NULL","1,577,728","NULL","NULL","NULL"
"Truckee-Donner Recreation and Park District Money Purchase Pension Plan","7154","20032004","NULL","dcp",,,"0","NULL","1,438,442","NULL","NULL","NULL"
"Truckee-Donner Recreation and Park District Money Purchase Pension Plan","7154","20022003","NULL","dcp",,,"0","NULL","1,414,674","NULL","NULL","NULL"
"Tulare County Employees' Retirement Association","7277","20152016","2014-06-30T00:00:00","Buck Consultants","1,271,831,710","1,101,929,443","169,902,267","86.6","234,569,001","72.4","1","NULL"
"Tulare County Employees' Retirement Association","7277","20142015","2013-06-30T00:00:00","Buck Consultants","1,186,057,453","1,048,159,873","137,897,580","88.4","230,954,756","59.7","1","NULL"
"Tulare County Employees' Retirement Association","7277","20132014","2012-06-30T00:00:00","Buck Consultants","1,101,456,271","981,945,613","119,510,658","89.1","222,634,628","53.6","1","NULL"
"Tulare County Employees' Retirement Association","7277","20122013","2011-06-30T00:00:00","Buck Consultants","1,072,144,238","969,635,647","102,508,591","90.4","219,853,614","46.6","1","NULL"
"Tulare County Employees' Retirement Association","7277","20112012","2010-06-30T00:00:00","Buck Consultants","1,033,210,615","946,640,331","86,570,284","91.6","217,811,354","39.7","1","NULL"
"Tulare County Employees' Retirement Association","7277","20102011","2009-06-30T00:00:00","Buck Consultants","996,746,659","919,178,551","77,568,108","92.2","227,305,938","34.1","1","NULL"
"Tulare County Employees' Retirement Association","7277","20092010","2008-06-30T00:00:00","Buck Consultants","946,414,313","879,050,943","67,363,370","92.9","226,836,534","29.7","1","NULL"
"Tulare County Employees' Retirement Association","7277","20082009","2007-06-30T00:00:00","Buck Consultants","846,029,756","800,967,495","45,062,261","94.7","204,802,798","22","1","NULL"
"Tulare County Employees' Retirement Association","7277","20072008","2006-06-30T00:00:00","Buck Consultants","792,843,643","729,898,582","62,945,061","92.1","186,948,702","33.7","1","NULL"
"Tulare County Employees' Retirement Association","7277","20062007","2006-06-30T00:00:00","Buck Consultants","792,843,643","729,898,582","62,945,061","92.1","186,948,702","33.7","1","NULL"
"Tulare County Employees' Retirement Association","7277","20052006","2005-06-30T00:00:00","Buck Consultants","714,656,078","681,618,145","33,037,933","95.4","164,777,131","20.1","1","NULL"
"Tulare County Employees' Retirement Association","7277","20042005","2003-06-30T00:00:00","Gabriel, Roeder, Smith & Company","608,504,728","634,248,706","-25,743,978","104.2","164,777,131","-15.9","1","NULL"
"Tulare County Employees' Retirement Association","7277","20032004","2004-06-30T00:00:00","Public Pension Professionals, Inc.","649,648,748","665,243,885","-15,595,137","102.4","158,032,372","-9.9","1","NULL"
"Tulare County Employees' Retirement Association","7277","20022003","2003-06-30T00:00:00","Gabriel, Roeder, Smith & Co.","608,504,728","634,248,706","-25,743,978","104.2","162,396,577","-15.9","1","NULL"
"Tulare Lake Basin Water Storage District Pension Trust Fund","7181","20152016","NULL","DCP",,,"0","NULL","816,233","NULL","NULL","NULL"
"Tulare Lake Basin Water Storage District Pension Trust Fund","7181","20142015","NULL","DCP",,,"0","NULL","650,133","NULL","NULL","NULL"
"Tulare Lake Basin Water Storage District Pension Trust Fund","7181","20132014","NULL","DCP",,,"0","NULL","646,790","NULL","NULL","NULL"
"Tulare Lake Basin Water Storage District Pension Trust Fund","7181","20122013","NULL","DCP",,,"0","NULL","716,538","NULL","NULL","NULL"
"Tulare Lake Basin Water Storage District Pension Trust Fund","7181","20112012","NULL","DCP",,,"0","NULL","703,069","NULL","NULL","NULL"
"Tulare Lake Basin Water Storage District Pension Trust Fund","7181","20102011","NULL","DCP",,,"0","NULL","615,831","NULL","NULL","NULL"
"Tulare Lake Basin Water Storage District Pension Trust Fund","7181","20092010","NULL","DCP",,,"0","NULL","530,898","NULL","NULL","NULL"
"Tulare Lake Basin Water Storage District Pension Trust Fund","7181","20082009","NULL","DCP",,,"0","NULL","509,410","NULL","NULL","NULL"
"Tulare Lake Basin Water Storage District Pension Trust Fund","7181","20072008","NULL","dcp",,,"0","NULL","623,801","NULL","NULL","NULL"
"Tulare Lake Basin Water Storage District Pension Trust Fund","7181","20062007","NULL","DCP",,,"0","NULL","552,775","NULL","NULL","NULL"
"Tulare Lake Basin Water Storage District Pension Trust Fund","7181","20052006","NULL","dcp",,,"0","NULL","610,679","NULL","NULL","NULL"
"Tulare Lake Basin Water Storage District Pension Trust Fund","7181","20042005","NULL","dcp",,,"0","NULL","520,561","NULL","NULL","NULL"
"Tulare Lake Basin Water Storage District Pension Trust Fund","7181","20032004","NULL","dcp",,,"0","NULL","553,299","NULL","NULL","NULL"
"Tulare Lake Basin Water Storage District Pension Trust Fund","7181","20022003","NULL","dcp",,,"0","NULL","471,372","0","NULL","NULL"
"Turlock Irrigation District Pension Plan","7187","20152016","2015-01-01T00:00:00","Nyhart","272,133,692","211,716,214","60,417,478","77.8","33,348,753","181.2","1","NULL"
"Turlock Irrigation District Pension Plan","7187","20142015","2014-01-01T00:00:00","Nyhart Epler","260,215,040","164,890,229","95,324,811","63.4","31,643,465","301.2","1","NULL"
"Turlock Irrigation District Pension Plan","7187","20132014","2013-01-01T00:00:00","Nyhart Epler","238,162,469","147,521,740","90,640,729","61.9","33,824,130","268","1","NULL"
"Turlock Irrigation District Pension Plan","7187","20122013","2012-01-01T00:00:00","The Epler Company","222,936,219","131,590,762","91,345,457","59","34,218,246","266.9","1","NULL"
"Turlock Irrigation District Pension Plan","7187","20112012","2011-01-01T00:00:00","The Epler Company","205,579,979","128,816,303","76,763,676","62.7","33,960,180","226","1","NULL"
"Turlock Irrigation District Pension Plan","7187","20102011","2010-01-01T00:00:00","Epler Company","189,518,048","126,069,575","63,448,473","66.5","33,878,065","187.3","1","NULL"
"Turlock Irrigation District Pension Plan","7187","20092010","2009-01-01T00:00:00","Epler Company","169,397,314","107,967,572","61,429,742","63.7","32,704,664","187.8","1","NULL"
"Turlock Irrigation District Pension Plan","7187","20082009","2008-01-01T00:00:00","Epler Company","154,247,702","127,995,357","26,252,345","83","30,327,028","86.6","1","NULL"
"Turlock Irrigation District Pension Plan","7187","20072008","2007-01-01T00:00:00","Epler Company","142,708,321","116,104,357","26,603,964","81.4","27,728,066","95.9","1","NULL"
"Turlock Irrigation District Pension Plan","7187","20062007","2006-01-01T00:00:00","Epler Company","132,592,574","102,135,842","30,456,732","77","25,507,585","119.4","1","NULL"
"Valley Sanitary District Money Purchase Pension Plan","7158","20042005","NULL","dcp",,,"0","NULL","176,515","NULL","NULL","NULL"
"Turlock Irrigation District Pension Plan","7187","20052006","2005-01-01T00:00:00","Epler Company","123,497,787","95,189,875","28,307,912","77.1","23,863,461","118.6","1","NULL"
"Turlock Irrigation District Pension Plan","7187","20042005","2004-01-01T00:00:00","Epler Company","116,218,467","94,298,719","21,919,748","81.1","23,130,017","94.8","1","NULL"
"Turlock Irrigation District Pension Plan","7187","20032004","2003-01-01T00:00:00","Epler Company","108,262,252","91,008,865","17,253,387","84.1","21,909,998","78.7","2","NULL"
"Turlock Irrigation District Pension Plan","7187","20022003","2002-01-01T00:00:00","Epler Company","102,045,235","92,978,700","9,066,535","91.1","25,603,190","35.4","2","NULL"
"University of California Retirement Plan","7211","20152016","2015-07-01T00:00:00","Segal Consulting","65,841,255,000","53,762,286,000","12,078,969,000","81.7","10,196,015,000","121.7","1","NULL"
"University of California Retirement Plan","7211","20142015","2014-07-01T00:00:00","Segal Consulting","60,417,177,000","48,327,981,000","12,089,196,000","80","11,086,876,030","NULL","1","NULL"
"University of California Retirement Plan","7211","20132014","2013-07-01T00:00:00","The Segal Company","57,380,961,000","43,572,353,000","13,808,608,000","75.9","10,395,901,589","132.8","1","NULL"
"University of California Retirement Plan","7211","20122013","2012-07-01T00:00:00","The Segal Company","54,620,000,000","42,965,000,000","11,655,000,000","78.7","9,867,500,354","118.1","1","NULL"
"University of California Retirement Plan","7211","20112012","2011-07-01T00:00:00","The Segal Company","51,831,000,000","42,757,000,000","9,074,000,000","82.5","9,542,340,029","95.1","1","NULL"
"University of California Retirement Plan","7211","20102011","2010-07-01T00:00:00","The Segal Company","47,504,309,000","41,195,318,000","6,308,991,000","86.7","8,869,265,277","71.1","1","NULL"
"University of California Retirement Plan","7211","20092010","2009-07-01T00:00:00","The Segal Company","45,160,525,000","42,798,773,000","2,361,752,000","94.8","8,739,433,283","27","1","NULL"
"University of California Retirement Plan","7211","20082009","2008-07-01T00:00:00","The Segal Company","42,576,822,000","43,840,272,000","-1,263,450,000","103","8,288,553,643","-15.2","1","NULL"
"University of California Retirement Plan","7211","20072008","2007-07-01T00:00:00","The Segal Company","41,436,576,000","43,433,936,000","-1,997,360,000","104.8","8,426,633,533","-24.1","1","NULL"
"University of California Retirement Plan","7211","20062007","2007-07-01T00:00:00","The Segal Company","41,436,576,000","43,433,936,000","-1,997,360,000","104.8","7,612,700,000","-26.2","1","NULL"
"University of California Retirement Plan","7211","20052006","2006-07-01T00:00:00","The Segal Company","40,301,708,000","41,972,476,000","-1,670,768,000","104.1","8,258,984,862","-20.2","1","NULL"
"University of California Retirement Plan","7211","20042005","2005-07-01T00:00:00","The Segal Company","37,252,384,000","41,084,862,000","-3,832,478,000","110.3","8,149,640,137","-47","1","NULL"
"University of California Retirement Plan","7211","20032004","2004-07-01T00:00:00","The Segal Company","35,034,183,000","41,293,050,000","-6,258,867,000","117.9","7,835,249,203","-79.9","1","NULL"
"University of California Retirement Plan","7211","20022003","2003-07-01T00:00:00","Towers Perrin","32,954,800,000","41,429,300,000","-8,474,500,000","125.7","7,733,778,000","-109.6","1","NULL"
"University of California Retirement Savings Program","7212","20152016","NULL","NULL",,,"0","NULL","0","NULL","NULL","NULL"
"University of California Retirement Savings Program","7212","20142015","2014-07-12T00:00:00","Defined contribution plan program","0","0","0","NULL",,"NULL","NULL","NULL"
"University of California Retirement Savings Program","7212","20132014","NULL","Defined Contribution Plan",,,"0","NULL",,"NULL","NULL","NULL"
"University of California Retirement Savings Program","7212","20122013","NULL","Defined contribution plans",,,"0","NULL",,"NULL","NULL","NULL"
"University of California Retirement Savings Program","7212","20112012","NULL","dcp",,,"0","NULL",,"NULL","NULL","NULL"
"University of California Retirement Savings Program","7212","20102011","NULL","dcp",,,"0","NULL",,"NULL","NULL","NULL"
"University of California Retirement Savings Program","7212","20092010","NULL","dcp",,,"0","NULL",,"NULL","NULL","NULL"
"University of California Retirement Savings Program","7212","20082009","NULL","dcp",,,"0","NULL",,"NULL","NULL","NULL"
"University of California Retirement Savings Program","7212","20072008","2007-07-01T00:00:00","NULL",,,"0","NULL",,"NULL","NULL","NULL"
"University of California Retirement Savings Program","7212","20062007","2007-07-01T00:00:00","NULL",,,"0","NULL",,"NULL","NULL","NULL"
"University of California Retirement Savings Program","7212","20052006","NULL","NULL",,,"0","NULL","0","NULL","NULL","NULL"
"University of California Retirement Savings Program","7212","20042005","NULL","dcp",,,"0","NULL",,"NULL","NULL","NULL"
"University of California Retirement Savings Program","7212","20032004","NULL","DCP Plan",,,"0","NULL","0","NULL","NULL","NULL"
"University of California Retirement Savings Program","7212","20022003","2003-07-01T00:00:00","dcp",,,"0","NULL",,"NULL","NULL","NULL"
"Valley Sanitary District Money Purchase Pension Plan","7158","20152016","NULL","NULL",,,"0","NULL","0","NULL","NULL","NULL"
"Valley Sanitary District Money Purchase Pension Plan","7158","20142015","NULL","NULL",,,"0","NULL","93,260","NULL","NULL","NULL"
"Valley Sanitary District Money Purchase Pension Plan","7158","20132014","NULL","NULL",,,"0","NULL","89,801","0","NULL","NULL"
"Valley Sanitary District Money Purchase Pension Plan","7158","20122013","NULL","NULL",,,"0","NULL","139,271","0","NULL","NULL"
"Valley Sanitary District Money Purchase Pension Plan","7158","20112012","NULL","NULL",,,"0","NULL","179,180","0","NULL","NULL"
"Valley Sanitary District Money Purchase Pension Plan","7158","20102011","NULL","NULL",,,"0","NULL","172,844","0","NULL","NULL"
"Valley Sanitary District Money Purchase Pension Plan","7158","20092010","NULL","dcp",,,"0","NULL","172,876","NULL","NULL","NULL"
"Valley Sanitary District Money Purchase Pension Plan","7158","20082009","NULL","dcp",,,"0","NULL","167,735","NULL","NULL","NULL"
"Valley Sanitary District Money Purchase Pension Plan","7158","20072008","NULL","dcp",,,"0","NULL","165,125","NULL","NULL","NULL"
"Valley Sanitary District Money Purchase Pension Plan","7158","20062007","NULL","dcp",,,"0","NULL","151,134","NULL","NULL","NULL"
"Valley Sanitary District Money Purchase Pension Plan","7158","20052006","NULL","dcp",,,"0","NULL","186,138","0","NULL","NULL"
"Valley Sanitary District Money Purchase Pension Plan","7158","20022003","NULL","Nationwide Financial",,,"0","NULL","165,423","0","NULL","NULL"
"Ventura County Employees' Retirement Association","7278","20152016","2016-06-30T00:00:00","Segal Consulting","5,398,756,000","4,585,713,000","813,043,000","84.9","705,999,680","115.1","1","NULL"
"Ventura County Employees' Retirement Association","7278","20142015","2015-06-30T00:00:00","Segal Consulting","5,178,157,000","4,302,330,000","875,827,000","83.1","678,705,846","129","1","NULL"
"Ventura County Employees' Retirement Association","7278","20132014","2014-06-30T00:00:00","Segal Consulting","4,731,016,000","3,910,801,000","820,215,000","82.7","648,257,042","126.5","1","NULL"
"Ventura County Employees' Retirement Association","7278","20122013","2013-06-30T00:00:00","The Segal Company","4,575,063,000","3,621,709,000","953,354,000","79.2","638,763,186","149.2","1","NULL"
"Ventura County Employees' Retirement Association","7278","20112012","2012-06-30T00:00:00","Paul Angelo/The Segal Company","4,373,227,000","3,397,360,000","975,867,000","77.7","633,847,360","154","1","NULL"
"Ventura County Employees' Retirement Association","7278","20102011","2011-06-30T00:00:00","The Segal Company","3,995,352,000","3,220,388,000","774,964,000","80.6","637,037,380","121.7","1","NULL"
"Ventura County Employees' Retirement Association","7278","20092010","2010-06-30T00:00:00","The Segal Company","3,877,443,000","3,115,984,000","761,459,000","80.4","654,828,221","116.3","1","NULL"
"Ventura County Employees' Retirement Association","7278","20082009","2009-06-30T00:00:00","The Segal Company","3,663,701,000","3,090,148,000","573,553,000","84.3","634,777,892","90.4","1","NULL"
"Ventura County Employees' Retirement Association","7278","20072008","2008-06-30T00:00:00","The Segal Company","3,345,804,000","3,055,756,000","290,048,000","91.3","599,173,118","48.4","1","NULL"
"Ventura County Employees' Retirement Association","7278","20062007","2007-06-30T00:00:00","The Segal Company","3,112,583,000","2,736,558,000","376,025,000","87.9","551,968,099","68.1","1","NULL"
"Ventura County Employees' Retirement Association","7278","20052006","2006-06-30T00:00:00","The Segal Company","2,911,918,000","2,430,048,000","481,870,000","83.5","519,144,660","92.8","1","NULL"
"Ventura County Employees' Retirement Association","7278","20042005","2005-06-30T00:00:00","The Segal Company","2,584,905,000","2,216,229,000","368,676,000","85.7","478,052,728","77.1","1","NULL"
"Ventura County Employees' Retirement Association","7278","20032004","2004-06-30T00:00:00","The Segal Company","2,393,997,000","2,070,553,000","323,444,000","86.5","475,934,348","68","1","NULL"
"Ventura County Employees' Retirement Association","7278","20022003","2003-06-30T00:00:00","The Segal Company","2,202,018,000","2,057,493,000","144,525,000","93.4","455,789,408","31.7","1","NULL"
"West Contra Costa Healthcare District Successor Retirement Plan","8275","20152016","2016-06-30T00:00:00","Towers Watson","15,899,212","3,098,074","12,801,138","19.5","0","NULL","5","NULL"
"West Contra Costa Healthcare District Successor Retirement Plan","8275","20142015","2015-06-30T00:00:00","Towers Watson","14,649,496","4,174,333","10,475,163","28.5","0","NULL","5","NULL"
"West Contra Costa Healthcare District Successor Retirement Plan","8275","20132014","2014-07-01T00:00:00","Towers Watson","14,197,339","4,990,312","9,207,027","35.1","0","NULL","5","NULL"
"West Contra Costa Healthcare District Successor Retirement Plan","8275","20122013","2013-07-01T00:00:00","Towers Watson","11,261,212","5,073,430","6,187,782","45.1","0","NULL","5","NULL"
"West Contra Costa Healthcare District Successor Retirement Plan","8275","20112012","2012-07-01T00:00:00","Towers & Watson","10,474,752","5,288,289","5,186,463","50.5","0","NULL","5","NULL"
"West Contra Costa Healthcare District Successor Retirement Plan","8275","20102011","2010-12-31T00:00:00","Towers & Watson","10,458,266","6,469,768","3,988,498","61.9","0","NULL","5","NULL"
"West Contra Costa Healthcare District Successor Retirement Plan","8275","20092010","2009-12-31T00:00:00","Towers Watson","10,725,685","6,625,642","4,100,043","61.8","0","NULL","5","NULL"
"West Contra Costa Healthcare District Successor Retirement Plan","8275","20082009","2008-12-31T00:00:00","Watson Wyatt & Company","10,645,843","9,863,100","782,843","92.6","0","NULL","5","NULL"
"West Contra Costa Healthcare District Successor Retirement Plan","8275","20072008","2007-12-31T00:00:00","Watson Wyatt worldwide","10,645,843","9,863,100","782,743","92.6","0","NULL","3","NULL"
"West Contra Costa Healthcare District Successor Retirement Plan","8275","20042005","2004-07-01T00:00:00","Watson Wyatt & Company","10,366,836","9,499,298","867,538","91.6","0","NULL","7","NULL"
"West Contra Costa Healthcare District Successor Retirement Plan","8275","20032004","2003-07-01T00:00:00","Watson Wyatt & Company","10,253,188","9,011,117","1,242,071","87.9","0","NULL","7","NULL"
"West Contra Costa Healthcare District Successor Retirement Plan","8275","20022003","2002-07-01T00:00:00","Watson Wyatt & Company","9,652,169","9,493,040","159,129","98.4","0","NULL","7","NULL"
"West Valley Mosquito and Vector Control District Money Purchase Plan","7151","20112012","NULL","NULL",,,"0","NULL","0","NULL","NULL","NULL"
"West Valley Mosquito and Vector Control District Money Purchase Plan","7151","20102011","NULL","NULL","0","0","0","0","0","NULL","NULL","NULL"
"West Valley Mosquito and Vector Control District Money Purchase Plan","7151","20092010","NULL","DCP","0","0","0","NULL",,"NULL","NULL","NULL"
"West Valley Mosquito and Vector Control District Money Purchase Plan","7151","20082009","NULL","DCP","0","0","0","100","0","NULL","NULL","NULL"
"West Valley Mosquito and Vector Control District Money Purchase Plan","7151","20072008","NULL","DCP",,,"0","NULL",,"NULL","NULL","NULL"
"West Valley Mosquito and Vector Control District Money Purchase Plan","7151","20062007","NULL","DCP",,,"0","NULL","786,493","NULL","NULL","NULL"
"West Valley Mosquito and Vector Control District Money Purchase Plan","7151","20052006","NULL","dcp",,,"0","NULL","631,100","NULL","NULL","NULL"
"West Valley Mosquito and Vector Control District Money Purchase Plan","7151","20042005","NULL","dcp",,,"0","NULL","489,593","NULL","NULL","NULL"
"West Valley Mosquito and Vector Control District Money Purchase Plan","7151","20032004","NULL","dcp",,,"0","NULL","444,182","NULL","NULL","NULL"
"West Valley Mosquito and Vector Control District Money Purchase Plan","7151","20022003","NULL","dcp",,,"0","NULL","425,329","NULL","NULL","NULL"
