entity_name,entity_id,fiscal_year,AAL,AVA,UAAL,funded_ratio,ACP,contributions,investment_income,other_additions,admin_expense,benefit_payments,member_refunds,other_deductions,return_1yr,return_3yr,return_5yr,adc_amount,contribution_deficiency,net_cash_flow,contribution_to_payroll,funded_ratio_prev,funded_ratio_change
Golden Gate Transit District Amalgamated Retirement Plan,7144,2003,113349000.0,111546000.0,1803000.0,98.4,23660000.0,0.0,-10816788.0,0.0,454123.0,5726931.0,0.0,0.0,,,,,,-16997842.0,0.0,,
Golden Gate Transit District Amalgamated Retirement Plan,7144,2004,118371000.0,112137000.0,6234000.0,94.7,22952000.0,2990733.0,17599136.0,0.0,382124.0,6276279.0,0.0,0.0,,,,,,13931466.0,0.13030380794701987,98.4,-3.700000000000003
Golden Gate Transit District Amalgamated Retirement Plan,7144,2005,120251000.0,115857000.0,4394000.0,96.3,20249000.0,2711704.0,11898051.0,0.0,359897.0,6771441.0,0.0,0.0,12.4,7.37,1.98,,,7478417.0,0.13391792187268506,94.7,1.5999999999999943
Golden Gate Transit District Amalgamated Retirement Plan,7144,2006,122198000.0,117796000.0,4402000.0,96.4,18175000.0,2682915.0,5266078.0,0.0,433354.0,7468637.0,0.0,0.0,4.6,12.43,3.12,,,47002.0,0.1476156808803301,96.3,0.10000000000000853
Golden Gate Transit District Amalgamated Retirement Plan,7144,2007,126318000.0,123189000.0,3129000.0,97.5,17825000.0,2713581.0,14337245.0,0.0,353766.0,7500910.0,0.0,0.0,12.9,9.0,7.9,,,9196150.0,0.15223455820476858,96.4,1.0999999999999943
Golden Gate Transit District Amalgamated Retirement Plan,7144,2008,126318000.0,123189000.0,3129000.0,97.5,18776000.0,2865664.0,7355476.0,0.0,375917.0,7931940.0,0.0,0.0,6.1,7.87,11.26,,,1913283.0,0.15262377503195568,97.5,0.0
Golden Gate Transit District Amalgamated Retirement Plan,7144,2009,136011000.0,103202000.0,32809000.0,75.9,19246653.0,2918755.0,-33863619.0,0.0,418678.0,7788615.0,0.0,0.0,-27.6,-4.6,0.4,,,-39152157.0,0.15165000376948656,97.5,-21.599999999999994
Golden Gate Transit District Amalgamated Retirement Plan,7144,2010,138936378.0,105633839.0,33302539.0,76.0,19965307.0,3718356.0,16120474.0,0.0,320767.0,8067802.0,0.0,60764.0,19.2,-2.9,1.6,,,11389497.0,0.18624086271250426,75.9,0.09999999999999432
Golden Gate Transit District Amalgamated Retirement Plan,7144,2011,138936378.0,105633839.0,33302539.0,76.0,19980652.0,3840227.0,11883122.0,0.0,415543.0,8688602.0,0.0,0.0,12.5,-1.0,3.1,,,6619204.0,0.19219728165026848,76.0,0.0
Golden Gate Transit District Amalgamated Retirement Plan,7144,2012,143140197.0,97961812.0,45178385.0,68.4,19765535.0,3801481.0,-1981695.0,0.0,382345.0,9268602.0,0.0,0.0,-2.09,9.72,0.03,,,-7831161.0,0.19232876823217787,76.0,-7.599999999999994
Golden Gate Transit District Amalgamated Retirement Plan,7144,2013,149695028.0,102670728.0,47024300.0,68.6,20886904.0,4005242.0,12368225.0,0.0,399886.0,9513278.0,0.0,0.0,13.18,7.71,5.94,,,6460303.0,0.19175852965092385,68.4,0.19999999999998863
Golden Gate Transit District Amalgamated Retirement Plan,7144,2014,149695028.0,102670728.0,47024300.0,68.6,21395759.0,4099856.0,17348726.0,0.0,450940.0,9905956.0,0.0,0.0,17.36,9.15,6.93,,,11091686.0,0.19162003086686477,68.6,0.0
Golden Gate Transit District Amalgamated Retirement Plan,7144,2015,149695028.0,102670728.0,47024300.0,68.6,21166280.0,4055024.0,8263392.0,0.0,439301.0,10613134.0,0.0,0.0,7.46,12.62,9.54,,,1265981.0,0.19157943672671815,68.6,0.0
Golden Gate Transit District Amalgamated Retirement Plan,7144,2016,159256343.0,111624209.0,47632134.0,70.1,22050158.0,4589168.0,-821742.0,0.0,498941.0,11272180.0,0.0,0.0,-0.6,7.9,6.8,,,-8003695.0,0.2081240415601557,68.6,1.5
Golden Gate Transit District Amalgamated Retirement Plan,7144,2017,159256343.0,111624209.0,47632134.0,70.1,21981000.0,4978192.0,7281414.0,0.0,410004.0,12184457.0,0.0,0.0,7.4,4.7,8.8,6666000.0,2699000.0,-334855.0,0.22647704835994723,70.1,0.0
Golden Gate Transit District Amalgamated Retirement Plan,7144,2018,182788380.0,109986152.0,72802228.0,60.2,22875000.0,5699315.0,13452107.0,0.0,516799.0,12840679.0,0.0,0.0,13.5,6.9,9.2,8095000.0,3512000.0,5793944.0,0.2491503825136612,70.1,-9.899999999999991
Golden Gate Transit District Amalgamated Retirement Plan,7144,2019,182788380.0,109986152.0,72802228.0,60.17,23393000.0,6681520.0,-6567739.0,0.0,615519.0,13291965.0,0.0,0.0,,,,7771000.0,2725000.0,-13793703.0,0.2856204847603984,60.2,-0.030000000000001137
Golden Gate Transit District Amalgamated Retirement Plan,7144,2020,196005176.0,104182604.0,91822572.0,53.15,22247533.0,6521251.0,14009908.0,0.0,751140.0,13971839.0,0.0,0.0,,,,8516000.0,3589000.0,5808180.0,0.29312243294571133,60.17,-7.020000000000003
Golden Gate Transit District Amalgamated Retirement Plan,7144,2021,196005176.0,104182604.0,91822572.0,53.15,19709000.0,7248023.0,6831355.0,0.0,797400.0,14541594.0,0.0,0.0,,,,7925000.0,2998000.0,-1259616.0,0.36775194073773404,53.15,0.0
Golden Gate Transit District Amalgamated Retirement Plan,7144,2022,200230814.0,100790020.0,99440794.0,50.34,19332000.0,5919024.0,15049526.0,0.0,721833.0,15488407.0,0.0,0.0,,,,6961000.0,1098000.0,4758310.0,0.30617752948479204,53.15,-2.809999999999995
Golden Gate Transit District Amalgamated Retirement Plan,7144,2023,205290300.0,102502831.0,102787469.0,49.93,15085000.0,5719725.0,-9522913.0,0.0,764422.0,16233776.0,0.0,0.0,,,,8825000.0,3933000.0,-20801386.0,0.37916639045409345,50.34,-0.4100000000000037
Golden Gate Transit District Amalgamated Retirement Plan,7144,2024,198631893.0,95384216.0,103247677.0,48.02,13153000.0,11473151.0,7107016.0,0.0,771915.0,16121675.0,0.0,0.0,,,,9263000.0,4539000.0,1686577.0,0.8722839656352163,49.93,-1.9099999999999966
Antelope Valley Hospital Medical Center Retirement Plan,7148,2004,77825134.0,74230808.0,3594326.0,95.4,63670685.0,0.0,8894303.0,0.0,31271.0,1942171.0,0.0,0.0,,,,,,6920861.0,0.0,,
Antelope Valley Hospital Medical Center Retirement Plan,7148,2005,90493657.0,75283631.0,15210026.0,83.2,77600118.0,0.0,6130392.0,0.0,21450.0,2030313.0,0.0,0.0,8.2,8.76,5.68,,,4078629.0,0.0,95.4,-12.200000000000003
Antelope Valley Hospital Medical Center Retirement Plan,7148,2006,101190902.0,78609905.0,22580997.0,77.7,98599453.0,1200000.0,8196169.0,0.0,30980.0,2287926.0,0.0,0.0,8.2,8.76,5.07,,,7077263.0,0.012170452913161699,83.2,-5.5
Antelope Valley Hospital Medical Center Retirement Plan,7148,2007,111346507.0,84707329.0,26639178.0,76.1,96277887.0,2546342.0,12689058.0,0.0,44343.0,2326842.0,0.0,0.0,14.6,11.0,10.2,,,12864215.0,0.02644783843251566,77.7,-1.6000000000000085
Antelope Valley Hospital Medical Center Retirement Plan,7148,2008,119177736.0,94655687.0,24522049.0,79.4,93458358.0,2997248.0,-4587097.0,0.0,47287.0,2909308.0,0.0,0.0,,,,,,-4546444.0,0.032070411508834766,76.1,3.3000000000000114
Antelope Valley Hospital Medical Center Retirement Plan,7148,2009,125602280.0,101182884.0,24419396.0,80.6,100178228.0,5660550.0,-17746796.0,0.0,0.0,3360133.0,0.0,0.0,,,,,,-15446379.0,0.05650479263817683,79.4,1.1999999999999886
Antelope Valley Hospital Medical Center Retirement Plan,7148,2010,129052135.0,95831233.0,33220902.0,74.3,107653212.0,5830054.0,5173663.0,0.0,0.0,3697477.0,0.0,0.0,,,,,,7306240.0,0.05415587599931528,80.6,-6.299999999999997
Antelope Valley Hospital Medical Center Retirement Plan,7148,2012,151697557.0,98337418.0,53360139.0,64.8,134153568.0,7373956.0,-937662.0,0.0,1008484.0,4656435.0,0.0,0.0,-0.89,6.54,-2.2,,,771375.0,0.05496652910491356,74.3,-9.5
Antelope Valley Hospital Medical Center Retirement Plan,7148,2013,163941625.0,102307703.0,61633922.0,62.4,138940618.0,7583955.0,10229421.0,0.0,1000303.0,5412896.0,0.0,0.0,8.74,7.47,0.44,,,11400177.0,0.05458414615659763,64.8,-2.3999999999999986
Antelope Valley Hospital Medical Center Retirement Plan,7148,2014,178628011.0,112299085.0,66328926.0,62.9,136714925.0,7226851.0,15219564.0,0.0,69096.0,6776664.0,0.0,0.0,,,,,,15600655.0,0.05286073192081991,62.4,0.5
Antelope Valley Hospital Medical Center Retirement Plan,7148,2015,244717116.0,133184810.0,111532306.0,54.4,145246760.0,14035236.0,5222989.0,0.0,74122.0,6893033.0,0.0,0.0,3.75,7.66,7.34,,,12291070.0,0.09663028627970772,62.9,-8.5
Antelope Valley Hospital Medical Center Retirement Plan,7148,2016,266551234.0,149500620.0,117050614.0,56.1,147394962.0,19372323.0,-1536597.0,0.0,168459.0,7792231.0,0.0,0.0,-1.17,5.06,4.55,,,9875036.0,0.13143137823123155,54.4,1.7000000000000028
Antelope Valley Hospital Medical Center Retirement Plan,7148,2017,297611638.0,168367287.0,129244351.0,56.6,150265338.0,15517736.0,15948556.0,0.0,25943.0,8776948.0,0.0,0.0,,,,13875355.0,-866459.0,22663401.0,0.10326889891266873,56.1,0.5
Antelope Valley Hospital Medical Center Retirement Plan,7148,2018,310911089.0,183653871.0,127257218.0,59.1,142333031.0,19608031.0,14388611.0,0.0,27346.0,9825764.0,0.0,0.0,,,,16292095.0,-2267832.0,24143532.0,0.13776163454286308,56.6,2.5
Antelope Valley Hospital Medical Center Retirement Plan,7148,2019,331054808.0,203990609.0,127064199.0,61.62,150221871.0,21108577.0,13206032.0,0.0,29718.0,10924570.0,0.0,0.0,,,,15442859.0,-4270179.0,23360321.0,0.1405160038247693,59.1,2.519999999999996
Antelope Valley Hospital Medical Center Retirement Plan,7148,2020,372357417.0,226170657.0,146186760.0,60.74,155267645.0,21980684.0,9529079.0,0.0,31070.0,11992898.0,0.0,0.0,,,,16099900.0,-4267997.0,19485795.0,0.14156641584922602,61.62,-0.8799999999999955
Antelope Valley Hospital Medical Center Retirement Plan,7148,2021,412757973.0,249189893.0,163568080.0,60.37,155611960.0,20089823.0,66028813.0,0.0,267751.0,13341321.0,0.0,0.0,,,,18515980.0,449661.0,72509564.0,0.12910204973962155,60.74,-0.37000000000000455
Antelope Valley Hospital Medical Center Retirement Plan,7148,2022,445288135.0,281697091.0,163591044.0,63.26,160280319.0,26608018.0,-38696852.0,0.0,385838.0,15497141.0,0.0,0.0,,,,20582910.0,-3807254.0,-27971813.0,0.166009265304744,60.37,2.8900000000000006
Antelope Valley Hospital Medical Center Retirement Plan,7148,2023,462651485.0,310014672.0,152636813.0,67.01,154615246.0,26555584.0,32842823.0,0.0,302190.0,15814968.0,0.0,0.0,,,,21404672.0,-2441849.0,43281249.0,0.17175268731260823,63.26,3.750000000000007
Antelope Valley Hospital Medical Center Retirement Plan,7148,2024,486718452.0,338707247.0,148011205.0,69.59,159917337.0,28852968.0,49229886.0,0.0,252375.0,19486462.0,0.0,0.0,,,,20565690.0,-5013705.0,58344017.0,0.1804242650688962,67.01,2.5799999999999983
Kaweah Delta Hospital District Employees' Retirement Plan,7149,2003,81633367.0,58725144.0,22908223.0,71.9,76143415.0,7409000.0,1373178.0,0.0,149414.0,2114779.0,0.0,0.0,,,,,,6517985.0,0.09730322707485604,,
Kaweah Delta Hospital District Employees' Retirement Plan,7149,2004,93744936.0,65660129.0,28084807.0,70.0,89746581.0,7732646.0,7975902.0,0.0,90468.0,2386174.0,0.0,0.0,,,,,,13231906.0,0.08616089787309,71.9,-1.9000000000000057
Kaweah Delta Hospital District Employees' Retirement Plan,7149,2005,106154859.0,78892036.0,27262823.0,74.3,83959219.0,7938413.0,4044288.0,0.0,80506.0,2725323.0,0.0,0.0,4.5,5.97,1.76,,,9176872.0,0.09455081996415426,70.0,4.299999999999997
Kaweah Delta Hospital District Employees' Retirement Plan,7149,2006,119151478.0,88068907.0,31082571.0,73.9,77093161.0,8256050.0,8556740.0,0.0,89226.0,3535494.0,0.0,0.0,,,,,,13188070.0,0.10709185993813382,74.3,-0.3999999999999915
Kaweah Delta Hospital District Employees' Retirement Plan,7149,2007,130285735.0,100956100.0,29329635.0,77.5,71463989.0,8341816.0,16212271.0,0.0,110966.0,3550524.0,0.0,0.0,,,,,,20892597.0,0.11672754511366557,73.9,3.5999999999999943
Kaweah Delta Hospital District Employees' Retirement Plan,7149,2008,150306017.0,122149574.0,28156443.0,81.3,74772324.0,9341143.0,-7148688.0,0.0,93367.0,4038561.0,0.0,0.0,,,,,,-1939473.0,0.12492781420034503,77.5,3.799999999999997
Kaweah Delta Hospital District Employees' Retirement Plan,7149,2009,180526131.0,102809791.0,77716340.0,57.0,70003288.0,10091082.0,-22624968.0,0.0,131099.0,4735325.0,0.0,0.0,,,,,,-17400310.0,0.14415154328179555,81.3,-24.299999999999997
Kaweah Delta Hospital District Employees' Retirement Plan,7149,2010,187243617.0,122245952.0,64997665.0,65.3,66642031.0,12911247.0,12048687.0,0.0,137925.0,5385848.0,0.0,0.0,,,,,,19436161.0,0.19374029882132493,57.0,8.299999999999997
Kaweah Delta Hospital District Employees' Retirement Plan,7149,2011,185527743.0,159378728.0,26149015.0,85.9,0.0,11325664.0,31904191.0,0.0,146513.0,5950566.0,0.0,0.0,,,,,,37132776.0,,65.3,20.60000000000001
Kaweah Delta Hospital District Employees' Retirement Plan,7149,2012,200690630.0,152766477.0,47924153.0,76.1,0.0,2234786.0,-2034827.0,0.0,136844.0,6675366.0,0.0,0.0,,,,,,-6612251.0,,85.9,-9.800000000000011
Kaweah Delta Hospital District Employees' Retirement Plan,7149,2013,210850516.0,164347051.0,46503465.0,77.9,0.0,4094618.0,15374007.0,0.0,183148.0,7704903.0,0.0,0.0,,,,,,11580574.0,,76.1,1.8000000000000114
Kaweah Delta Hospital District Employees' Retirement Plan,7149,2014,219717816.0,189403582.0,30314234.0,86.2,0.0,4058364.0,29811505.0,0.0,151010.0,8662328.0,0.0,0.0,,,,,,25056531.0,,77.9,8.299999999999997
Kaweah Delta Hospital District Employees' Retirement Plan,7149,2015,227552798.0,190783918.0,36768880.0,83.8,0.0,3720167.0,8309307.0,0.0,222660.0,10426478.0,0.0,0.0,,,,,,1380336.0,,86.2,-2.4000000000000057
Kaweah Delta Hospital District Employees' Retirement Plan,7149,2016,246604259.0,183780944.0,62823315.0,74.5,0.0,5000001.0,-1142050.0,0.0,283888.0,10577037.0,0.0,0.0,,,,,,-7002974.0,,83.8,-9.299999999999997
Kaweah Delta Hospital District Employees' Retirement Plan,7149,2021,297776486.0,320047417.0,-22270931.0,107.48,0.0,11400000.0,73603797.0,0.0,287067.0,15526946.0,0.0,0.0,,,,4414280.0,-6985720.0,69189784.0,,74.5,32.980000000000004
Kaweah Delta Hospital District Employees' Retirement Plan,7149,2022,304929592.0,265140533.0,39789059.0,86.95,0.0,11400000.0,-49171532.0,0.0,303327.0,16832025.0,0.0,0.0,,,,0.0,-11400000.0,-54906884.0,,107.48,-20.53
Kaweah Delta Hospital District Employees' Retirement Plan,7149,2023,315315222.0,272353912.0,42961310.0,86.38,0.0,0.0,25512688.0,0.0,569117.0,17730192.0,0.0,0.0,,,,4350330.0,4350330.0,7213379.0,,86.95,-0.5700000000000074
Kaweah Delta Hospital District Employees' Retirement Plan,7149,2024,307477333.0,286250863.0,21226470.0,93.1,0.0,0.0,33674666.0,0.0,615934.0,19161779.0,0.0,0.0,,,,4697167.0,4697167.0,13896953.0,,86.38,6.719999999999999
AC Transit Employees' Retirement Plan,7159,2003,314358517.0,290753007.0,23605510.0,92.5,113753995.0,14112216.0,-18013287.0,0.0,1497930.0,15757036.0,0.0,0.0,,,,,,-21156037.0,0.12405908029867435,,
AC Transit Employees' Retirement Plan,7159,2004,347614231.0,296723729.0,50890502.0,85.4,123941457.0,17027456.0,51848440.0,0.0,544272.0,17423085.0,0.0,0.0,,,,,,50908539.0,0.13738305496925052,92.5,-7.099999999999994
AC Transit Employees' Retirement Plan,7159,2005,387292455.0,311160685.0,76131770.0,80.3,117394393.0,19395857.0,31734090.0,0.0,649564.0,19813004.0,0.0,0.0,,,,,,30667379.0,0.1652196199864503,85.4,-5.1000000000000085
AC Transit Employees' Retirement Plan,7159,2006,417662007.0,322625824.0,95036183.0,77.2,117267338.0,20196272.0,24098067.0,0.0,613491.0,21328895.0,0.0,0.0,,,,,,22351953.0,0.1722241874374261,80.3,-3.0999999999999943
AC Transit Employees' Retirement Plan,7159,2007,449786331.0,349765819.0,100020512.0,77.8,120487434.0,22032945.0,44127264.0,0.0,687900.0,22594957.0,0.0,0.0,,,,,,42877352.0,0.18286508616325914,77.2,0.5999999999999943
AC Transit Employees' Retirement Plan,7159,2008,500514140.0,379650907.0,120863233.0,75.9,124907596.0,24987070.0,22644043.0,0.0,778101.0,24889295.0,0.0,0.0,,,,,,21963717.0,0.20004443925091633,77.8,-1.8999999999999915
AC Transit Employees' Retirement Plan,7159,2009,531756991.0,420843790.0,110913201.0,79.1,129935113.0,27246151.0,-125719548.0,0.0,727184.0,26532233.0,0.0,0.0,,,,,,-125732814.0,0.2096904398736314,75.9,3.1999999999999886
AC Transit Employees' Retirement Plan,7159,2010,586781594.0,358600888.0,228180706.0,61.1,135196012.0,33279081.0,86426437.0,0.0,684275.0,28860928.0,0.0,0.0,,,,,,90160315.0,0.24615430964043525,79.1,-17.999999999999993
AC Transit Employees' Retirement Plan,7159,2011,625116235.0,391062294.0,234053941.0,62.6,136127357.0,38460619.0,46585157.0,298780.0,816110.0,32665232.0,0.0,0.0,,,,,,51863214.0,0.28253409048410455,61.1,1.5
AC Transit Employees' Retirement Plan,7159,2012,692486995.0,428644017.0,263842978.0,61.9,126536498.0,38312183.0,-1838757.0,75041.0,827197.0,37539890.0,0.0,0.0,-0.1,13.5,1.6,,,-1818620.0,0.30277574933360335,62.6,-0.7000000000000028
AC Transit Employees' Retirement Plan,7159,2013,721194818.0,453421574.0,267773244.0,62.9,126239193.0,38373505.0,56671893.0,70139.0,798677.0,40731707.0,0.0,0.0,13.8,8.5,3.1,,,53585153.0,0.30397457467903805,61.9,1.0
AC Transit Employees' Retirement Plan,7159,2014,753239390.0,480241963.0,272997427.0,63.8,130592121.0,39151289.0,71216496.0,801118.0,789257.0,44339982.0,0.0,0.0,15.2,9.11,13.53,,,66039664.0,0.2997982473996268,62.9,0.8999999999999986
AC Transit Employees' Retirement Plan,7159,2015,785288682.0,533397205.0,251891477.0,67.9,128635888.0,40384282.0,22331668.0,1173468.0,866871.0,47410234.0,0.0,0.0,4.32,10.86,8.68,,,15612313.0,0.3139425756519829,63.8,4.1000000000000085
AC Transit Employees' Retirement Plan,7159,2016,856235546.0,570994244.0,285241302.0,66.7,137011984.0,42274162.0,-1549344.0,93370.0,863722.0,49875470.0,0.0,0.0,-0.5,6.2,6.2,,,-9921004.0,0.30854353587055566,67.9,-1.2000000000000028
AC Transit Employees' Retirement Plan,7159,2017,874284100.0,600832758.0,273451342.0,68.7,150234.0,48479456.0,46600753.0,0.0,1007485.0,52559600.0,0.0,0.0,8.4,4.04,8.02,48479456.0,0.0,41513124.0,,66.7,2.0
AC Transit Employees' Retirement Plan,7159,2018,902989387.0,614229823.0,288759564.0,68.0,167786000.0,52369020.0,87480557.0,0.0,1032521.0,54630772.0,0.0,0.0,,,,51689045.0,-679955.0,84186284.0,0.3121179359422121,68.7,-0.7000000000000028
AC Transit Employees' Retirement Plan,7159,2019,983881573.0,686870000.0,297011573.0,69.81,194000000.0,54742000.0,-34344000.0,0.0,1050588.0,56697000.0,0.0,0.0,,,,54239472.0,-483528.0,-37349588.0,0.2821752577319588,68.0,1.8100000000000023
AC Transit Employees' Retirement Plan,7159,2020,1022223946.0,724962000.0,297261946.0,70.92,191001010.0,56955000.0,110146000.0,0.0,1462000.0,60321000.0,0.0,0.0,,,,56863000.0,0.0,105318000.0,0.2981921404499379,69.81,1.1099999999999994
AC Transit Employees' Retirement Plan,7159,2021,1084688403.0,788654000.0,296034403.0,72.71,193938000.0,61147000.0,94790000.0,0.0,2089000.0,62834000.0,0.0,0.0,12.72,-5.1,8.4,60989000.0,0.0,91014000.0,0.31529148490754777,70.92,1.789999999999992
AC Transit Employees' Retirement Plan,7159,2022,1125454854.0,857510000.0,267944854.0,76.19,177734000.0,60062000.0,79616000.0,0.0,1539000.0,64655000.0,0.0,0.0,,,,59830000.0,0.0,73484000.0,0.3379319657465651,72.71,3.480000000000004
AC Transit Employees' Retirement Plan,7159,2023,1084688403.0,788654000.0,296034403.0,72.71,177734000.0,63219000.0,-128574000.0,0.0,1360000.0,67851000.0,0.0,0.0,,,,61716000.0,0.0,-134566000.0,0.3556944647619476,76.19,-3.480000000000004
AC Transit Employees' Retirement Plan,7159,2024,1160658693.0,884596000.0,276062693.0,76.21,197853537.0,71002000.0,107978000.0,0.0,1720000.0,69628000.0,0.0,0.0,,,,69039000.0,0.0,107632000.0,0.3588614137335336,72.71,3.5
Los Angeles County Transportation Authority Transportation Communication - Union Employees' Retirement System,7160,2003,53675391.0,40933393.0,12741998.0,76.3,27044356.0,2808878.0,1624182.0,9605.0,159844.0,5212256.0,103386.0,0.0,,,,,,-1032821.0,0.10386189266255776,,
Los Angeles County Transportation Authority Transportation Communication - Union Employees' Retirement System,7160,2004,54888909.0,44173810.0,10715099.0,80.5,27609913.0,3460461.0,6978171.0,18779.0,339723.0,3553030.0,122311.0,0.0,16.7,4.8,3.6,,,6442347.0,0.12533400594199626,76.3,4.200000000000003
Los Angeles County Transportation Authority Transportation Communication - Union Employees' Retirement System,7160,2005,55997130.0,46019707.0,9977423.0,82.2,28089222.0,3662519.0,4564620.0,137106.0,494955.0,5462585.0,5353.0,0.0,9.1,9.7,3.3,,,2401352.0,0.1303887661965148,80.5,1.7000000000000028
Los Angeles County Transportation Authority Transportation Communication - Union Employees' Retirement System,7160,2006,66898185.0,46439904.0,20458281.0,69.4,26681935.0,3211354.0,5073369.0,641195.0,130585.0,4694273.0,825.0,0.0,10.9,12.2,6.9,,,4100235.0,0.1203568631735292,82.2,-12.799999999999997
Los Angeles County Transportation Authority Transportation Communication - Union Employees' Retirement System,7160,2007,69215411.0,50339095.0,18876316.0,72.7,26783854.0,4485370.0,8700682.0,77116.0,140073.0,4562433.0,63774.0,0.0,16.4,12.1,11.3,,,8496888.0,0.16746544392005722,69.4,3.299999999999997
Los Angeles County Transportation Authority Transportation Communication - Union Employees' Retirement System,7160,2008,72981395.0,53142136.0,19839259.0,72.8,26734876.0,4229153.0,-3718132.0,-14445.0,165573.0,3335318.0,0.0,0.0,-5.9,6.7,9.1,,,-3004315.0,0.15818861475175722,72.7,0.09999999999999432
Los Angeles County Transportation Authority Transportation Communication - Union Employees' Retirement System,7160,2009,86147611.0,53051867.0,33095744.0,61.6,27056815.0,4333929.0,-10138196.0,50453.0,178613.0,3566367.0,3790.0,0.0,-17.0,-3.1,1.9,,,-9502584.0,0.16017883110040854,72.8,-11.199999999999996
Los Angeles County Transportation Authority Transportation Communication - Union Employees' Retirement System,7160,2010,90026769.0,61865666.0,28161103.0,68.7,27578375.0,6463170.0,6647430.0,28276.0,154577.0,2798725.0,6572.0,0.0,13.5,-3.9,2.8,,,10179002.0,0.23435644776024694,61.6,7.100000000000001
Los Angeles County Transportation Authority Transportation Communication - Union Employees' Retirement System,7160,2011,94415211.0,65517572.0,28897639.0,69.4,26409852.0,5592557.0,14284904.0,21796.0,157980.0,3709788.0,4716.0,0.0,24.0,5.6,5.4,,,16026773.0,0.21176025522596642,68.7,0.7000000000000028
Los Angeles County Transportation Authority Transportation Communication - Union Employees' Retirement System,7160,2012,105147634.0,67667507.0,37480127.0,64.4,26974883.0,5614339.0,-197579.0,0.0,241550.0,4149564.0,4626.0,0.0,0.1,12.3,2.2,,,1021020.0,0.20813209829306767,69.4,-5.0
Los Angeles County Transportation Authority Transportation Communication - Union Employees' Retirement System,7160,2013,109765804.0,70250161.0,39515643.0,64.0,28735120.0,6721092.0,10485558.0,0.0,243188.0,3964538.0,0.0,0.0,13.7,12.2,6.0,,,12998924.0,0.2338981706009928,64.4,-0.4000000000000057
Los Angeles County Transportation Authority Transportation Communication - Union Employees' Retirement System,7160,2014,106026156.0,85534195.0,20491961.0,80.7,28978489.0,7113056.0,16004528.0,0.0,192537.0,5787153.0,0.0,0.0,17.8,10.3,13.6,,,17137894.0,0.24545986507440054,64.0,16.700000000000003
Los Angeles County Transportation Authority Transportation Communication - Union Employees' Retirement System,7160,2015,115956597.0,92844299.0,23112298.0,80.1,34512042.0,6900334.0,1293968.0,0.0,208897.0,4715517.0,0.0,0.0,1.8,10.9,11.1,,,3269888.0,0.19993989344356963,80.7,-0.6000000000000085
Los Angeles County Transportation Authority Transportation Communication - Union Employees' Retirement System,7160,2016,121519948.0,97457195.0,24062753.0,80.2,37014032.0,8049910.0,-346342.0,0.0,322585.0,6268405.0,0.0,0.0,-0.2,5.8,6.0,,,1112578.0,0.21748265630720803,80.1,0.10000000000000853
Los Angeles County Transportation Authority Transportation Communication - Union Employees' Retirement System,7160,2017,138548223.0,100559564.0,37988659.0,72.6,39763754.0,8526602.0,14089867.0,0.0,207891.0,6684806.0,5467.0,0.0,12.5,4.4,8.6,5956685.0,0.0,15718305.0,0.21443151469048924,80.2,-7.6000000000000085
Los Angeles County Transportation Authority Transportation Communication - Union Employees' Retirement System,7160,2018,149580883.0,109610057.0,39970826.0,73.3,42497100.0,8512690.0,11810152.0,0.0,280309.0,6893750.0,85367.0,0.0,9.2,7.0,7.8,6218202.0,0.0,13063416.0,0.20031225660103866,72.6,0.7000000000000028
Los Angeles County Transportation Authority Transportation Communication - Union Employees' Retirement System,7160,2019,157283695.0,117196978.0,40086717.0,74.51,47235246.0,10457290.0,10113856.0,0.0,332983.0,6158543.0,3519.0,0.0,6.9,9.5,5.8,7752562.0,0.0,14076101.0,0.22138743598371435,73.3,1.210000000000008
Los Angeles County Transportation Authority Transportation Communication - Union Employees' Retirement System,7160,2020,164136842.0,128997540.0,35139302.0,78.59,49491287.0,11615189.0,6847180.0,0.0,269650.0,7337748.0,23422.0,0.0,3.9,6.7,6.4,8591824.0,0.0,10831549.0,0.23469159328994615,74.51,4.079999999999998
Los Angeles County Transportation Authority Transportation Communication - Union Employees' Retirement System,7160,2021,178653654.0,146940382.0,31713272.0,82.25,54261707.0,11881561.0,45267145.0,0.0,375566.0,5947145.0,0.0,0.0,27.0,12.2,11.5,8584544.0,0.0,50825995.0,0.2189676966852517,78.59,3.6599999999999966
Los Angeles County Transportation Authority Transportation Communication - Union Employees' Retirement System,7160,2022,191242638.0,167596155.0,23646483.0,87.64,57637117.0,12602077.0,-25292247.0,0.0,339708.0,10523026.0,3929.0,0.0,-11.7,5.2,6.3,9030088.0,0.0,-23556833.0,0.21864516575317255,82.25,5.390000000000001
Los Angeles County Transportation Authority Transportation Communication - Union Employees' Retirement System,7160,2023,202978909.0,180621480.0,22357429.0,88.99,58912951.0,12335510.0,17251956.0,0.0,317285.0,9132552.0,11764.0,0.0,8.8,6.9,6.3,8871242.0,0.0,20125865.0,0.20938536927135087,87.64,1.3499999999999943
Los Angeles County Transportation Authority Transportation Communication - Union Employees' Retirement System,7160,2024,219073741.0,196419840.0,22653901.0,89.66,64962783.0,12747687.0,23868633.0,0.0,385336.0,9113985.0,19393.0,0.0,10.8,2.1,7.0,9009822.0,0.0,27097606.0,0.19623061715197762,88.99,0.6700000000000017
Los Angeles County Transportation Authority Maintenance Employees' Retirement System,7161,2003,202469170.0,133374217.0,69094953.0,65.9,96781903.0,13014021.0,5376817.0,34230.0,340170.0,21813735.0,181978.0,0.0,,,,,,-3910815.0,0.1344675047358802,,
Los Angeles County Transportation Authority Maintenance Employees' Retirement System,7161,2004,209451449.0,141126980.0,68324469.0,67.4,97933595.0,15821806.0,22312330.0,60810.0,551098.0,15538596.0,230196.0,0.0,16.7,4.8,3.6,,,21875056.0,0.16155647099445292,65.9,1.5
Los Angeles County Transportation Authority Maintenance Employees' Retirement System,7161,2005,216228476.0,150155483.0,66072993.0,69.4,99329850.0,15718058.0,14765240.0,176549.0,601685.0,16960652.0,6705.0,0.0,9.1,9.7,3.3,,,13090805.0,0.15824103227780975,67.4,2.0
Los Angeles County Transportation Authority Maintenance Employees' Retirement System,7161,2006,243389062.0,156040095.0,87348967.0,64.1,97788699.0,15473887.0,17897203.0,2093041.0,260080.0,18507077.0,15351.0,0.0,10.9,12.2,6.9,,,16681623.0,0.15823798821579577,69.4,-5.300000000000011
Los Angeles County Transportation Authority Maintenance Employees' Retirement System,7161,2007,257511084.0,171620650.0,85890434.0,66.6,99116894.0,17788285.0,29961555.0,111500.0,344805.0,17838698.0,12795.0,0.0,16.4,12.1,11.3,,,29665042.0,0.17946774038339014,64.1,2.5
Los Angeles County Transportation Authority Maintenance Employees' Retirement System,7161,2008,257641903.0,181304655.0,76337248.0,70.4,100642895.0,18264435.0,-12873228.0,494074.0,269411.0,12166021.0,19961.0,0.0,-5.9,6.7,9.1,,,-6570112.0,0.18147763933062538,66.6,3.8000000000000114
Los Angeles County Transportation Authority Maintenance Employees' Retirement System,7161,2009,275020761.0,174733262.0,100287499.0,63.5,115504121.0,17691619.0,-35380788.0,176241.0,308613.0,11061236.0,100380.0,0.0,-17.0,-3.1,1.9,,,-28983157.0,0.15316872546911117,70.4,-6.900000000000006
Los Angeles County Transportation Authority Maintenance Employees' Retirement System,7161,2010,295021182.0,211173683.0,83847499.0,71.6,109213913.0,21560803.0,23842698.0,103951.0,263181.0,12444529.0,6533.0,0.0,13.5,-3.9,2.8,,,32793209.0,0.19741809818681252,63.5,8.099999999999994
Los Angeles County Transportation Authority Maintenance Employees' Retirement System,7161,2011,323365893.0,218179013.0,105186880.0,67.5,107310499.0,21661309.0,49936441.0,78968.0,362992.0,14800537.0,2589.0,0.0,24.0,5.6,5.4,,,56510600.0,0.2018563812661052,71.6,-4.099999999999994
Los Angeles County Transportation Authority Maintenance Employees' Retirement System,7161,2012,339989492.0,224261120.0,115728372.0,66.0,111163713.0,20712051.0,-477797.0,0.0,307234.0,13103937.0,5000.0,0.0,0.1,12.3,2.2,,,6818083.0,0.1863202518253416,67.5,-1.5
Los Angeles County Transportation Authority Maintenance Employees' Retirement System,7161,2013,404114352.0,252787792.0,151326560.0,62.6,114500484.0,24397707.0,37105386.0,0.0,380595.0,16903023.0,2506.0,0.0,,,,,,44216969.0,0.2130795097774434,66.0,-3.3999999999999986
Los Angeles County Transportation Authority Maintenance Employees' Retirement System,7161,2014,434104718.0,279202375.0,154902343.0,64.3,113462000.0,27404124.0,55694849.0,0.0,375729.0,22238570.0,12383.0,0.0,17.8,10.3,13.6,,,60472291.0,0.24152689006010822,62.6,1.6999999999999957
Los Angeles County Transportation Authority Maintenance Employees' Retirement System,7161,2015,489259163.0,323927582.0,165331581.0,66.2,118355000.0,29405287.0,4733801.0,0.0,395567.0,18365761.0,0.0,0.0,1.8,10.9,11.1,,,15377760.0,0.24844989227324574,64.3,1.9000000000000057
Los Angeles County Transportation Authority Maintenance Employees' Retirement System,7161,2016,525221821.0,344176077.0,181045744.0,65.5,127258000.0,31880792.0,-732787.0,0.0,385236.0,19233087.0,0.0,0.0,-0.2,5.8,6.0,,,11529682.0,0.2505209259928649,66.2,-0.7000000000000028
Los Angeles County Transportation Authority Maintenance Employees' Retirement System,7161,2017,566085210.0,365831400.0,200253810.0,64.6,142665000.0,34845523.0,51246564.0,0.0,373538.0,23364447.0,0.0,0.0,12.5,4.4,8.6,25066222.0,-356662.0,62354102.0,0.24424717344828795,65.5,-0.9000000000000057
Los Angeles County Transportation Authority Maintenance Employees' Retirement System,7161,2018,608028479.0,403513037.0,204515442.0,66.4,152397000.0,36910853.0,42710671.0,0.0,360285.0,29197941.0,22429.0,0.0,9.2,7.0,7.8,26623778.0,-533390.0,50040869.0,0.24220196591796425,64.6,1.8000000000000114
Los Angeles County Transportation Authority Maintenance Employees' Retirement System,7161,2019,645715479.0,436273626.0,209441853.0,67.56,167130000.0,41259915.0,36991333.0,0.0,496942.0,28945544.0,32721.0,0.0,6.9,9.5,5.8,29381491.0,-401112.0,48776041.0,0.24687318255250404,66.4,1.1599999999999966
Los Angeles County Transportation Authority Maintenance Employees' Retirement System,7161,2020,690020334.0,483172394.0,206847940.0,70.02,178697000.0,43897220.0,22778494.0,0.0,386259.0,30385371.0,28789.0,0.0,3.9,6.7,6.4,30968210.0,-875616.0,35875295.0,0.24565168973178061,67.56,2.4599999999999937
Los Angeles County Transportation Authority Maintenance Employees' Retirement System,7161,2021,733603014.0,550691491.0,182911523.0,75.07,186974000.0,45690892.0,163196676.0,0.0,486581.0,36572409.0,71550.0,0.0,27.0,12.2,11.6,31224648.0,-2094108.0,171757028.0,0.24437029747451516,70.02,5.049999999999997
Los Angeles County Transportation Authority Maintenance Employees' Retirement System,7161,2022,779034244.0,626779473.0,152254771.0,80.46,196165000.0,47471954.0,-90997282.0,0.0,443763.0,37797959.0,32554.0,0.0,-11.7,5.2,6.3,31288242.0,-3668277.0,-81799604.0,0.24200012234598425,75.07,5.390000000000001
Los Angeles County Transportation Authority Maintenance Employees' Retirement System,7161,2023,825339560.0,672182851.0,153156709.0,81.44,206922000.0,50077974.0,60936499.0,0.0,457449.0,43801174.0,646627.0,0.0,8.8,6.9,6.3,31907426.0,-4966136.0,66109223.0,0.2420137733058834,80.46,0.980000000000004
Los Angeles County Transportation Authority Maintenance Employees' Retirement System,7161,2024,899946090.0,721796382.0,178149708.0,80.2,217061000.0,53177874.0,84086257.0,0.0,498980.0,44435958.0,36065.0,0.0,10.8,2.1,7.0,33318906.0,-5361413.0,92293128.0,0.2449904589032576,81.44,-1.2399999999999949
Los Angeles County Transportation Authority Non-Contract Employees' Retirement System,7162,2003,145103086.0,135743777.0,9359309.0,93.5,24460393.0,2444351.0,5222926.0,32830.0,268473.0,14519344.0,22661.0,0.0,,,,,,-7110371.0,0.0999309782144547,,
Los Angeles County Transportation Authority Non-Contract Employees' Retirement System,7162,2004,150494692.0,138369529.0,12125163.0,91.9,10461669.0,4094034.0,22110014.0,59674.0,513724.0,13026645.0,2831.0,0.0,16.7,4.8,3.6,,,12720522.0,0.39133660221901495,93.5,-1.5999999999999943
Los Angeles County Transportation Authority Non-Contract Employees' Retirement System,7162,2005,107616354.0,100063904.0,7552450.0,93.0,10110310.0,4488980.0,12156715.0,248313.0,461766.0,13444259.0,0.0,0.0,9.1,9.7,3.3,,,2987983.0,0.4440002334250879,91.9,1.0999999999999943
Los Angeles County Transportation Authority Non-Contract Employees' Retirement System,7162,2006,119411910.0,99046496.0,20365414.0,82.9,7877212.0,2341678.0,8472803.0,1445668.0,180574.0,9187863.0,0.0,0.0,10.9,12.2,6.9,,,2891712.0,0.29727243598369574,93.0,-10.099999999999994
Los Angeles County Transportation Authority Non-Contract Employees' Retirement System,7162,2007,123038286.0,103632097.0,19406189.0,84.2,7160536.0,3532161.0,18444690.0,207718.0,216883.0,9826210.0,0.0,0.0,16.4,12.1,11.3,,,12141476.0,0.4932816481894651,82.9,1.2999999999999972
Los Angeles County Transportation Authority Non-Contract Employees' Retirement System,7162,2008,121427008.0,105987010.0,15439998.0,87.3,7290512.0,3570493.0,-7172346.0,-72305.0,221224.0,7411888.0,0.0,0.0,-5.9,6.7,9.1,,,-11307270.0,0.48974516467430546,84.2,3.0999999999999943
Los Angeles County Transportation Authority Non-Contract Employees' Retirement System,7162,2009,129195117.0,101878363.0,27316754.0,78.9,6854574.0,3103142.0,-19745968.0,96091.0,232213.0,8120542.0,0.0,0.0,-17.0,-3.1,1.9,,,-24899490.0,0.45271113857695605,87.3,-8.399999999999991
Los Angeles County Transportation Authority Non-Contract Employees' Retirement System,7162,2010,131773213.0,114114570.0,17658643.0,86.6,6206352.0,4423158.0,11987761.0,47220.0,194465.0,6989862.0,72808.0,0.0,13.5,-3.9,2.8,,,9201004.0,0.7126824260048414,78.9,7.699999999999989
Los Angeles County Transportation Authority Non-Contract Employees' Retirement System,7162,2011,134021769.0,110487726.0,23534043.0,82.4,5696901.0,3454887.0,22157099.0,36676.0,186545.0,13060424.0,0.0,0.0,24.0,5.6,5.4,,,12401693.0,0.6064502437377796,86.6,-4.199999999999989
Los Angeles County Transportation Authority Non-Contract Employees' Retirement System,7162,2012,144895317.0,103652583.0,41242734.0,71.5,4856486.0,3834886.0,-244541.0,0.0,254813.0,8450162.0,0.0,0.0,0.1,12.3,2.2,,,-5114630.0,0.789642140428285,82.4,-10.900000000000006
Los Angeles County Transportation Authority Non-Contract Employees' Retirement System,7162,2013,144423446.0,99654000.0,44769446.0,69.0,4412155.0,5625423.0,13815832.0,0.0,259249.0,11182618.0,0.0,0.0,13.7,12.2,6.0,,,7999388.0,1.2749830864962812,71.5,-2.5
Los Angeles County Transportation Authority Non-Contract Employees' Retirement System,7162,2014,143346939.0,106500519.0,36846420.0,74.3,3953277.0,5749026.0,19276061.0,0.0,210982.0,10516001.0,23986.0,0.0,17.8,10.3,13.6,,,14274118.0,1.4542431506823326,69.0,5.299999999999997
Los Angeles County Transportation Authority Non-Contract Employees' Retirement System,7162,2015,151831282.0,111416596.0,40414686.0,73.4,3460308.0,4874137.0,1493363.0,0.0,219005.0,11660885.0,0.0,0.0,1.8,10.9,11.1,,,-5512390.0,1.4085847271398961,74.3,-0.8999999999999915
Los Angeles County Transportation Authority Non-Contract Employees' Retirement System,7162,2016,154265390.0,113380165.0,40885225.0,73.5,3521535.0,5173632.0,-504679.0,0.0,322159.0,9696958.0,0.0,0.0,-0.2,5.8,6.0,,,-5350164.0,1.4691411557743994,73.4,0.09999999999999432
Los Angeles County Transportation Authority Non-Contract Employees' Retirement System,7162,2017,154287687.0,115863615.0,38424072.0,75.1,3447137.0,5354581.0,13932929.0,0.0,212725.0,13761028.0,0.0,0.0,12.5,4.4,8.6,4565358.0,0.0,5313757.0,1.5533415121012017,73.5,1.5999999999999943
Los Angeles County Transportation Authority Non-Contract Employees' Retirement System,7162,2018,149247033.0,117961183.0,31285850.0,79.0,3171908.0,4993639.0,10941049.0,0.0,274715.0,12770010.0,4220.0,0.0,9.2,7.0,7.8,4194881.0,0.0,2885743.0,1.5743328621132768,75.1,3.9000000000000057
Los Angeles County Transportation Authority Non-Contract Employees' Retirement System,7162,2019,142483111.0,116221989.0,26261122.0,81.57,3091883.0,3806104.0,8323478.0,0.0,321053.0,10548446.0,0.0,0.0,6.9,9.5,5.8,3369029.0,0.0,1260083.0,1.2309987150225283,79.0,2.569999999999993
Los Angeles County Transportation Authority Non-Contract Employees' Retirement System,7162,2020,141682337.0,116005074.0,25677263.0,81.88,2846262.0,3494873.0,4817902.0,0.0,265753.0,11768995.0,0.0,0.0,3.9,6.7,6.4,2849165.0,0.0,-3721973.0,1.2278816918470612,81.57,0.3100000000000023
Los Angeles County Transportation Authority Non-Contract Employees' Retirement System,7162,2021,142199205.0,119205362.0,22993843.0,83.83,2875286.0,3486264.0,31995003.0,0.0,362092.0,14916115.0,0.0,0.0,27.0,12.2,11.6,2771604.0,0.0,20203060.0,1.212492948527555,81.88,1.9500000000000028
Los Angeles County Transportation Authority Non-Contract Employees' Retirement System,7162,2022,141652862.0,122597987.0,19054875.0,86.55,1960332.0,3726555.0,-15411070.0,0.0,301628.0,14946226.0,0.0,0.0,-11.7,5.2,6.3,2460792.0,0.0,-26932369.0,1.900981568428205,83.83,2.719999999999999
Los Angeles County Transportation Authority Non-Contract Employees' Retirement System,7162,2023,139168834.0,118942259.0,20226575.0,85.47,1624084.0,2659975.0,9662401.0,0.0,289132.0,11923579.0,0.0,0.0,,,,2026193.0,0.0,109665.0,1.6378309250014162,86.55,-1.0799999999999983
Los Angeles County Transportation Authority Non-Contract Employees' Retirement System,7162,2024,139001763.0,117813575.0,21188188.0,84.76,1679083.0,3045696.0,11993542.0,0.0,0.0,12950726.0,0.0,336723.0,10.8,2.1,7.0,2128606.0,0.0,1751789.0,1.8139043751857413,85.47,-0.7099999999999937
Los Angeles County Transportation Authority United Transportation Union Employees' Retirement System,7163,2003,345505062.0,221664517.0,123840545.0,64.2,169688700.0,24523108.0,9456445.0,53192.0,394730.0,28682931.0,770492.0,0.0,,,,,,4184592.0,0.14451821482514746,,
Los Angeles County Transportation Authority United Transportation Union Employees' Retirement System,7163,2004,350362232.0,248041464.0,102320768.0,70.8,170078402.0,24328461.0,39554313.0,105962.0,721572.0,34115461.0,1383710.0,0.0,16.7,4.8,3.6,,,27767993.0,0.14304262454206268,64.2,6.599999999999994
Los Angeles County Transportation Authority United Transportation Union Employees' Retirement System,7163,2005,353905926.0,259397487.0,94508439.0,73.3,172980573.0,24940146.0,24996778.0,-175659.0,964272.0,26614834.0,402328.0,0.0,9.1,9.7,3.3,,,21779831.0,0.14417888418024838,70.8,2.5
Los Angeles County Transportation Authority United Transportation Union Employees' Retirement System,7163,2006,411569751.0,271771034.0,139798717.0,66.0,174989646.0,25417594.0,30885029.0,3477159.0,325046.0,32057738.0,518538.0,0.0,10.9,12.2,6.9,,,26878460.0,0.14525198822334895,73.3,-7.299999999999997
Los Angeles County Transportation Authority United Transportation Union Employees' Retirement System,7163,2007,421909773.0,294543941.0,127365832.0,69.8,186563526.0,30621600.0,49860805.0,99467.0,488040.0,34235789.0,582468.0,0.0,16.4,12.1,11.3,,,45275575.0,0.16413497673709276,66.0,3.799999999999997
Los Angeles County Transportation Authority United Transportation Union Employees' Retirement System,7163,2008,439532418.0,310066808.0,129465610.0,70.5,188647527.0,29645053.0,-21001953.0,272751.0,389571.0,27319598.0,510233.0,0.0,-5.9,6.7,9.1,,,-19303551.0,0.15714519809210115,69.8,0.7000000000000028
Los Angeles County Transportation Authority United Transportation Union Employees' Retirement System,7163,2009,488326609.0,306524968.0,181801641.0,62.8,192718732.0,30539462.0,-57504501.0,579972.0,412712.0,25651112.0,609610.0,0.0,-17.0,-3.1,1.9,,,-53058501.0,0.15846649509918942,70.5,-7.700000000000003
Los Angeles County Transportation Authority United Transportation Union Employees' Retirement System,7163,2010,512887262.0,362222256.0,150665006.0,70.6,190212313.0,38727426.0,38216567.0,171486.0,392739.0,30725985.0,230817.0,0.0,13.5,-3.9,2.8,,,45765938.0,0.20360104658419248,62.8,7.799999999999997
Los Angeles County Transportation Authority United Transportation Union Employees' Retirement System,7163,2011,534041534.0,379136676.0,154904858.0,71.0,181850105.0,35640472.0,78393175.0,129943.0,443199.0,29559541.0,607194.0,0.0,24.0,5.6,5.4,,,83553656.0,0.19598818488446845,70.6,0.4000000000000057
Los Angeles County Transportation Authority United Transportation Union Employees' Retirement System,7163,2012,586643465.0,386459202.0,200184263.0,65.9,181993114.0,33074467.0,-1020621.0,0.0,438936.0,32768155.0,637088.0,0.0,0.1,12.3,2.2,,,-1790333.0,0.18173471662230034,71.0,-5.099999999999994
Los Angeles County Transportation Authority United Transportation Union Employees' Retirement System,7163,2013,605420704.0,389041420.0,216379284.0,64.3,177929969.0,37006040.0,55813344.0,0.0,501359.0,41612220.0,1288301.0,0.0,13.7,12.2,6.0,,,49417504.0,0.20798092759741896,65.9,-1.6000000000000085
Los Angeles County Transportation Authority United Transportation Union Employees' Retirement System,7163,2014,616389453.0,430208068.0,186181385.0,69.8,173321604.0,38497466.0,80714695.0,0.0,450997.0,39271850.0,873327.0,0.0,17.8,10.3,13.6,,,78615987.0,0.22211579578965818,64.3,5.5
Los Angeles County Transportation Authority United Transportation Union Employees' Retirement System,7163,2015,666732121.0,462965799.0,203766322.0,69.4,187394788.0,35349831.0,6445847.0,0.0,638305.0,42190280.0,825630.0,0.0,1.8,10.9,11.1,,,-1858537.0,0.18863828272534452,69.8,-0.3999999999999915
Los Angeles County Transportation Authority United Transportation Union Employees' Retirement System,7163,2016,687553275.0,487551203.0,200002072.0,70.9,193245583.0,38803163.0,-1403787.0,0.0,355643.0,37001841.0,999549.0,0.0,-0.2,5.8,6.0,,,-957657.0,0.20079715353700994,69.4,1.5
Los Angeles County Transportation Authority SMART - TD Retirement,7163,2017,708111529.0,521558264.0,186553265.0,73.7,192342001.0,38932145.0,67045891.0,0.0,414575.0,41730689.0,0.0,0.0,12.5,4.4,8.6,22011433.0,0.0,63832772.0,0.20241104281742395,70.9,2.799999999999997
Los Angeles County Transportation Authority SMART - TD Retirement,7163,2018,731768530.0,560536737.0,171231793.0,76.6,198718395.0,38562100.0,54761738.0,0.0,433873.0,41381470.0,795653.0,0.0,9.2,7.0,7.8,21466787.0,0.0,50712842.0,0.19405400290194574,73.7,2.8999999999999915
Los Angeles County Transportation Authority SMART - TD Retirement,7163,2019,750420730.0,580957475.0,169463255.0,77.42,208173477.0,39588211.0,45673869.0,0.0,533028.0,43297495.0,821307.0,0.0,6.9,9.5,5.8,21079480.0,0.0,40610250.0,0.19016933170597905,76.6,0.8200000000000074
Los Angeles County Transportation Authority SMART - TD Retirement,7163,2020,780015296.0,616515993.0,163499303.0,79.04,215390143.0,41356988.0,27614292.0,0.0,499095.0,49791172.0,1123274.0,0.0,3.9,6.7,6.4,23033540.0,0.0,17557739.0,0.19200965942067275,77.42,1.6200000000000045
Los Angeles County Transportation Authority SMART - TD Retirement,7163,2021,820046814.0,677900561.0,142146253.0,82.67,220964771.0,39571059.0,191174323.0,0.0,637294.0,50852873.0,475967.0,0.0,27.0,12.2,11.6,22966927.0,0.0,178779248.0,0.1790831127555623,79.04,3.6299999999999955
Los Angeles County Transportation Authority SMART - TD Retirement,7163,2022,858120274.0,754911234.0,103209040.0,87.97,223337778.0,43148400.0,-102305329.0,0.0,594045.0,52290811.0,678443.0,0.0,-11.7,5.2,6.3,22272254.0,0.0,-112720228.0,0.19319794611729324,82.67,5.299999999999997
Los Angeles County Transportation Authority SMART - TD Retirement,7163,2023,901573889.0,781427532.0,120146357.0,86.67,250560476.0,41180444.0,67180265.0,0.0,555094.0,61920888.0,612929.0,0.0,8.8,6.9,6.3,19738072.0,0.0,45271798.0,0.16435331165319148,87.97,-1.2999999999999972
Los Angeles County Transportation Authority SMART - TD Retirement,7163,2024,923213056.0,821821484.0,101391572.0,89.02,285415311.0,48800396.0,90116523.0,0.0,657056.0,63518009.0,1048250.0,0.0,10.8,2.1,7.0,23453402.0,0.0,73693604.0,0.1709803017540289,86.67,2.3499999999999943
Sacramento Regional Transit District Contract Employees' Retirement Plan,7164,2003,101635599.0,100236752.0,1398847.0,98.6,29929217.0,3422043.0,2049217.0,0.0,161837.0,4110928.0,0.0,0.0,,,,,,1198495.0,0.11433787258784618,,
Sacramento Regional Transit District Contract Employees' Retirement Plan,7164,2004,109134316.0,104044908.0,5089408.0,95.3,35057594.0,3881744.0,13431576.0,0.0,285903.0,4539960.0,0.0,0.0,15.8,3.92,3.96,,,12487457.0,0.1107247690757101,98.6,-3.299999999999997
Sacramento Regional Transit District Contract Employees' Retirement Plan,7164,2005,128381090.0,107900962.0,20480128.0,84.0,37678844.0,4536019.0,7999250.0,0.0,218259.0,5337801.0,0.0,0.0,8.12,8.77,3.29,,,6979209.0,0.12038636323343678,95.3,-11.299999999999997
Sacramento Regional Transit District Contract Employees' Retirement Plan,7164,2006,138469439.0,110376315.0,28093124.0,79.7,41284406.0,6227478.0,8188864.0,0.0,64778.0,6264573.0,0.0,0.0,8.55,10.77,5.66,,,8086991.0,0.15084334748573106,84.0,-4.299999999999997
Sacramento Regional Transit District Contract Employees' Retirement Plan,7164,2007,148179336.0,114823844.0,33355492.0,77.5,41853583.0,7088212.0,17976967.0,0.0,24040.0,7038763.0,0.0,0.0,16.44,12.43,10.97,,,18002376.0,0.1693573522725641,79.7,-2.200000000000003
Sacramento Regional Transit District Contract Employees' Retirement Plan,7164,2008,154996244.0,125257646.0,29738598.0,80.8,44718496.0,7680725.0,-6947459.0,0.0,108436.0,7930805.0,0.0,0.0,-4.52,6.47,8.6,,,-7305975.0,0.1717572299390391,77.5,3.299999999999997
Sacramento Regional Transit District Contract Employees' Retirement Plan,7164,2009,171092073.0,134022855.0,37069218.0,78.3,42607241.0,6969874.0,-17324622.0,0.0,76190.0,9506648.0,0.0,0.0,-13.04,-1.12,2.56,,,-19937586.0,0.16358426024346426,80.8,-2.5
Sacramento Regional Transit District Contract Employees' Retirement Plan,7164,2010,179294287.0,134537202.0,44757085.0,75.0,4164984.0,7425798.0,16246347.0,0.0,43576.0,9743381.0,0.0,0.0,16.33,-1.1,4.12,,,13885188.0,1.7829115309926762,78.3,-3.299999999999997
Sacramento Regional Transit District Contract Employees' Retirement Plan,7164,2011,190222989.0,134517986.0,55705003.0,70.7,35061006.0,6809060.0,23242961.0,0.0,86978.0,11504894.0,0.0,0.0,20.42,6.83,6.28,,,18460149.0,0.19420606470903887,75.0,-4.299999999999997
Sacramento Regional Transit District Contract Employees' Retirement Plan,7164,2012,200302461.0,136269214.0,64033247.0,68.0,38558226.0,7884551.0,2691649.0,0.0,210063.0,11755523.0,0.0,0.0,2.65,12.87,3.64,,,-1389386.0,0.20448427788145648,70.7,-2.700000000000003
Sacramento Regional Transit District Contract Employees' Retirement Plan,7164,2013,199249752.0,136651230.0,62598522.0,68.6,37110134.0,8706914.0,18712837.0,0.0,136996.0,12070149.0,0.0,0.0,14.37,12.23,6.56,,,15212606.0,0.23462362059916034,68.0,0.5999999999999943
Sacramento Regional Transit District Contract Employees' Retirement Plan,7164,2014,206757596.0,142612093.0,64145503.0,69.0,38858000.0,9733532.0,22631819.0,0.0,230365.0,12840399.0,36778.0,174166.0,15.61,10.72,13.65,,,19083643.0,0.2504897833136034,68.6,0.4000000000000057
Sacramento Regional Transit District Contract Employees' Retirement Plan,7164,2015,213970149.0,157229569.0,56740580.0,73.5,37950000.0,10347302.0,4609506.0,0.0,190442.0,13157985.0,0.0,0.0,3.24,10.93,11.03,,,1608381.0,0.2726561791831357,69.0,4.5
Sacramento Regional Transit District Contract Employees' Retirement Plan,7164,2016,228868025.0,170486356.0,58381669.0,74.5,39996000.0,10501904.0,-1121417.0,0.0,290647.0,13180874.0,0.0,0.0,-0.16,6.02,6.95,,,-4091034.0,0.2625738573857386,73.5,1.0
Sacramento Regional Transit District Salaried Employees' Retirement Plan,7165,2003,41126159.0,32890278.0,8235881.0,80.0,15576351.0,2044485.0,602374.0,0.0,59584.0,1507054.0,0.0,0.0,,,,,,1080221.0,0.1312557093763488,,
Sacramento Regional Transit District Salaried Employees' Retirement Plan,7165,2004,45844258.0,34831434.0,11012824.0,76.0,15979167.0,1975790.0,4429239.0,0.0,93260.0,1863899.0,0.0,0.0,15.52,3.69,3.9,,,4447870.0,0.1236478722576715,80.0,-4.0
Sacramento Regional Transit District Salaried Employees' Retirement Plan,7165,2005,49301837.0,36460209.0,12841628.0,74.0,20162636.0,2510204.0,2689855.0,0.0,75264.0,1995132.0,0.0,0.0,8.38,8.63,3.32,,,3129663.0,0.12449780871905836,76.0,-2.0
Sacramento Regional Transit District Salaried Employees' Retirement Plan,7165,2006,60378716.0,38191141.0,22187575.0,63.3,21217121.0,2564069.0,3063662.0,0.0,20288.0,2338108.0,0.0,0.0,9.11,10.95,5.68,,,3269335.0,0.1208490539314924,74.0,-10.700000000000003
Sacramento Regional Transit District Salaried Employees' Retirement Plan,7165,2007,65220040.0,40090604.0,25129436.0,61.5,21471394.0,3694380.0,6233428.0,0.0,25066.0,2875543.0,0.0,0.0,16.21,12.61,11.17,,,7027199.0,0.17206055647807497,63.3,-1.7999999999999972
Sacramento Regional Transit District Salaried Employees' Retirement Plan,7165,2008,72273554.0,44561443.0,27712111.0,61.7,21929109.0,4132017.0,-2383271.0,0.0,68019.0,3257431.0,0.0,0.0,-4.21,6.69,8.74,,,-1576704.0,0.18842612346903834,61.5,0.20000000000000284
Sacramento Regional Transit District Salaried Employees' Retirement Plan,7165,2009,79072546.0,48659603.0,30412943.0,61.5,21264375.0,3819900.0,-6185700.0,0.0,69387.0,3502797.0,0.0,0.0,-12.77,-0.98,2.8,,,-5937984.0,0.1796384798518649,61.7,-0.20000000000000284
Sacramento Regional Transit District Salaried Employees' Retirement Plan,7165,2010,82942062.0,50164727.0,32777335.0,60.5,21397522.0,4268586.0,5863453.0,0.0,50448.0,4408637.0,0.0,0.0,16.33,-1.1,4.12,,,5672954.0,0.19948973530673317,61.5,-1.0
Sacramento Regional Transit District Salaried Employees' Retirement Plan,7165,2011,86869623.0,50994346.0,35875277.0,58.7,18313798.0,3717655.0,8778702.0,2298.0,114095.0,5045824.0,0.0,0.0,,,,,,7338736.0,0.20299748856026478,60.5,-1.7999999999999972
Sacramento Regional Transit District Salaried Employees' Retirement Plan,7165,2012,96435226.0,52145118.0,44290108.0,54.1,19105372.0,4579907.0,1021473.0,0.0,134380.0,5099160.0,0.0,0.0,2.62,12.87,3.64,,,367840.0,0.23971828446993862,58.7,-4.600000000000001
Sacramento Regional Transit District Salaried Employees' Retirement Plan,7165,2013,97903776.0,53365642.0,44538134.0,54.5,19626841.0,5800616.0,7406442.0,0.0,144743.0,5447437.0,0.0,0.0,14.37,12.23,6.56,,,7614878.0,0.29554506504638217,54.1,0.3999999999999986
Sacramento Regional Transit District Salaried Employees' Retirement Plan,7165,2014,104014863.0,57400417.0,46614446.0,55.2,22009000.0,6610761.0,9297644.0,174166.0,176368.0,5661571.0,2828.0,0.0,15.61,10.72,13.65,,,10241804.0,0.30036625925757643,54.5,0.7000000000000028
Sacramento Regional Transit District Salaried Employees' Retirement Plan,7165,2015,110058889.0,65534382.0,44524507.0,59.5,23022000.0,7335569.0,2132136.0,0.0,194209.0,5502144.0,0.0,0.0,3.24,10.93,11.03,,,3771352.0,0.31863300321431676,55.2,4.299999999999997
Sacramento Regional Transit District Salaried Employees' Retirement Plan,7165,2016,114862997.0,73912395.0,40950602.0,64.3,24342000.0,7597880.0,-396555.0,0.0,269625.0,6190981.0,0.0,0.0,-0.16,6.02,6.95,,,740719.0,0.31213047407772576,59.5,4.799999999999997
Sacramento Regional Transit District Salaried Employees' Retirement Plan,7165,2017,122730230.0,79718423.0,43011807.0,65.0,23952817.0,7374844.0,9388876.0,0.0,289067.0,7178874.0,488.0,0.0,12.52,5.07,8.93,7321138.0,0.0,9295291.0,0.30789046649502644,64.3,0.7000000000000028
Sacramento Regional Transit District Salaried Employees' Retirement Plan,7165,2018,132986393.0,85685275.0,47301118.0,64.4,23179191.0,7812272.0,6073483.0,0.0,247077.0,7779366.0,0.0,0.0,7.37,6.45,7.56,7669178.0,0.0,5859312.0,0.3370381649644287,65.0,-0.5999999999999943
Sacramento Regional Transit District Salaried Employees' Retirement Plan,7165,2019,145254307.0,94088321.0,51165986.0,64.77,24474636.0,8697108.0,5649123.0,0.0,260441.0,8338228.0,35266.0,0.0,6.61,8.8,5.83,8503815.0,0.0,5712296.0,0.35535188347642843,64.4,0.36999999999999034
Sacramento Regional Transit District Salaried Employees' Retirement Plan,7165,2020,154047881.0,99880223.0,54167658.0,64.84,25654432.0,9519564.0,1526151.0,0.0,226310.0,9318568.0,134758.0,0.0,,,,9085497.0,-74016.0,1366079.0,0.3710689833242069,64.77,0.07000000000000739
Sacramento Regional Transit District Salaried Employees' Retirement Plan,7165,2021,169966908.0,105061692.0,64905216.0,61.81,26792691.0,10273680.0,28976644.0,0.0,253303.0,10145969.0,36502.0,0.0,,,,9807539.0,0.0,28814550.0,0.3834508448591446,64.84,-3.030000000000001
Sacramento Regional Transit District Salaried Employees' Retirement Plan,7165,2022,176156667.0,115483473.0,60673194.0,65.56,28436264.0,11698281.0,-9801602.0,667990.0,262018.0,10954250.0,132021.0,0.0,,,,10993228.0,0.0,-8783620.0,0.4113860034496796,61.81,3.75
Sacramento Regional Transit District Salaried Employees' Retirement Plan,7165,2023,183590990.0,124607538.0,58983452.0,67.87,30417243.0,12419935.0,9774402.0,248765.0,253898.0,11654619.0,127258.0,0.0,,,,11561711.0,0.0,10407327.0,0.40831889333296906,65.56,2.3100000000000023
Sacramento Regional Transit District Salaried Employees' Retirement Plan,7165,2024,192344323.0,133093721.0,59250602.0,69.2,33041904.0,13369205.0,15295118.0,0.0,239349.0,12008703.0,95921.0,0.0,,,,12363514.0,0.0,16320350.0,0.404613638487661,67.87,1.3299999999999983
San Joaquin Regional Transit District Contract Employees' Retirement Plan,7166,2003,13532584.0,13357085.0,175499.0,98.7,12854438.0,1419529.0,504510.0,0.0,184360.0,591913.0,38262.0,0.0,,,,,,1109504.0,0.11043104334860847,,
San Joaquin Regional Transit District Contract Employees' Retirement Plan,7166,2004,15538800.0,14644548.0,894252.0,94.2,13090791.0,1817144.0,1543440.0,0.0,103480.0,737098.0,122807.0,0.0,,,,,,2397199.0,0.1388108633007738,98.7,-4.5
San Joaquin Regional Transit District Contract Employees' Retirement Plan,7166,2005,16898509.0,16030287.0,868222.0,94.9,12861029.0,1834057.0,1044615.0,0.0,62358.0,877276.0,141591.0,0.0,6.89,7.59,2.74,,,1797447.0,0.14260577439021405,94.2,0.7000000000000028
San Joaquin Regional Transit District Contract Employees' Retirement Plan,7166,2006,18866761.0,18026717.0,840044.0,95.5,12861406.0,1793155.0,775140.0,0.0,86547.0,872514.0,191860.0,0.0,4.11,7.7,4.6,,,1417374.0,0.13942138207906662,94.9,0.5999999999999943
San Joaquin Regional Transit District Contract Employees' Retirement Plan,7166,2007,21547992.0,20738450.0,809542.0,96.2,15463187.0,2126478.0,2160308.0,0.0,130635.0,920624.0,227627.0,0.0,12.07,7.69,7.79,,,3007900.0,0.1375187404769793,95.5,0.7000000000000028
San Joaquin Regional Transit District Contract Employees' Retirement Plan,7166,2008,24341796.0,23589247.0,752549.0,96.9,15237727.0,2353162.0,-763170.0,0.0,99238.0,1075696.0,114656.0,0.0,-4.3,3.96,6.17,,,300402.0,0.1544299881471823,96.2,0.7000000000000028
San Joaquin Regional Transit District Contract Employees' Retirement Plan,7166,2009,26126338.0,25403674.0,722664.0,97.2,14130326.0,2495318.0,-1672149.0,0.0,137804.0,1076769.0,199830.0,0.0,-8.88,0.33,1.98,,,-591234.0,0.17659309487976427,96.9,0.29999999999999716
San Joaquin Regional Transit District Contract Employees' Retirement Plan,7166,2010,30786433.0,27321111.0,3465322.0,88.7,11682504.0,2528884.0,3137989.0,0.0,113771.0,1191995.0,426323.0,0.0,15.38,0.73,3.68,,,3934784.0,0.21646763399353428,97.2,-8.5
San Joaquin Regional Transit District Contract Employees' Retirement Plan,7166,2011,44471411.0,28690627.0,15780784.0,64.5,10852165.0,2192623.0,5042583.0,0.0,174531.0,1598669.0,1125354.0,0.0,21.22,9.24,7.1,,,4336652.0,0.20204475328194882,88.7,-24.200000000000003
San Joaquin Regional Transit District Contract Employees' Retirement Plan,7166,2012,48778000.0,30054000.0,18724000.0,61.6,9674000.0,2228864.0,-591742.0,0.0,157206.0,2184351.0,328303.0,0.0,-2.7,11.3,4.14,,,-1032738.0,0.23039735373165185,64.5,-2.8999999999999986
San Joaquin Regional Transit District Contract Employees' Retirement Plan,7166,2013,48778000.0,30054000.0,18724000.0,61.6,9674000.0,2493831.0,3300370.0,-90445.0,72005.0,2408131.0,322913.0,0.0,-2.7,11.3,4.14,,,2900707.0,0.2577869547240025,61.6,0.0
San Joaquin Regional Transit District Contract Employees' Retirement Plan,7166,2014,67060000.0,35697000.0,31363000.0,53.2,9960000.0,2844655.0,4988870.0,0.0,121723.0,2636548.0,268081.0,0.0,17.1,8.8,12.6,,,4807173.0,0.2856079317269076,61.6,-8.399999999999999
San Joaquin Regional Transit District Contract Employees' Retirement Plan,7166,2015,57417000.0,31684000.0,25733000.0,55.2,10355000.0,3086310.0,266159.0,6407.0,111726.0,2838740.0,206474.0,21298.0,7.0,12.0,10.9,,,180638.0,0.29805021728633513,53.2,2.0
San Joaquin Regional Transit District Contract Employees' Retirement Plan,7166,2016,65677000.0,34396000.0,31281000.0,52.4,11389000.0,3631723.0,-85695.0,0.0,198962.0,2986971.0,470490.0,0.0,7.0,10.3,8.08,,,-110395.0,0.3188798840986917,55.2,-2.8000000000000043
San Joaquin Regional Transit District Contract Employees' Retirement Plan,7166,2017,65189000.0,35693000.0,29496000.0,54.8,8672000.0,3546011.0,4307887.0,0.0,79099.0,3072945.0,758963.0,0.0,,,,1952000.0,0.0,3942891.0,0.4089034824723247,52.4,2.3999999999999986
San Joaquin Regional Transit District Contract Employees' Retirement Plan,7166,2018,69850000.0,38429000.0,31421000.0,55.0,8122000.0,3335822.0,2885169.0,0.0,104601.0,3300620.0,321914.0,0.0,,,,1934000.0,0.0,2493856.0,0.4107143560699335,54.8,0.20000000000000284
San Joaquin Regional Transit District Contract Employees' Retirement Plan,7166,2019,73069000.0,40694000.0,32375000.0,55.69,9539000.0,3922997.0,1954518.0,0.0,103209.0,3475497.0,403617.0,0.0,,,,2367000.0,0.0,1895192.0,0.4112587273299088,55.0,0.6899999999999977
San Joaquin Regional Transit District Contract Employees' Retirement Plan,7166,2020,73069000.0,40694000.0,32375000.0,55.69,9157000.0,4170420.0,493519.0,0.0,103839.0,3766710.0,505996.0,0.0,,,,2488000.0,2488000.0,287394.0,0.45543518619635254,55.69,0.0
San Joaquin Regional Transit District Contract Employees' Retirement Plan,7166,2021,75332.0,42731.0,32601.0,56.72,8170000.0,6157423.0,11579039.0,0.0,135605.0,4118946.0,693499.0,0.0,,,,2012000.0,-2733000.0,12788412.0,0.7536625458996328,55.69,1.0300000000000011
San Joaquin Regional Transit District Contract Employees' Retirement Plan,7166,2022,77431000.0,44689000.0,32742000.0,57.71,8327000.0,3867780.0,-7281101.0,0.0,129732.0,4385490.0,733387.0,0.0,,,,2351000.0,0.0,-8661930.0,0.46448660982346585,56.72,0.990000000000002
San Joaquin Regional Transit District Contract Employees' Retirement Plan,7166,2023,79621000.0,51364000.0,28257000.0,64.51,8202000.0,4156555.0,4196791.0,0.0,171336.0,4537494.0,376293.0,0.0,,,,2554000.0,0.0,3268223.0,0.5067733479639113,57.71,6.800000000000004
San Joaquin Regional Transit District Contract Employees' Retirement Plan,7166,2024,80315000.0,52598000.0,27717000.0,65.49,9581000.0,5430254.0,6149488.0,0.0,167049.0,4701480.0,449873.0,0.0,,,,3335000.0,0.0,6261340.0,0.5667731969523014,64.51,0.9799999999999898
Santa Clara Valley Transportation Authority Amalgamated Transit Union Pension Plan,7167,2003,278113814.0,224004253.0,54109561.0,80.5,93951901.0,12362127.0,6883268.0,0.0,92808.0,8834055.0,0.0,20910.0,,,,,,10297622.0,0.13157931737858078,,
Santa Clara Valley Transportation Authority Amalgamated Transit Union Pension Plan,7167,2004,325530324.0,247693872.0,77836452.0,76.1,91255094.0,12070987.0,32514288.0,0.0,71037.0,10285890.0,0.0,13950.0,,,,,,34214398.0,0.132277404700279,80.5,-4.400000000000006
Santa Clara Valley Transportation Authority Amalgamated Transit Union Pension Plan,7167,2005,350895167.0,268428853.0,82466314.0,76.5,88448718.0,14291785.0,22809832.0,0.0,102316.0,13916002.0,0.0,16498.0,,,,,,23066801.0,0.16158272638841414,76.1,0.4000000000000057
Santa Clara Valley Transportation Authority Amalgamated Transit Union Pension Plan,7167,2006,363114404.0,288829224.0,74285180.0,79.5,92663178.0,15277523.0,25814986.0,220000.0,35387.0,16068752.0,0.0,23260.0,,,,,,25185110.0,0.16487156311431495,76.5,3.0
Santa Clara Valley Transportation Authority Amalgamated Transit Union Pension Plan,7167,2007,397853860.0,314816391.0,83037469.0,79.1,93985560.0,14859393.0,48245692.0,0.0,102326.0,17967427.0,0.0,35829.0,,,,,,44999503.0,0.15810293623829022,79.5,-0.4000000000000057
Santa Clara Valley Transportation Authority Amalgamated Transit Union Pension Plan,7167,2008,423739213.0,344521552.0,79217661.0,81.3,98722453.0,16137390.0,-22786867.0,0.0,107365.0,19933939.0,0.0,55981.0,,,,,,-26746762.0,0.16346220651547222,79.1,2.200000000000003
Santa Clara Valley Transportation Authority Amalgamated Transit Union Pension Plan,7167,2009,442830578.0,325247483.0,117583095.0,73.4,100877989.0,14842509.0,-33643664.0,0.0,177336.0,21376765.0,0.0,0.0,,,,,,-40355256.0,0.14713327602119428,81.3,-7.8999999999999915
Santa Clara Valley Transportation Authority Amalgamated Transit Union Pension Plan,7167,2010,462912195.0,354785095.0,108127100.0,76.6,102625557.0,17905290.0,38939519.0,0.0,209523.0,22042987.0,0.0,0.0,,,,,,34592299.0,0.17447203721388815,73.4,3.1999999999999886
Santa Clara Valley Transportation Authority Amalgamated Transit Union Pension Plan,7167,2011,486770538.0,368134113.0,118636425.0,75.6,97569124.0,17807109.0,65493799.0,0.0,226304.0,23391640.0,0.0,0.0,,,,,,59682964.0,0.18250762403073334,76.6,-1.0
Santa Clara Valley Transportation Authority Amalgamated Transit Union Pension Plan,7167,2012,517200475.0,373170465.0,144030010.0,72.2,100376441.0,19148113.0,5692923.0,0.0,237885.0,24955992.0,0.0,0.0,,,,,,-352841.0,0.1907630197807073,75.6,-3.3999999999999915
Santa Clara Valley Transportation Authority Amalgamated Transit Union Pension Plan,7167,2013,543942719.0,386347400.0,157595319.0,71.0,102040657.0,24412836.0,49460948.0,0.0,228578.0,27788860.0,0.0,0.0,,,,,,45856346.0,0.23924616635896415,72.2,-1.2000000000000028
Santa Clara Valley Transportation Authority Amalgamated Transit Union Pension Plan,7167,2014,572244808.0,426675205.0,145569603.0,74.6,110682869.0,25787439.0,64138754.0,0.0,314008.0,30967019.0,0.0,0.0,,,,,,58645166.0,0.23298491657277154,71.0,3.5999999999999943
Santa Clara Valley Transportation Authority Amalgamated Transit Union Pension Plan,7167,2015,600568463.0,464966165.0,135602298.0,77.4,115913935.0,25590315.0,16095540.0,0.0,301331.0,33417941.0,0.0,0.0,,,,,,7966583.0,0.22076996178242073,74.6,2.8000000000000114
Santa Clara Valley Transportation Authority Amalgamated Transit Union Pension Plan,7167,2016,638565651.0,489759064.0,148806587.0,76.7,128815705.0,25751474.0,2243639.0,0.0,281307.0,35587609.0,0.0,0.0,,,,,,-7873803.0,0.19990942874550893,77.4,-0.7000000000000028
Santa Clara Valley Transportation Authority Amalgamated Transit Union Pension Plan,7167,2017,701581204.0,531466869.0,170114335.0,75.8,131544000.0,28454283.0,60471793.0,0.0,323806.0,38453828.0,0.0,0.0,,,,27383634.0,0.0,50148442.0,0.21631000273672688,76.7,-0.9000000000000057
Santa Clara Valley Transportation Authority Amalgamated Transit Union Pension Plan,7167,2018,742631681.0,549414479.0,193217202.0,74.0,142572313.0,31249239.0,40604883.0,0.0,403420.0,41565932.0,0.0,0.0,,,,28523868.0,0.0,29884770.0,0.21918167940503286,75.8,-1.7999999999999972
Santa Clara Valley Transportation Authority Amalgamated Transit Union Pension Plan,7167,2019,751566289.0,564331981.0,187234308.0,75.09,135929919.0,35625786.0,23408380.0,0.0,409376.0,44311681.0,0.0,0.0,,,,32282788.0,0.0,14313109.0,0.26208936385815107,74.0,1.0900000000000034
Santa Clara Valley Transportation Authority Amalgamated Transit Union Pension Plan,7167,2020,777544046.0,588449396.0,189094650.0,75.68,134900811.0,35402191.0,-12423890.0,0.0,374711.0,47023104.0,0.0,0.0,,,,30551882.0,0.0,-24419514.0,0.26243126885278695,75.09,0.5900000000000034
Santa Clara Valley Transportation Authority Amalgamated Transit Union Pension Plan,7167,2021,815899700.0,622609373.0,193290327.0,76.31,130270603.0,33957587.0,157391836.0,0.0,420087.0,48506348.0,0.0,0.0,,,,28769680.0,0.0,142422988.0,0.2606696078623356,75.68,0.6299999999999955
Santa Clara Valley Transportation Authority Amalgamated Transit Union Pension Plan,7167,2022,841509266.0,667612246.0,173897020.0,79.34,143981847.0,34787591.0,-57826105.0,0.0,415403.0,50386815.0,0.0,0.0,,,,29114070.0,0.0,-73840732.0,0.24161095113608314,76.31,3.030000000000001
Santa Clara Valley Transportation Authority Amalgamated Transit Union Pension Plan,7167,2023,877721092.0,683862814.0,193858278.0,77.91,149576036.0,38778202.0,44466841.0,0.0,431316.0,54279347.0,0.0,0.0,,,,32632491.0,0.0,28534380.0,0.25925410939490334,79.34,-1.4300000000000068
Santa Clara Valley Transportation Authority Amalgamated Transit Union Pension Plan,7167,2024,907138209.0,707433662.0,199704547.0,77.99,160018530.0,37269431.0,79498186.0,0.0,407352.0,54911541.0,0.0,0.0,11.8,3.3,6.7,30425895.0,0.0,61448724.0,0.23290697021151238,77.91,0.0799999999999983
East Bay Municipal Utility District Employees' Retirement System,7168,2003,838385000.0,639382000.0,199003000.0,76.3,133678000.0,23241601.0,13745738.0,31149.0,736163.0,27877612.0,50730.0,0.0,,,,,,8353983.0,0.1738625727494427,,
East Bay Municipal Utility District Employees' Retirement System,7168,2004,886663000.0,662387000.0,224276000.0,74.7,138585000.0,30464456.0,94276827.0,4058.0,794354.0,29406335.0,249704.0,0.0,,,,,,94294948.0,0.21982506043222572,76.3,-1.5999999999999943
East Bay Municipal Utility District Employees' Retirement System,7168,2005,886663000.0,662387000.0,224276000.0,74.7,138259000.0,36178520.0,51629487.0,-2965.0,839000.0,33689609.0,111175.0,0.0,,,,,,53165258.0,0.26167207921364977,74.7,0.0
East Bay Municipal Utility District Employees' Retirement System,7168,2006,1039750000.0,740622000.0,299128000.0,71.2,140371000.0,40036000.0,66925000.0,0.0,785000.0,37356000.0,255000.0,0.0,,,,,,68565000.0,0.2852156072123159,74.7,-3.5
East Bay Municipal Utility District Employees' Retirement System,7168,2007,1126105711.0,827097557.0,299008154.0,73.4,153394000.0,43589000.0,145164000.0,0.0,846000.0,40850000.0,319000.0,0.0,,,,,,146738000.0,0.2841636569878874,71.2,2.200000000000003
East Bay Municipal Utility District Employees' Retirement System,7168,2008,1126105711.0,827097557.0,299008154.0,73.4,153394000.0,47781000.0,-76330000.0,0.0,718000.0,44782000.0,304000.0,0.0,,,,,,-74353000.0,0.31149197491427305,73.4,0.0
East Bay Municipal Utility District Employees' Retirement System,7168,2009,1244993000.0,900917000.0,344076000.0,72.4,158775000.0,50225000.0,-169627000.0,0.0,965000.0,48322000.0,357000.0,0.0,,,,,,-169046000.0,0.3163281373012124,73.4,-1.0
East Bay Municipal Utility District Employees' Retirement System,7168,2010,1323555000.0,862021000.0,461534000.0,65.1,158845000.0,54805000.0,95988000.0,0.0,1043000.0,51770000.0,378000.0,0.0,,,,,,97602000.0,0.34502187667222767,72.4,-7.300000000000011
East Bay Municipal Utility District Employees' Retirement System,7168,2011,1396003000.0,915845000.0,480158000.0,65.6,158482000.0,61694000.0,190951000.0,0.0,1123000.0,55792000.0,252000.0,0.0,,,,,,195478000.0,0.3892808016052296,65.1,0.5
East Bay Municipal Utility District Employees' Retirement System,7168,2012,1446038000.0,954719000.0,491319000.0,66.0,156668000.0,62738000.0,16033000.0,0.0,1072000.0,59880000.0,589000.0,0.0,,,,,,17230000.0,0.40045191104756556,65.6,0.4000000000000057
East Bay Municipal Utility District Employees' Retirement System,7168,2013,1556696000.0,1021546000.0,535150000.0,65.6,154136000.0,64222000.0,136630000.0,0.0,1200000.0,65092000.0,335000.0,0.0,,,,,,134225000.0,0.4166580162972959,66.0,-0.4000000000000057
East Bay Municipal Utility District Employees' Retirement System,7168,2014,1646534000.0,1095847000.0,550687000.0,66.6,159961000.0,73623000.0,216601000.0,0.0,1233000.0,71116000.0,116000.0,0.0,,,,,,217759000.0,0.4602559373847375,65.6,1.0
East Bay Municipal Utility District Employees' Retirement System,7168,2015,1756706400.0,1210321029.0,546385371.0,68.9,167380000.0,77437000.0,59288000.0,0.0,1269000.0,77587000.0,203000.0,0.0,,,,,,57666000.0,0.4626418926992472,66.6,2.3000000000000114
East Bay Municipal Utility District Employees' Retirement System,7168,2016,1845912285.0,1327113322.0,518798963.0,71.9,175928000.0,79959000.0,13934000.0,0.0,1289000.0,83467000.0,419000.0,0.0,,,,,,8718000.0,0.4544984311763903,68.9,3.0
East Bay Municipal Utility District Employees' Retirement System,7168,2017,1995863155.0,1425784553.0,570078602.0,71.4,182548000.0,82916000.0,197977000.0,0.0,1403000.0,90240000.0,465000.0,0.0,,,,65218000.0,0.0,188785000.0,0.4542147818655915,71.9,-0.5
East Bay Municipal Utility District Employees' Retirement System,7168,2018,2068014945.0,1549213319.0,518801626.0,74.9,194498000.0,88081000.0,147424000.0,0.0,1521000.0,97669000.0,393000.0,0.0,,,,67096000.0,0.0,135922000.0,0.4528632685168999,71.4,3.5
East Bay Municipal Utility District Employees' Retirement System,7168,2019,2220977433.0,1678417000.0,542560433.0,75.57,204331000.0,91714000.0,91194000.0,0.0,1477000.0,105518000.0,267000.0,0.0,,,,71221000.0,0.0,75646000.0,0.4488501500017129,74.9,0.6699999999999875
East Bay Municipal Utility District Employees' Retirement System,7168,2020,2340773072.0,1777065164.0,563707908.0,75.92,216550000.0,96335000.0,39973000.0,0.0,1453000.0,112926000.0,462000.0,0.0,,,,74033000.0,0.0,21467000.0,0.4448626183329485,75.57,0.3500000000000085
East Bay Municipal Utility District Employees' Retirement System,7168,2021,2535238211.0,1868917204.0,666321007.0,73.72,222419000.0,98388000.0,481909000.0,0.0,1876000.0,120975000.0,274000.0,0.0,,,,77645000.0,0.0,457172000.0,0.4423542952715371,75.92,-2.200000000000003
East Bay Municipal Utility District Employees' Retirement System,7168,2022,2605613762.0,2045502995.0,560110767.0,78.5,235151000.0,112308000.0,-245904000.0,0.0,1875000.0,129241000.0,699000.0,0.0,,,,79252000.0,0.0,-265411000.0,0.47759949989581163,73.72,4.780000000000001
East Bay Municipal Utility District Employees' Retirement System,7168,2023,2835771092.0,2158462528.0,677308564.0,76.12,247569000.0,116968000.0,214117000.0,0.0,2214000.0,139397000.0,684000.0,0.0,,,,91393000.0,0.0,188790000.0,0.4724662619310172,78.5,-2.3799999999999955
East Bay Municipal Utility District Employees' Retirement System,7168,2024,2994429150.0,2251690803.0,742738347.0,75.2,266278000.0,128748000.0,274375000.0,0.0,2438000.0,147947000.0,1269000.0,0.0,,,,95103000.0,0.0,251469000.0,0.4835097154102104,76.12,-0.9200000000000017
Contra Costa Water District Retirement Plan,7172,2003,71614000.0,72447000.0,-833000.0,101.2,21308090.0,9383211.0,3788202.0,0.0,0.0,2536890.0,0.0,0.0,,,,,,10634523.0,0.44035908427268705,,
Contra Costa Water District Retirement Plan,7172,2004,77667000.0,75560000.0,2107000.0,97.3,21650631.0,2756651.0,9700040.0,0.0,0.0,3000314.0,0.0,0.0,13.3,4.4,4.0,,,9456377.0,0.12732427983276792,101.2,-3.9000000000000057
Contra Costa Water District Retirement Plan,7172,2005,77667000.0,75560000.0,2107000.0,97.3,21650631.0,3108461.0,6264062.0,0.0,0.0,3485508.0,0.0,0.0,7.8,9.1,4.78,,,5887015.0,0.14357369076217685,97.3,0.0
Contra Costa Water District Retirement Plan,7172,2006,88926000.0,83533000.0,5393000.0,93.9,23033809.0,3653737.0,7695832.0,0.0,0.0,3753602.0,0.0,0.0,9.1,10.17,6.08,,,7595967.0,0.15862495864231574,97.3,-3.3999999999999915
Contra Costa Water District Retirement Plan,7172,2007,95166000.0,93937000.0,1229000.0,98.7,22990702.0,5281159.0,16482937.0,0.0,0.0,4167991.0,0.0,0.0,17.4,11.43,10.76,,,17596105.0,0.2297084708418212,93.9,4.799999999999997
Contra Costa Water District Retirement Plan,7172,2008,103699000.0,101765000.0,1934000.0,98.1,24578221.0,3810176.0,-8712910.0,0.0,0.0,4603307.0,0.0,0.0,-7.86,6.17,7.98,,,-9506041.0,0.15502244853278843,98.7,-0.6000000000000085
Contra Costa Water District Retirement Plan,7172,2009,105933000.0,102581000.0,3352000.0,96.8,26048747.0,5645356.0,-18771534.0,0.0,7313.0,5069274.0,0.0,0.0,-18.3,-2.9,1.6,,,-18202765.0,0.21672274677933645,98.1,-1.2999999999999972
Contra Costa Water District Retirement Plan,7172,2010,113841000.0,102277000.0,11564000.0,89.8,26769171.0,4480041.0,9425656.0,0.0,1056.0,5369228.0,0.0,0.0,11.3,-4.93,2.3,,,8535413.0,0.16735822711880022,96.8,-7.0
Contra Costa Water District Retirement Plan,7172,2011,122542000.0,105067000.0,17475000.0,85.7,27893346.0,5400747.0,19452732.0,0.0,1931.0,5754388.0,0.0,0.0,21.0,4.67,4.72,,,19097160.0,0.19362133893868452,89.8,-4.099999999999994
Contra Costa Water District Retirement Plan,7172,2012,138161000.0,104867000.0,33294000.0,75.9,27603743.0,5714801.0,1524620.0,0.0,0.0,6231970.0,0.0,0.0,1.4,11.23,1.52,,,1007451.0,0.20702993068729847,85.7,-9.799999999999997
Contra Costa Water District Retirement Plan,7172,2013,152849000.0,126095000.0,26754000.0,82.5,27375383.0,11317860.0,13531395.0,0.0,0.0,6723591.0,0.0,0.0,11.8,11.4,5.44,,,18125664.0,0.41343202394647777,75.9,6.599999999999994
Contra Costa Water District Retirement Plan,7172,2014,164326000.0,140843000.0,23483000.0,85.7,27617000.0,7854650.0,20190036.0,0.0,0.0,7465815.0,0.0,0.0,15.4,9.53,12.18,,,20578871.0,0.2844135858348119,82.5,3.200000000000003
Contra Costa Water District Retirement Plan,7172,2015,176013000.0,154251000.0,21762000.0,87.6,27700000.0,8237337.0,4361045.0,0.0,0.0,8462406.0,0.0,0.0,2.9,10.03,10.5,,,4135976.0,0.2973767870036101,85.7,1.8999999999999915
Contra Costa Water District Retirement Plan,7172,2016,191580000.0,164392000.0,27188000.0,85.8,28847000.0,9844152.0,3201742.0,0.0,0.0,9624852.0,0.0,0.0,2.1,6.8,6.7,,,3421042.0,0.3412539258848407,87.6,-1.7999999999999972
Contra Costa Water District Retirement Plan,7172,2017,191580000.0,164392000.0,27188000.0,85.8,28065323.0,9530752.0,19254027.0,399888.0,0.0,10978126.0,0.0,0.0,,,,6502000.0,-573304.0,18206541.0,0.33959174458815244,85.8,0.0
Contra Costa Water District Retirement Plan,7172,2018,203469801.0,176126394.0,27343407.0,86.6,29553189.0,9297022.0,13914758.0,426901.0,0.0,11724094.0,0.0,0.0,,,,6795535.0,-368324.0,11914587.0,0.3145860840940042,85.8,0.7999999999999972
Contra Costa Water District Retirement Plan,7172,2019,214362261.0,187541811.0,26820450.0,87.49,31622148.0,12725258.0,13050558.0,423679.0,0.0,12441674.0,0.0,0.0,,,,6912623.0,-3755115.0,13757821.0,0.4024159902104057,86.6,0.8900000000000006
Contra Costa Water District Retirement Plan,7172,2020,235333807.0,200478790.0,34855017.0,85.19,33246926.0,12129032.0,7000255.0,451553.0,0.0,13175219.0,0.0,0.0,,,,7605731.0,-2363243.0,6405621.0,0.364816645003511,87.49,-2.299999999999997
Contra Costa Water District Retirement Plan,7172,2021,250485738.0,212512141.0,37973597.0,84.84,34446322.0,11131744.0,56831648.0,508747.0,0.0,13858090.0,0.0,0.0,,,,8568706.0,-289171.0,54614049.0,0.32316204905708074,85.19,-0.3499999999999943
Contra Costa Water District Retirement Plan,7172,2022,267869604.0,233056796.0,34812808.0,87.0,35121766.0,12297284.0,-37180609.0,632719.0,0.0,14765574.0,0.0,0.0,,,,9294843.0,-558051.0,-39016180.0,0.3501328492422619,84.84,2.1599999999999966
Contra Costa Water District Retirement Plan,7172,2023,317588896.0,244502444.0,73086452.0,76.99,39341598.0,17153687.0,24006322.0,595056.0,0.0,15420728.0,0.0,0.0,,,,12806804.0,-1335103.0,26334337.0,0.43601907070475376,87.0,-10.010000000000005
Contra Costa Water District Retirement Plan,7172,2024,333571766.0,259265405.0,74306361.0,77.72,40147688.0,20601521.0,29677098.0,607897.0,0.0,16265322.0,0.0,0.0,,,,16224093.0,-1227480.0,34621194.0,0.5131433969497821,76.99,0.730000000000004
Sunline Transit Retirement Income Plan - Bargaining Unit Personnel,7182,2003,3870707.0,4350715.0,-480008.0,112.4,5748158.0,436364.0,-187404.0,0.0,31113.0,43654.0,0.0,0.0,,,,,,174193.0,0.07591371009634738,,
Sunline Transit Retirement Income Plan - Bargaining Unit Personnel,7182,2004,4553046.0,4524908.0,28138.0,99.4,5748158.0,497467.0,82372.0,0.0,32686.0,44659.0,0.0,0.0,1.74,-1.14,2.07,,,502494.0,0.08654372409387494,112.4,-13.0
Sunline Transit Retirement Income Plan - Bargaining Unit Personnel,7182,2005,6230718.0,5027402.0,1203316.0,80.7,5890007.0,558386.0,302847.0,0.0,34172.0,69248.0,0.0,0.0,5.09,0.82,0.59,,,757813.0,0.09480226424179122,99.4,-18.700000000000003
Sunline Transit Retirement Income Plan - Bargaining Unit Personnel,7182,2006,6959988.0,5749662.0,1210326.0,82.6,5359101.0,748624.0,302908.0,0.0,38180.0,96147.0,0.0,0.0,4.89,3.9,1.27,,,917205.0,0.13969208641524017,80.7,1.8999999999999915
Sunline Transit Retirement Income Plan - Bargaining Unit Personnel,7182,2007,7742035.0,6660257.0,1081778.0,86.0,5737810.0,773097.0,595300.0,0.0,43935.0,100954.0,0.0,0.0,8.39,6.11,3.11,,,1223508.0,0.13473729523982148,82.6,3.4000000000000057
Sunline Transit Retirement Income Plan - Bargaining Unit Personnel,7182,2008,8630795.0,7873180.0,757615.0,91.2,5531108.0,785347.0,692859.0,0.0,50497.0,123818.0,0.0,0.0,8.36,7.2,5.66,,,1303891.0,0.14198728356054519,86.0,5.200000000000003
Sunline Transit Retirement Income Plan - Bargaining Unit Personnel,7182,2009,10033619.0,9167843.0,865776.0,91.4,5746597.0,890759.0,-1258822.0,0.0,55451.0,172307.0,0.0,0.0,-13.15,0.66,2.37,,,-595821.0,0.15500634549455966,91.2,0.20000000000000284
Sunline Transit Retirement Income Plan - Bargaining Unit Personnel,7182,2010,11246729.0,8581414.0,2665315.0,76.3,6415771.0,1095054.0,1468184.0,0.0,59000.0,187869.0,0.0,0.0,16.89,3.23,4.58,,,2316369.0,0.17068159072385844,91.4,-15.100000000000009
Sunline Transit Retirement Income Plan - Bargaining Unit Personnel,7182,2011,12411367.0,10950367.0,1461000.0,88.2,6688432.0,1118615.0,1211743.0,0.0,73480.0,254543.0,0.0,0.0,10.68,3.96,5.7,,,2002335.0,0.16724622452616697,76.3,11.900000000000006
Sunline Transit Retirement Income Plan - Bargaining Unit Personnel,7182,2012,13873641.0,12952702.0,920939.0,93.4,6514916.0,1028823.0,-50551.0,0.0,12146.0,276753.0,0.0,0.0,0.17,9.03,4.05,,,689373.0,0.1579180759966821,88.2,5.200000000000003
Sunline Transit Retirement Income Plan - Bargaining Unit Personnel,7182,2013,14858000.0,13642075.0,1215925.0,91.8,6593082.0,1045458.0,1542391.0,0.0,37273.0,322447.0,0.0,0.0,11.62,7.36,4.67,,,2228129.0,0.15856893634873645,93.4,-1.6000000000000085
Sunline Transit Retirement Income Plan - Bargaining Unit Personnel,7182,2014,16140266.0,15894633.0,245633.0,98.5,6862649.0,999727.0,2459797.0,0.0,14184.0,366437.0,0.0,0.0,15.82,9.0,10.87,,,3078903.0,0.14567654560214285,91.8,6.700000000000003
Sunline Transit Retirement Income Plan - Bargaining Unit Personnel,7182,2015,18965409.0,18945757.0,19652.0,99.9,7171287.0,838727.0,827017.0,0.0,16569.0,415646.0,0.0,0.0,4.88,10.68,8.49,,,1233529.0,0.11695627298140487,98.5,1.4000000000000057
Sunline Transit Retirement Income Plan - Bargaining Unit Personnel,7182,2016,21428042.0,20182825.0,1245217.0,94.2,7395958.0,1026120.0,-134851.0,0.0,167917.0,452533.0,0.0,0.0,,,,,,270819.0,0.13874064725624455,99.9,-5.700000000000003
Sunline Transit Retirement Income Plan - Bargaining Unit Personnel,7182,2017,22559195.0,20450576.0,2108619.0,90.7,9306674.0,1179049.0,1553438.0,0.0,183452.0,494152.0,0.0,0.0,,,,1175179.0,3400.0,2054883.0,0.12668854630558674,94.2,-3.5
Sunline Transit Retirement Income Plan - Bargaining Unit Personnel,7182,2018,24327197.0,22834464.0,1492733.0,93.9,9937276.0,1242117.0,3196447.0,0.0,126158.0,616895.0,0.0,0.0,,,,1276570.0,34453.0,3695511.0,0.12499572317403683,90.7,3.200000000000003
Sunline Transit Retirement Income Plan - Bargaining Unit Personnel,7182,2019,25885338.0,26155708.0,-270370.0,101.04,10495187.0,1335432.0,-1445369.0,0.0,89608.0,723427.0,0.0,0.0,,,,1271919.0,-63513.0,-922972.0,0.12724232545832675,93.9,7.140000000000001
Sunline Transit Retirement Income Plan - Bargaining Unit Personnel,7182,2020,27572135.0,26620060.0,952075.0,96.55,11077510.0,1281086.0,5105422.0,0.0,77740.0,751313.0,0.0,0.0,,,,1332533.0,207695.0,5557455.0,0.1156474695125529,101.04,-4.490000000000009
Sunline Transit Retirement Income Plan - Bargaining Unit Personnel,7182,2021,31029032.0,28887592.0,2141440.0,93.1,11332605.0,1333314.0,5145118.0,0.0,79683.0,789772.0,0.0,0.0,,,,1233598.0,210806.0,5608977.0,0.11765291387108259,96.55,-3.450000000000003
Sunline Transit Retirement Income Plan - Bargaining Unit Personnel,7182,2022,32335364.0,32427018.0,-91654.0,100.28,11240877.0,1528021.0,4383473.0,0.0,82165.0,858741.0,0.0,0.0,,,,992105.0,-387466.0,4970588.0,0.13593432256219867,93.1,7.180000000000007
Sunline Transit Retirement Income Plan - Bargaining Unit Personnel,7182,2023,33437387.0,36803765.0,-3366378.0,110.07,10148861.0,1392402.0,-6823209.0,0.0,111647.0,1067926.0,0.0,0.0,,,,553349.0,-551049.0,-6610380.0,0.13719785895185677,100.28,9.789999999999992
Sunline Transit Retirement Income Plan - Bargaining Unit Personnel,7182,2024,35282743.0,38864230.0,-3581487.0,110.15,9378110.0,1421958.0,4946859.0,0.0,114734.0,1124378.0,0.0,0.0,,,,376034.0,-684747.0,5129705.0,0.1516252208600667,110.07,0.0800000000000125
Self-Insured Schools of California Defined Benefit Plan,7183,2003,12948000.0,8344000.0,4604000.0,64.4,78508443.0,2430777.0,-759213.0,0.0,182866.0,658036.0,0.0,0.0,,,,,,830662.0,0.030961982012558828,,
Self-Insured Schools of California Defined Benefit Plan,7183,2004,13895870.0,10686165.0,3209705.0,76.9,73174876.0,2416887.0,1577389.0,0.0,223024.0,867390.0,0.0,0.0,20.18,1.41,2.9,,,2903862.0,0.03302891828610683,64.4,12.5
Self-Insured Schools of California Defined Benefit Plan,7183,2005,15358214.0,13346135.0,2012079.0,86.9,72609631.0,2587803.0,1601327.0,0.0,203286.0,1027997.0,0.0,0.0,15.13,8.04,3.24,,,2957847.0,0.03563994148379573,76.9,10.0
Self-Insured Schools of California Defined Benefit Plan,7183,2006,18200366.0,17157915.0,1042451.0,94.3,75183841.0,2930934.0,1532885.0,0.0,224851.0,1347179.0,0.0,0.0,,,,,,2891789.0,0.038983562970665464,86.9,7.3999999999999915
Self-Insured Schools of California Defined Benefit Plan,7183,2007,21027522.0,19384412.0,1643110.0,92.2,74588422.0,2891207.0,1860507.0,0.0,250980.0,1452016.0,0.0,0.0,,,,,,3048718.0,0.03876214193135766,94.3,-2.0999999999999943
Self-Insured Schools of California Defined Benefit Plan,7183,2008,23327557.0,23818123.0,-490566.0,102.1,78593233.0,3037840.0,2093747.0,0.0,252909.0,1462755.0,0.0,0.0,,,,,,3415923.0,0.038652691638222846,92.2,9.899999999999991
Self-Insured Schools of California Defined Benefit Plan,7183,2009,25635206.0,21213940.0,4421266.0,82.8,77880059.0,2713614.0,-6839523.0,0.0,230789.0,1487716.0,0.0,0.0,,,,,,-5844414.0,0.034843502108800405,102.1,-19.299999999999997
Self-Insured Schools of California Defined Benefit Plan,7183,2010,27471186.0,23404179.0,4067007.0,85.2,73811168.0,3228020.0,4978878.0,0.0,240725.0,1599150.0,0.0,0.0,,,,,,6367023.0,0.043733490303256004,82.8,2.4000000000000057
Self-Insured Schools of California Defined Benefit Plan,7183,2011,29630744.0,27065039.0,2565705.0,91.3,72253495.0,3173462.0,3267993.0,0.0,248659.0,1862647.0,0.0,0.0,,,,,,4330149.0,0.04392122484870801,85.2,6.099999999999994
Self-Insured Schools of California Defined Benefit Plan,7183,2012,31470521.0,26780531.0,4689990.0,85.1,72225013.0,2947806.0,-744785.0,0.0,276956.0,2199912.0,0.0,0.0,,,,,,-273847.0,0.0408141982612035,91.3,-6.200000000000003
Self-Insured Schools of California Defined Benefit Plan,7183,2013,33967325.0,33004963.0,962362.0,97.2,73346069.0,3508999.0,3874692.0,0.0,290948.0,2157582.0,0.0,0.0,,,,,,4935161.0,0.04784167778644006,85.1,12.100000000000009
Self-Insured Schools of California Defined Benefit Plan,7183,2014,35608506.0,36627784.0,-1019278.0,102.9,62217239.0,2275134.0,5631079.0,0.0,308709.0,2720369.0,0.0,0.0,,,,,,4877135.0,0.03656758217766622,97.2,5.700000000000003
Self-Insured Schools of California Defined Benefit Plan,7183,2015,37802716.0,39028298.0,-1225582.0,103.2,80479516.0,2494865.0,1882417.0,0.0,373623.0,2834380.0,0.0,0.0,,,,,,1169279.0,0.03100000004970209,102.9,0.29999999999999716
Self-Insured Schools of California Defined Benefit Plan,7183,2016,41541728.0,37821631.0,3720097.0,91.0,87323156.0,2794341.0,-230941.0,0.0,323916.0,2419866.0,0.0,0.0,,,,,,-180382.0,0.03200000009161373,103.2,-12.200000000000003
Self-Insured Schools of California Defined Benefit Plan,7183,2017,44472286.0,42950064.0,1522222.0,96.6,94039000.0,4137716.0,3253782.0,0.0,327266.0,3093224.0,0.0,0.0,,,,3494025.0,-643691.0,3971008.0,0.044,91.0,5.599999999999994
Self-Insured Schools of California Defined Benefit Plan,7183,2018,46726084.0,49627530.0,-2901446.0,106.2,98906351.0,3659535.0,7504148.0,0.0,337079.0,2989088.0,0.0,0.0,18.02,8.68,9.86,3232857.0,-426678.0,7837516.0,0.03700000013143746,96.6,9.600000000000009
Self-Insured Schools of California Defined Benefit Plan,7183,2019,50489966.0,53815937.0,-3325971.0,106.59,101739973.0,3764379.0,-4191774.0,0.0,349938.0,3406167.0,0.0,0.0,-8.53,6.04,4.54,2848719.0,-915660.0,-4183500.0,0.03699999999017102,106.2,0.39000000000000057
Self-Insured Schools of California Defined Benefit Plan,7183,2020,52663570.0,54406776.0,-1743206.0,103.31,104235082.0,3834824.0,11250371.0,0.0,394257.0,3732744.0,0.0,0.0,25.08,11.52,8.52,3834824.0,0.0,10958194.0,0.0367901471022971,106.59,-3.280000000000001
Self-Insured Schools of California Defined Benefit Plan,7183,2021,55751937.0,58433381.0,-2681444.0,104.81,75042881.0,2775234.0,9696527.0,0.0,387713.0,4092020.0,0.0,0.0,17.56,11.37,12.15,1097694.0,-749076.0,7992028.0,0.03698197567867897,103.31,1.5
Self-Insured Schools of California Defined Benefit Plan,7183,2022,60434634.0,70520246.0,-10085612.0,116.69,84060167.0,3103828.0,9553395.0,0.0,443979.0,4803632.0,0.0,0.0,15.33,19.32,13.49,1449979.0,-582023.0,7409612.0,0.0369238857210455,104.81,11.879999999999995
Self-Insured Schools of California Defined Benefit Plan,7183,2023,65453944.0,58992682.0,6461262.0,90.13,108808285.0,2931393.0,-13227902.0,0.0,453064.0,4303503.0,0.0,0.0,-18.94,4.65,6.1,1429412.0,-316680.0,-15053076.0,0.026940898847914018,116.69,-26.560000000000002
Self-Insured Schools of California Defined Benefit Plan,7183,2024,68398755.0,61723108.0,6675647.0,90.24,112238366.0,4192926.0,10416863.0,0.0,500446.0,4892104.0,0.0,0.0,19.05,5.15,11.62,3078032.0,78807.0,9217239.0,0.03735733287492799,90.13,0.10999999999999943
Modesto Irrigation District Basic Retirement Plan,7186,2003,95408988.0,81653137.0,13755851.0,85.6,25877652.0,3691915.0,-8054851.0,0.0,106652.0,2905000.0,0.0,15016.0,-8.1,-2.7,3.0,,,-7389604.0,0.14266808286934224,,
Modesto Irrigation District Basic Retirement Plan,7186,2004,104583754.0,101353816.0,3229938.0,96.9,27808492.0,5764532.0,18207109.0,0.0,112264.0,3125166.0,0.0,31044.0,23.5,3.4,4.7,,,20703167.0,0.20729394459793074,85.6,11.300000000000011
Modesto Irrigation District Basic Retirement Plan,7186,2005,133933027.0,109124467.0,24808560.0,81.5,28948480.0,1000000.0,10403596.0,0.0,109523.0,3498119.0,0.0,24695.0,10.9,8.0,4.8,,,7771259.0,0.03454412805093739,96.9,-15.400000000000006
Modesto Irrigation District Basic Retirement Plan,7186,2006,151877572.0,120921833.0,30955739.0,79.6,29615591.0,7539617.0,7717795.0,0.0,106904.0,4010212.0,0.0,60550.0,7.8,13.9,5.7,,,11079746.0,0.2545826959860433,81.5,-1.9000000000000057
Modesto Irrigation District Basic Retirement Plan,7186,2007,163697550.0,134628464.0,29069086.0,82.2,28622267.0,8266750.0,14419493.0,0.0,83956.0,5259850.0,0.0,24491.0,12.2,10.3,8.8,,,17317946.0,0.2888223354215793,79.6,2.6000000000000085
Modesto Irrigation District Basic Retirement Plan,7186,2008,178276456.0,147036681.0,31239775.0,82.5,32298530.0,7950000.0,6953867.0,0.0,76650.0,6440652.0,0.0,25275.0,5.0,8.3,11.7,,,8361290.0,0.2461412330530213,82.2,0.29999999999999716
Modesto Irrigation District Basic Retirement Plan,7186,2009,192168888.0,143388154.0,48780734.0,74.6,32130514.0,7380000.0,-34375200.0,0.0,94194.0,7489323.0,0.0,30000.0,-23.16,-3.21,0.0,,,-34608717.0,0.22968820231136047,82.5,-7.900000000000006
Modesto Irrigation District Basic Retirement Plan,7186,2010,203314785.0,143288154.0,60026631.0,70.5,31171112.0,9680005.0,28212491.0,0.0,124494.0,8360153.0,0.0,30000.0,25.61,0.1,3.29,,,29377849.0,0.3105441025010593,74.6,-4.099999999999994
Modesto Irrigation District Basic Retirement Plan,7186,2011,215073516.0,149032856.0,66040660.0,69.3,31406581.0,10481995.0,17772007.0,0.0,139127.0,9149106.0,0.0,30000.0,12.0,3.02,5.23,,,18935769.0,0.33375154716777355,70.5,-1.2000000000000028
Modesto Irrigation District Basic Retirement Plan,7186,2012,233272731.0,166042729.0,67230002.0,71.2,30530024.0,10961544.0,-2771529.0,0.0,133754.0,9963650.0,0.0,30000.0,8.48,17.14,3.81,,,-1937389.0,0.3590414471996485,69.3,1.9000000000000057
Modesto Irrigation District Basic Retirement Plan,7186,2013,262062180.0,178779989.0,83282191.0,68.2,33080856.0,11349000.0,22360586.0,0.0,116566.0,11156787.0,0.0,30000.0,11.26,5.43,7.59,,,22406233.0,0.3430685106818276,71.2,-3.0
Modesto Irrigation District Basic Retirement Plan,7186,2014,278226944.0,198970936.0,79256008.0,71.5,35550199.0,13488129.0,35154816.0,0.0,122737.0,12071618.0,0.0,30000.0,14.93,9.49,15.48,,,36418590.0,0.3794107875458025,68.2,3.299999999999997
Modesto Irrigation District Basic Retirement Plan,7186,2015,307347518.0,231013865.0,76333653.0,75.2,35448009.0,13292617.0,14852333.0,0.0,118841.0,13448028.0,0.0,40000.0,7.96,11.31,9.58,,,14538081.0,0.37498910023409215,71.5,3.700000000000003
Modesto Irrigation District Basic Retirement Plan,7186,2016,307347518.0,231013865.0,76333653.0,75.2,35448009.0,12584472.0,-237323.0,0.0,107246.0,14508234.0,0.0,34500.0,,,,,,-2302831.0,0.3550120967301718,75.2,0.0
Modesto Irrigation District Basic Retirement Plan,7186,2017,307143385.0,241233426.0,65909959.0,78.5,38211146.0,12593011.0,16325246.0,0.0,119306.0,15562209.0,0.0,34500.0,,,,11781408.0,-72346.0,13202242.0,0.32956381365793114,75.2,3.299999999999997
Modesto Irrigation District Basic Retirement Plan,7186,2018,356430592.0,276164043.0,80266549.0,77.5,41274329.0,13632123.0,37865201.0,0.0,154250.0,17057807.0,0.0,34500.0,,,,12825186.0,-329750.0,34250767.0,0.33028091141106136,78.5,-1.0
Modesto Irrigation District Basic Retirement Plan,7186,2019,372412065.0,256128381.0,116283684.0,68.78,41165803.0,13454743.0,-14874886.0,0.0,189516.0,18340533.0,0.0,85470.0,,,,12825186.0,-57385.0,-20035662.0,0.32684271942903675,77.5,-8.719999999999999
Modesto Irrigation District Basic Retirement Plan,7186,2020,417290992.0,365730253.0,51560739.0,87.64,42193024.0,75830543.0,53933709.0,0.0,439373.0,19707622.0,0.0,15384.0,,,,18261141.0,-57600901.0,109601873.0,1.7972293950772527,68.78,18.86
Modesto Irrigation District Basic Retirement Plan,7186,2021,459147602.0,417290992.0,41856610.0,90.88,44514659.0,25007197.0,53838132.0,0.0,206785.0,20557641.0,0.0,0.0,,,,12490800.0,-11244200.0,58080903.0,0.5617744258133034,87.64,3.239999999999995
Modesto Irrigation District Basic Retirement Plan,7186,2022,483309128.0,484412870.0,-1103742.0,100.23,44355984.0,20608013.0,62361282.0,0.0,245276.0,22122311.0,0.0,0.0,,,,19050456.0,-176255.0,60601708.0,0.46460502375508117,90.88,9.350000000000009
Modesto Irrigation District Basic Retirement Plan,7186,2023,500321114.0,395038856.0,105282258.0,78.96,48842433.0,18903506.0,-83473525.0,0.0,364956.0,24439039.0,0.0,0.0,,,,17335752.0,0.0,-89374014.0,0.3870303922001592,100.23,-21.27000000000001
Modesto Irrigation District Basic Retirement Plan,7186,2024,532050432.0,451510258.0,80540174.0,84.86,50760174.0,22565377.0,60228037.0,0.0,282206.0,26039805.0,0.0,0.0,,,,20605914.0,0.0,56471403.0,0.44454885044326287,78.96,5.900000000000006
Turlock Irrigation District Pension Plan,7187,2003,102045235.0,92978700.0,9066535.0,91.1,25603190.0,3360645.0,-2949902.0,0.0,598338.0,5080839.0,382820.0,0.0,,,,,,-5651254.0,0.13125883923058027,,
Turlock Irrigation District Pension Plan,7187,2004,108262252.0,91008865.0,17253387.0,84.1,21909998.0,2688516.0,18916334.0,0.0,592424.0,4567983.0,73037.0,0.0,25.3,1.66,8.53,,,16371406.0,0.12270726816132069,91.1,-7.0
Turlock Irrigation District Pension Plan,7187,2005,116218467.0,94298719.0,21919748.0,81.1,23130017.0,3313546.0,10635205.0,0.0,264687.0,5212957.0,417777.0,0.0,12.14,7.54,6.73,,,8053330.0,0.14325739579006794,84.1,-3.0
Turlock Irrigation District Pension Plan,7187,2006,123497787.0,95189875.0,28307912.0,77.1,23863461.0,5653552.0,7059927.0,0.0,214955.0,5611746.0,185612.0,0.0,7.5,14.74,4.69,,,6701166.0,0.23691249144455617,81.1,-4.0
Turlock Irrigation District Pension Plan,7187,2007,132592574.0,102135842.0,30456732.0,77.0,25507585.0,6890454.0,14005008.0,0.0,276849.0,5953491.0,257815.0,0.0,13.53,11.03,8.72,,,14407307.0,0.27013353086934727,77.1,-0.09999999999999432
Turlock Irrigation District Pension Plan,7187,2008,142708321.0,116104357.0,26603964.0,81.4,27728066.0,6576618.0,8620002.0,0.0,264762.0,6902047.0,25689.0,0.0,7.59,9.5,13.04,,,8004122.0,0.23718271588072531,77.0,4.400000000000006
Turlock Irrigation District Pension Plan,7187,2009,154247702.0,127995357.0,26252345.0,83.0,30327028.0,6371187.0,-37248097.0,0.0,321076.0,8013585.0,44954.0,0.0,-28.79,-4.54,0.95,,,-39256525.0,0.21008280138759394,81.4,1.5999999999999943
Turlock Irrigation District Pension Plan,7187,2010,169397314.0,107967572.0,61429742.0,63.7,32704664.0,10633000.0,24962317.0,0.0,192920.0,8838610.0,67131.0,0.0,28.04,-0.64,3.67,,,26496656.0,0.32512182360289654,83.0,-19.299999999999997
Turlock Irrigation District Pension Plan,7187,2011,189518048.0,126069575.0,63448473.0,66.5,33878065.0,10080996.0,16112550.0,0.0,147413.0,9374228.0,12658.0,0.0,14.23,1.37,4.93,,,16659247.0,0.29756705408056805,63.7,2.799999999999997
Turlock Irrigation District Pension Plan,7187,2012,205579979.0,128816303.0,76763676.0,62.7,33960180.0,12338000.0,-3923283.0,0.0,182313.0,10348113.0,69731.0,0.0,-2.38,12.6,1.81,,,-2185440.0,0.36330785054731746,66.5,-3.799999999999997
Turlock Irrigation District Pension Plan,7187,2013,222936219.0,131590762.0,91345457.0,59.0,34218246.0,13083000.0,16047605.0,0.0,168422.0,11397015.0,14951.0,0.0,12.86,7.97,2.79,,,17550217.0,0.38233987797036706,62.7,-3.700000000000003
Turlock Irrigation District Pension Plan,7187,2014,238162469.0,147521740.0,90640729.0,61.9,33824130.0,15279421.0,28798288.0,0.0,170445.0,13045202.0,96431.0,0.0,19.6,9.63,14.02,,,30765631.0,0.4517313823001508,59.0,2.8999999999999986
Turlock Irrigation District Pension Plan,7187,2015,260215040.0,164890229.0,95324811.0,63.4,31643465.0,46560742.0,8112326.0,0.0,234353.0,13854884.0,67163.0,0.0,4.5,12.15,9.48,,,40516668.0,1.471417305279305,61.9,1.5
Turlock Irrigation District Pension Plan,7187,2016,272133692.0,211716214.0,60417478.0,77.8,33348753.0,15279421.0,-2207328.0,0.0,311605.0,14513073.0,92443.0,0.0,-0.68,7.47,6.46,,,-1845028.0,0.4581706848229078,63.4,14.399999999999999
Turlock Irrigation District Pension Plan,7187,2017,289125728.0,227666200.0,61459528.0,78.7,35244750.0,15279421.0,21777075.0,0.0,240747.0,15987968.0,122430.0,0.0,,,,12975179.0,-2304242.0,20705351.0,0.43352331907589076,77.8,0.9000000000000057
Turlock Irrigation District Pension Plan,7187,2018,304169048.0,242590571.0,61578477.0,79.8,36365502.0,50279241.0,41669821.0,0.0,188011.0,16350883.0,75510.0,0.0,,,,13372259.0,-36906982.0,75334658.0,1.3826081927866691,78.7,1.0999999999999943
Turlock Irrigation District Pension Plan,7187,2019,354421004.0,307854922.0,46566082.0,86.86,39391971.0,30558482.0,12899378.0,0.0,593017.0,27040195.0,169471.0,0.0,,,,23272552.0,-7285930.0,15655177.0,0.7757540743518521,79.8,7.060000000000002
Turlock Irrigation District Pension Plan,7187,2020,388921522.0,333593926.0,55327596.0,85.77,43755672.0,15279421.0,2933707.0,0.0,392551.0,19330691.0,13447.0,0.0,,,,12132154.0,-3147267.0,-1523561.0,0.3491986364647765,86.86,-1.0900000000000034
Turlock Irrigation District Pension Plan,7187,2021,405967115.0,359823558.0,46143557.0,88.63,44521714.0,15279421.0,105260279.0,0.0,336265.0,20230025.0,17861.0,0.0,31.55,11.07,12.05,12270413.0,-3009008.0,99955549.0,0.34319031383203263,85.77,2.8599999999999994
Turlock Irrigation District Pension Plan,7187,2022,415898336.0,389482409.0,26415927.0,93.65,45101022.0,12270413.0,-56217681.0,0.0,328020.0,20983882.0,0.0,0.0,14.8,15.1,12.95,11507097.0,-763316.0,-65259170.0,0.27206507648540645,88.63,5.02000000000001
Turlock Irrigation District Pension Plan,7187,2023,435199252.0,407637981.0,27561271.0,93.67,47178115.0,11756373.0,40158598.0,0.0,365945.0,21829709.0,0.0,0.0,-13.52,9.31,4.26,12036436.0,280063.0,29719317.0,0.24919124047240973,93.65,0.01999999999999602
Turlock Irrigation District Pension Plan,7187,2024,455215429.0,422562787.0,32652642.0,92.83,49868702.0,16081026.0,45194293.0,0.0,525124.0,23330213.0,0.0,0.0,15.67,4.72,8.81,12871720.0,3209306.0,37419982.0,0.32246730624751374,93.67,-0.8400000000000034
Fresno Irrigation District Employee Money Purchase Plan,7188,2012,6457675.0,500063.0,5957612.0,7.7,4336115.0,563364.0,-196606.0,0.0,23889.0,752727.0,0.0,0.0,,,,,,-409858.0,0.12992367591726695,,
Long Beach Public Transportation Company Retirement Plan - Contract Employees,7198,2003,26155000.0,19488000.0,6667000.0,74.5,19213000.0,1908129.0,927986.0,0.0,159046.0,2048027.0,0.0,0.0,4.7,-5.03,2.67,,,629042.0,0.09931447457450684,,
Long Beach Public Transportation Company Retirement Plan - Contract Employees,7198,2004,26692708.0,22278352.0,4414356.0,83.5,20188278.0,2099246.0,2752163.0,0.0,203377.0,1858149.0,0.0,0.0,12.82,3.89,2.12,,,2789883.0,0.10398341057122355,74.5,9.0
Long Beach Public Transportation Company Retirement Plan - Contract Employees,7198,2005,29794304.0,23700583.0,6093721.0,79.5,20859915.0,1910696.0,1837720.0,0.0,0.0,2326185.0,0.0,0.0,9.8,9.05,3.31,,,1422231.0,0.09159653814504996,83.5,-4.0
Long Beach Public Transportation Company Retirement Plan - Contract Employees,7198,2006,32098951.0,24873552.0,7225399.0,77.5,21628593.0,2055584.0,2535247.0,0.0,162289.0,3255573.0,0.0,0.0,11.72,11.64,6.7,,,1172969.0,0.09504011657161425,79.5,-2.0
Long Beach Public Transportation Company Retirement Plan - Contract Employees,7198,2007,36056000.0,27699000.0,8357000.0,76.8,21866049.0,2777353.0,3418446.0,0.0,157511.0,3212849.0,0.0,0.0,13.17,11.7,10.5,,,2825439.0,0.12701668234622543,77.5,-0.7000000000000028
Long Beach Public Transportation Company Retirement Plan - Contract Employees,7198,2008,38557262.0,28444051.0,10113211.0,73.8,23643084.0,2661268.0,498502.0,0.0,168966.0,2245744.0,0.0,0.0,1.8,8.8,9.99,,,745060.0,0.11256010425712652,76.8,-3.0
Long Beach Public Transportation Company Retirement Plan - Contract Employees,7198,2009,42568598.0,24228191.0,18340407.0,56.9,25266127.0,3048814.0,-5676374.0,0.0,104767.0,1483533.0,0.0,0.0,-19.2,-1.4,3.4,,,-4215860.0,0.12066803907064981,73.8,-16.9
Long Beach Public Transportation Company Retirement Plan - Contract Employees,7198,2010,45373970.0,29212231.0,16161739.0,64.4,25501412.0,4111605.0,3708336.0,0.0,132658.0,2703243.0,0.0,0.0,16.2,-0.4,4.74,,,4984040.0,0.16123048402182594,56.9,7.500000000000007
Long Beach Public Transportation Company Retirement Plan - Contract Employees,7198,2011,47357305.0,37358394.0,9998911.0,78.9,25473634.0,3791200.0,6518567.0,0.0,142037.0,2021567.0,0.0,0.0,21.9,6.3,6.78,,,8146163.0,0.14882839252538527,64.4,14.5
Long Beach Public Transportation Company Retirement Plan - Contract Employees,7198,2012,49512576.0,37025393.0,12487183.0,74.8,25904690.0,3241510.0,-773308.0,0.0,164944.0,2636259.0,0.0,0.0,-2.42,11.38,,,,-333001.0,0.12513216718671408,78.9,-4.1000000000000085
Long Beach Public Transportation Company Retirement Plan - Contract Employees,7198,2013,58754761.0,41325305.0,17429456.0,70.3,25904690.0,3714988.0,3324692.0,0.0,187442.0,2447910.0,0.0,104416.0,8.45,8.95,,,,4299912.0,0.14340986130310765,74.8,-4.5
Long Beach Public Transportation Company Retirement Plan - Contract Employees,7198,2014,62010610.0,46310416.0,15700194.0,74.7,27081000.0,4763313.0,4991411.0,0.0,201374.0,4326353.0,0.0,241886.0,12.34,6.12,10.95,,,4985111.0,0.1758913260219342,70.3,4.400000000000006
Long Beach Public Transportation Company Retirement Plan - Contract Employees,7198,2015,63233552.0,45790263.0,17443289.0,72.4,28434000.0,4741102.0,-118638.0,0.0,231427.0,4881029.0,0.0,30160.0,-0.37,6.67,7.68,,,-520152.0,0.16674059224871632,74.7,-2.299999999999997
Long Beach Public Transportation Company Retirement Plan - Contract Employees,7198,2016,73595760.0,47050624.0,26545136.0,63.9,29454000.0,5193480.0,-522507.0,0.0,210318.0,3182794.0,0.0,17501.0,,,,,,1260360.0,0.17632511713179874,72.4,-8.500000000000007
Long Beach Public Transportation Company Retirement Plan - Contract Employees,7198,2017,81803970.0,52742303.0,29061667.0,64.5,31258000.0,6018860.0,4919899.0,0.0,376137.0,4615902.0,0.0,255041.0,10.0,2.5,5.6,6018860.0,0.0,5691679.0,0.19255422611811376,63.9,0.6000000000000014
Long Beach Public Transportation Company Retirement Plan - Contract Employees,7198,2018,87017394.0,56021895.0,30995499.0,64.4,31094000.0,6516603.0,2807077.0,0.0,380134.0,5626291.0,0.0,37663.0,5.1,4.4,4.9,4054711.0,0.0,3279592.0,0.20957750691451726,64.5,-0.09999999999999432
Long Beach Public Transportation Company Retirement Plan - Contract Employees,7198,2019,91295118.0,60679049.0,30616069.0,66.46,0.0,7165553.0,1715995.0,0.0,364631.0,3859763.0,0.0,0.0,2.65,5.87,3.05,4488508.0,0.0,4657154.0,,64.4,2.059999999999988
Long Beach Public Transportation Company Retirement Plan - Contract Employees,7198,2020,95973713.0,63776866.0,32196847.0,66.45,31946000.0,7168354.0,207350.0,0.0,364995.0,3912892.0,0.0,0.0,0.12,2.6,3.15,4357936.0,0.0,3097817.0,0.22438972015275777,66.46,-0.009999999999990905
Long Beach Public Transportation Company Retirement Plan - Contract Employees,7198,2021,97238338.0,81807082.0,15431256.0,84.13,30015000.0,7057378.0,16154417.0,0.0,418494.0,4763085.0,0.0,0.0,24.7,8.6,8.2,4341170.0,0.0,18030216.0,0.23512836914875895,66.45,17.679999999999993
Long Beach Public Transportation Company Retirement Plan - Contract Employees,7198,2022,98511679.0,69897651.0,28614028.0,70.95,32022000.0,5872022.0,-8899439.0,0.0,345479.0,8536535.0,0.0,0.0,-11.5,10.49,19.19,3667102.0,0.0,-11909431.0,0.1833746174505028,84.13,-13.179999999999993
Long Beach Public Transportation Company Retirement Plan - Contract Employees,7198,2023,106957133.0,76721202.0,30235931.0,71.73,33739000.0,6689636.0,6677060.0,0.0,353520.0,5760706.0,0.0,428919.0,9.7,21.06,24.42,4148988.0,0.0,6823551.0,0.1982760603455941,70.95,0.7800000000000011
Long Beach Public Transportation Company Retirement Plan - Contract Employees,7198,2024,113777894.0,87997830.0,25780064.0,77.34,35879000.0,8253059.0,8906927.0,0.0,469886.0,5413472.0,0.0,0.0,11.57,8.45,35.39,4986703.0,0.0,11276628.0,0.2300247777251317,71.73,5.609999999999999
Long Beach Public Transportation Company Retirement Plan -  Salaried Employees,7199,2003,13248000.0,8793000.0,4455000.0,66.4,7517000.0,1961344.0,423704.0,0.0,89856.0,380953.0,0.0,0.0,4.27,-1.38,1.63,,,1914239.0,0.2609211121458028,,
Long Beach Public Transportation Company Retirement Plan -  Salaried Employees,7199,2004,13721000.0,10367111.0,3353889.0,75.6,7783115.0,1217835.0,1253069.0,0.0,108519.0,788282.0,0.0,0.0,14.42,4.48,3.04,,,1574103.0,0.15647141279551954,66.4,9.199999999999989
Long Beach Public Transportation Company Retirement Plan -  Salaried Employees,7199,2005,14182815.0,11117891.0,3064924.0,78.4,7849876.0,1084390.0,869132.0,0.0,0.0,1202742.0,0.0,0.0,9.24,9.23,3.69,,,750780.0,0.13814103560361973,75.6,2.8000000000000114
Long Beach Public Transportation Company Retirement Plan -  Salaried Employees,7199,2006,14118473.0,11552603.0,2565870.0,81.8,7954923.0,1220567.0,983715.0,0.0,100289.0,1669281.0,0.0,0.0,9.27,10.95,6.36,,,434712.0,0.1534354260877195,78.4,3.3999999999999915
Long Beach Public Transportation Company Retirement Plan -  Salaried Employees,7199,2007,16456000.0,12384000.0,4072000.0,75.3,8639814.0,1371785.0,1655705.0,0.0,102845.0,2092796.0,0.0,0.0,14.42,10.95,10.26,,,831849.0,0.15877483010629628,81.8,-6.5
Long Beach Public Transportation Company Retirement Plan -  Salaried Employees,7199,2008,15258643.0,9631055.0,5627588.0,63.1,9125649.0,1209409.0,-215479.0,0.0,92928.0,3654399.0,0.0,0.0,-2.07,6.98,8.88,,,-2753397.0,0.13252854673678552,75.3,-12.199999999999996
Long Beach Public Transportation Company Retirement Plan -  Salaried Employees,7199,2009,16254701.0,7702559.0,8552142.0,47.4,9375890.0,1618352.0,-1911367.0,0.0,68285.0,1567196.0,0.0,0.0,-22.3,-4.6,0.7,,,-1928496.0,0.1726078270969476,63.1,-15.700000000000003
Long Beach Public Transportation Company Retirement Plan -  Salaried Employees,7199,2010,18267219.0,9949939.0,8317280.0,54.5,9337229.0,2122864.0,1144378.0,0.0,69716.0,950146.0,0.0,0.0,15.23,-4.35,1.81,,,2247380.0,0.22735481800864046,47.4,7.100000000000001
Long Beach Public Transportation Company Retirement Plan -  Salaried Employees,7199,2011,18158380.0,12021155.0,6137225.0,66.2,9520926.0,2210493.0,2204515.0,0.0,88191.0,2255212.0,0.0,0.0,21.71,2.84,4.04,,,2071605.0,0.23217205973452582,54.5,11.700000000000003
Long Beach Public Transportation Company Retirement Plan -  Salaried Employees,7199,2012,18424486.0,11028003.0,7396483.0,59.9,9516264.0,1657874.0,-267059.0,0.0,90188.0,2294168.0,0.0,0.0,-2.46,11.06,1.16,,,-993541.0,0.17421479689928737,66.2,-6.300000000000004
Long Beach Public Transportation Company Retirement Plan -  Salaried Employees,7199,2013,24503335.0,13864092.0,10639243.0,56.6,10281647.0,2694143.0,926586.0,0.0,82622.0,702018.0,0.0,0.0,8.2,8.85,3.18,,,2836089.0,0.2620341857680973,59.9,-3.299999999999997
Long Beach Public Transportation Company Retirement Plan -  Salaried Employees,7199,2014,25411832.0,16655211.0,8756621.0,65.5,8539000.0,3526142.0,1701649.0,0.0,93804.0,2342868.0,0.0,0.0,12.18,6.01,10.7,,,2791119.0,0.4129455439747043,56.6,8.899999999999999
Long Beach Public Transportation Company Retirement Plan -  Salaried Employees,7199,2015,25560718.0,19819218.0,5741500.0,77.5,8028000.0,5191020.0,-56346.0,0.0,122384.0,1848284.0,0.0,0.0,-0.31,6.56,7.6,,,3164006.0,0.6466143497757848,65.5,12.0
Long Beach Public Transportation Company Retirement Plan -  Salaried Employees,7199,2016,29966438.0,22777566.0,7188872.0,76.0,7190000000.0,4653053.0,-246839.0,0.0,115753.0,1332112.0,0.0,0.0,-1.71,3.19,3.13,,,2958349.0,0.0006471561891515994,77.5,-1.5
Long Beach Public Transportation Company Retirement Plan - Salaried Employees,7199,2017,29527880.0,25232880.0,4295000.0,85.5,6843000.0,,,,,,,,9.8,2.5,5.5,2030220.0,-1100000.0,0.0,,76.0,9.5
Long Beach Public Transportation Company Retirement Plan - Salaried Employees,7199,2018,31215626.0,27866540.0,3349086.0,89.27,4859000.0,,,,,,,,5.2,4.3,4.9,1602155.0,-1000000.0,0.0,,85.5,3.769999999999996
Long Beach Public Transportation Company Retirement Plan - Salaried Employees,7199,2019,33336433.0,30938951.0,2397482.0,92.81,4783000.0,,,,,,,,2.46,5.79,3.01,1611520.0,-1500000.0,0.0,,89.27,3.5400000000000063
Long Beach Public Transportation Company Retirement Plan - Salaried Employees,7199,2020,33942216.0,31438641.0,2503575.0,92.62,4589000.0,,,,,,,,-0.96,2.35,3.1,1596044.0,0.0,0.0,,92.81,-0.18999999999999773
Long Beach Public Transportation Company Retirement Plan - Salaried Employees,7199,2021,36225266.0,37790805.0,-1565539.0,104.32,4869000.0,,,,,,,,23.8,8.3,8.0,1439021.0,-387300.0,0.0,,92.62,11.699999999999989
Long Beach Public Transportation Company Retirement Plan - Salaried Employees,7199,2022,35619511.0,32041203.0,3578308.0,89.95,3923000.0,,,,,,,,-8.1,12.68,21.46,184095.0,-842709.0,0.0,,104.32,-14.36999999999999
Long Beach Public Transportation Company Retirement Plan - Salaried Employees,7199,2023,36168165.0,32349016.0,3819149.0,89.44,4133000.0,,,,,,,,6.0,20.6,22.38,1191640.0,-181245.0,0.0,,89.95,-0.5100000000000051
Long Beach Public Transportation Company Retirement Plan - Salaried Employees,7199,2024,37356318.0,34157737.0,3198581.0,91.44,4086524.0,2048734.0,2939757.0,0.0,171128.0,3008642.0,0.0,0.0,9.17,6.53,30.61,1116086.0,-646428.0,1808721.0,0.501339035326845,89.44,2.0
San Diego Transit Corporation Employees' Retirement Plan,7200,2003,119777766.0,74859876.0,44917890.0,62.5,34793506.0,3669637.0,782553.0,0.0,634384.0,6410202.0,0.0,0.0,,,,,,-2592396.0,0.10546902056952812,,
San Diego Transit Corporation Employees' Retirement Plan,7200,2004,132307053.0,78667471.0,53639582.0,59.5,36237000.0,5492793.0,9294009.0,0.0,192879.0,6926517.0,0.0,0.0,,,,,,7667406.0,0.1515796837486547,62.5,-3.0
San Diego Transit Corporation Employees' Retirement Plan,7200,2005,162878929.0,152877022.0,10001907.0,93.9,34858941.0,76282336.0,9375467.0,0.0,239122.0,8203595.0,0.0,0.0,,,,,,77215086.0,2.1883147855811225,59.5,34.400000000000006
San Diego Transit Corporation Employees' Retirement Plan,7200,2006,168877304.0,153083086.0,15794218.0,90.6,34958968.0,3996981.0,12567058.0,0.0,807448.0,8384748.0,0.0,0.0,8.5,10.9,5.48,,,7371843.0,0.1143334951992862,93.9,-3.3000000000000114
San Diego Transit Corporation Employees' Retirement Plan,7200,2007,168877304.0,153083086.0,15794218.0,90.6,34958968.0,4575781.0,21645754.0,0.0,753044.0,10046217.0,0.0,0.0,13.55,10.69,10.2,,,15422274.0,0.13089004801285897,90.6,0.0
San Diego Transit Corporation Employees' Retirement Plan,7200,2008,186611461.0,160696946.0,25914515.0,86.1,33026594.0,4655668.0,-5398026.0,0.0,688284.0,11325295.0,0.0,0.0,-8.03,17.42,36.94,,,-12755937.0,0.14096724597153434,90.6,-4.5
San Diego Transit Corporation Employees' Retirement Plan,7200,2009,195624156.0,164759680.0,30864476.0,84.2,33251305.0,5275088.0,-27976302.0,0.0,758988.0,11998891.0,0.0,0.0,-18.83,-2.53,0.24,,,-35459093.0,0.1586430367169048,86.1,-1.8999999999999915
San Diego Transit Corporation Employees' Retirement Plan,7200,2010,202089428.0,144196322.0,57893106.0,71.4,33893666.0,5674021.0,16043231.0,0.0,751523.0,12569699.0,0.0,0.0,,,,,,8396030.0,0.1674065295857934,84.2,-12.799999999999997
San Diego Transit Corporation Employees' Retirement Plan,7200,2011,226820827.0,152895717.0,73925110.0,67.4,31888597.0,7753347.0,27361358.0,0.0,908443.0,13335324.0,0.0,0.0,,,,,,20870938.0,0.24313854259564946,71.4,-4.0
San Diego Transit Corporation Employees' Retirement Plan,7200,2012,236874642.0,151113025.0,85761617.0,63.8,32573125.0,10132138.0,-5002447.0,0.0,687518.0,14000927.0,0.0,0.0,,,,,,-9558754.0,0.31105821133219486,67.4,-3.6000000000000085
San Diego Transit Corporation Employees' Retirement Plan,7200,2013,235400557.0,147787312.0,87613245.0,62.8,33392891.0,11358529.0,12739685.0,0.0,754131.0,14638924.0,0.0,0.0,,,,,,8705159.0,0.3401481171546363,63.8,-1.0
San Diego Transit Corporation Employees' Retirement Plan,7200,2014,241331470.0,148451522.0,92879948.0,61.5,32707265.0,13527981.0,18973064.0,0.0,813766.0,15466925.0,0.0,0.0,,,,,,16220354.0,0.41360783299979376,62.8,-1.2999999999999972
San Diego Transit Corporation Employees' Retirement Plan,7200,2015,250491593.0,161380520.0,89111073.0,64.4,32658827.0,12715720.0,-1472608.0,0.0,809066.0,16584042.0,0.0,0.0,,,,,,-6149996.0,0.38935017476285966,61.5,2.9000000000000057
San Diego Transit Corporation Employees' Retirement Plan,7200,2016,256745469.0,168571376.0,88174093.0,65.7,31048663.0,12466151.0,-137975.0,0.0,692500.0,17350157.0,0.0,0.0,,,,,,-5714481.0,0.4015036331838186,64.4,1.2999999999999972
San Diego Transit Corporation Employees' Retirement Plan,7200,2017,289255802.0,168234278.0,121021524.0,58.2,31660643.0,14696694.0,12216935.0,0.0,234128.0,17977346.0,0.0,0.0,,,,12649101.0,0.0,8702155.0,0.46419442586810383,65.7,-7.5
San Diego Transit Corporation Employees' Retirement Plan,7200,2018,300300433.0,174904537.0,125395896.0,58.2,29686976.0,14771839.0,8792300.0,0.0,244890.0,18715199.0,0.0,0.0,,,,13020223.0,0.0,4604050.0,0.4975865174007619,58.2,0.0
San Diego Transit Corporation Employees' Retirement Plan,7200,2019,314919978.0,175814792.0,139105186.0,55.83,27154461.0,15707206.0,8415800.0,0.0,252584.0,19969862.0,0.0,0.0,,,,13633181.0,0.0,3900560.0,0.5784392479747619,58.2,-2.3700000000000045
San Diego Transit Corporation Employees' Retirement Plan,7200,2020,315167505.0,177440974.0,137726531.0,56.3,25851835.0,16726692.0,24666.0,0.0,256420.0,20712755.0,0.0,0.0,,,,14709528.0,0.0,-4217817.0,0.6470214590182863,55.83,0.46999999999999886
San Diego Transit Corporation Employees' Retirement Plan,7200,2021,331267043.0,194296017.0,136971026.0,58.65,24891340.0,25669300.0,34664950.0,0.0,252541.0,21531678.0,0.0,0.0,,,,15918402.0,-7800000.0,38550031.0,1.0312542434437038,56.3,2.3500000000000014
San Diego Transit Corporation Employees' Retirement Plan,7200,2022,337148571.0,195924568.0,141224003.0,58.11,25059762.0,17459736.0,-22759878.0,0.0,265106.0,22029157.0,0.0,0.0,,,,15838082.0,0.0,-27594405.0,0.696723935366984,58.65,-0.5399999999999991
San Diego Transit Corporation Employees' Retirement Plan,7200,2023,342852868.0,196279951.0,146572917.0,57.25,23631077.0,17877214.0,11403121.0,0.0,354459.0,22630610.0,0.0,0.0,,,,16157770.0,0.0,6295266.0,0.7565128749739167,58.11,-0.8599999999999994
San Diego Transit Corporation Employees' Retirement Plan,7200,2024,347621403.0,198907997.0,148713406.0,57.22,23688509.0,18926019.0,14304780.0,0.0,156428.0,23302300.0,0.0,0.0,,,,17213854.0,0.0,9772071.0,0.7989535770275791,57.25,-0.030000000000001137
Judges' Retirement System I,7205,2008,2713640000.0,11672000.0,2701968000.0,0.4,119274000.0,172775000.0,384000.0,3827000.0,973000.0,168304000.0,136000.0,0.0,,,,,,7573000.0,1.4485554270000167,,
Judges' Retirement System I,7205,2009,3606845000.0,19289000.0,3587556000.0,0.5,111000000.0,199107000.0,410000.0,3574000.0,1049000.0,174902000.0,0.0,0.0,0.0,0.0,0.0,,,27140000.0,1.7937567567567567,0.4,0.09999999999999998
Judges' Retirement System I,7205,2010,3582992000.0,41390000.0,3541602000.0,1.2,97000000.0,192750000.0,332000.0,3486000.0,968000.0,178861000.0,32000.0,0.0,,,,,,16707000.0,1.9871134020618557,0.5,0.7
Judges' Retirement System I,7205,2011,3429000000.0,64000000.0,3365000000.0,1.9,86000000.0,173960000.0,184000.0,3216000.0,1188000.0,185119000.0,0.0,0.0,,,,,,-8947000.0,2.0227906976744188,1.2,0.7
Judges' Retirement System I,7205,2012,3297000000.0,54000000.0,3243000000.0,1.6,76000000.0,202198000.0,80000.0,2877000.0,1163000.0,185428000.0,17000.0,0.0,,,,,,18547000.0,2.6605,1.9,-0.2999999999999998
Judges' Retirement System I,7205,2013,3172000000.0,73000000.0,3099000000.0,2.3,69000000.0,166854000.0,76000.0,2694000.0,1413000.0,187084000.0,0.0,0.0,,,,,,-18873000.0,2.418173913043478,1.6,0.6999999999999997
Judges' Retirement System I,7205,2014,3383000000.0,54000000.0,3329000000.0,1.6,61000000.0,195872000.0,54000.0,2529000.0,1141000.0,193925000.0,10000.0,0.0,,,,,,3379000.0,3.211016393442623,2.3,-0.6999999999999997
Judges' Retirement System I,7205,2015,3414779000.0,57198000.0,3357581000.0,1.7,52335000.0,184787000.0,88000.0,2198000.0,1227000.0,201734000.0,134000.0,0.0,,,,,,-16022000.0,3.5308493360084072,1.6,0.09999999999999987
Judges' Retirement System I,7205,2016,3322610000.0,41177000.0,3281433000.0,1.2,44284000.0,195846000.0,194000.0,2568000.0,642000.0,199271000.0,78000.0,0.0,,,,,,-1383000.0,4.422500225815193,1.7,-0.5
Judges' Retirement System I,7205,2017,3428743000.0,39794000.0,3388949000.0,1.2,42430000.0,207873000.0,424000.0,2395000.0,1771000.0,200440000.0,0.0,0.0,,,,448636000.0,244161000.0,8481000.0,4.8991986801791185,1.2,0.0
Judges' Retirement System I,7205,2018,3315731000.0,48275000.0,3267456000.0,1.5,38330000.0,202303000.0,845000.0,2533000.0,2106000.0,207823000.0,0.0,0.0,0.01,0.01,0.01,438156000.0,238915000.0,-4248000.0,,1.2,0.30000000000000004
Judges' Retirement System I,7205,2019,3320530000.0,44492000.0,3276038000.0,1.34,35335000.0,198582000.0,1166000.0,2776000.0,10032000.0,221954000.0,0.0,0.0,0.01,0.01,0.01,415110000.0,219207000.0,-29462000.0,,1.5,-0.15999999999999992
Judges' Retirement System I,7205,2020,3173229000.0,14081000.0,3159148000.0,0.44,31511000.0,245974000.0,885000.0,2202000.0,2270000.0,212775000.0,458000.0,0.0,0.01,0.01,0.01,414849000.0,171718000.0,33558000.0,,1.34,-0.9000000000000001
Judges' Retirement System I,7205,2021,3105001000.0,48020000.0,3056981000.0,1.55,29137115.0,227970000.0,163000.0,2462000.0,1731000.0,210951000.0,0.0,0.0,0.01,0.01,0.01,366446000.0,140622000.0,17913000.0,,0.44,1.11
Judges' Retirement System I,7205,2022,2803230000.0,65882000.0,2737348000.0,2.35,24752164.0,196916000.0,194000.0,2305000.0,1677000.0,210492000.0,0.0,0.0,0.01,0.01,0.01,352881000.0,157921000.0,-12754000.0,,1.55,0.8
Judges' Retirement System I,7205,2023,2805415585.0,52709366.0,2752706219.0,1.88,23354332.0,210482000.0,2233000.0,3028000.0,2031000.0,216271000.0,0.0,0.0,,,,313118000.0,104333000.0,-2559000.0,,2.35,-0.4700000000000002
Judges' Retirement System I,7205,2024,2667952335.0,50015399.0,2617936936.0,1.87,19330022.0,214013000.0,3416000.0,2831000.0,2411000.0,212542000.0,0.0,0.0,,,,315809000.0,103277000.0,5307000.0,,1.88,-0.009999999999999787
Judges' Retirement System II,7206,2003,76459000.0,71929000.0,4530000.0,94.1,72800000.0,22040000.0,4803000.0,0.0,320000.0,307000.0,892000.0,0.0,4.8,-2.7,2.0,,,25324000.0,0.3027472527472527,,
Judges' Retirement System II,7206,2004,105116000.0,96107000.0,9009000.0,91.4,87300000.0,26371000.0,13431000.0,0.0,414000.0,584000.0,203000.0,0.0,,,,,,38601000.0,0.3020733104238259,94.1,-2.6999999999999886
Judges' Retirement System II,7206,2005,137704000.0,129153000.0,8551000.0,93.8,99005124.0,29412000.0,14816000.0,0.0,425000.0,904000.0,340000.0,0.0,9.7,9.4,2.8,,,42559000.0,0.2970755331814947,91.4,2.3999999999999915
Judges' Retirement System II,7206,2006,177761000.0,167556000.0,10205000.0,94.3,121300000.0,33653000.0,15474000.0,0.0,406000.0,859000.0,750000.0,0.0,7.8,10.7,5.9,,,47112000.0,0.2774361088211047,93.8,0.5
Judges' Retirement System II,7206,2007,220135000.0,212904000.0,7231000.0,96.7,125318592.0,38756000.0,35427000.0,0.0,451000.0,1005000.0,981000.0,0.0,15.8,11.3,10.5,,,71746000.0,0.3092597784692634,94.3,2.4000000000000057
Judges' Retirement System II,7206,2008,294982000.0,267604000.0,27378000.0,90.7,156300000.0,50569000.0,-12184000.0,0.0,597000.0,964000.0,2134000.0,0.0,-4.7,5.9,8.4,,,34690000.0,0.32353806781829814,96.7,-6.0
Judges' Retirement System II,7206,2009,367000000.0,335000000.0,32000000.0,91.3,175000000.0,54914000.0,-59927000.0,0.0,578000.0,1252000.0,3062000.0,0.0,-19.7,-4.0,1.1,,,-9905000.0,0.3137942857142857,90.7,0.5999999999999943
Judges' Retirement System II,7206,2010,451000000.0,379000000.0,72000000.0,84.0,199000000.0,58767000.0,50801000.0,0.0,494000.0,1392000.0,2592000.0,0.0,16.6,-3.7,2.2,,,105090000.0,0.29531155778894475,91.3,-7.299999999999997
Judges' Retirement System II,7206,2011,521000000.0,461000000.0,60000000.0,88.5,213000000.0,72452000.0,91596000.0,0.0,716000.0,2236000.0,5870000.0,0.0,21.8,4.5,4.7,,,155226000.0,0.340150234741784,84.0,4.5
Judges' Retirement System II,7206,2012,610000000.0,561000000.0,49000000.0,92.0,230000000.0,72468000.0,13947000.0,0.0,725000.0,3536000.0,2604000.0,0.0,1.9,13.1,2.1,,,79550000.0,0.3150782608695652,88.5,3.5
Judges' Retirement System II,7206,2013,703000000.0,668000000.0,35000000.0,95.0,231000000.0,72844000.0,79214000.0,0.0,899000.0,10518000.0,58000.0,0.0,12.1,11.6,5.4,,,140583000.0,0.31534199134199137,92.0,3.0
Judges' Retirement System II,7206,2014,837197000.0,778980000.0,58217000.0,93.0,241988000.0,77440000.0,150168000.0,0.0,785000.0,8865000.0,85000.0,0.0,18.6,10.7,14.0,,,217873000.0,0.32001586855546554,95.0,-2.0
Judges' Retirement System II,7206,2015,951642000.0,1014840000.0,-63198000.0,106.6,266907000.0,87871000.0,-2401000.0,0.0,1127000.0,14024000.0,16000.0,0.0,-0.1,9.9,10.5,,,70303000.0,0.329219540888774,93.0,13.599999999999994
Judges' Retirement System II,7206,2016,1081824000.0,1084142000.0,-2318000.0,100.2,289305000.0,90437000.0,20808000.0,2000.0,732000.0,21549000.0,155000.0,0.0,1.6,6.4,6.6,,,88811000.0,0.3126008883358393,106.6,-6.3999999999999915
Judges' Retirement System II,7206,2017,1272751000.0,1172953000.0,99798000.0,92.2,282619000.0,92178000.0,115057000.0,0.0,1683000.0,22326000.0,80000.0,0.0,9.6,3.6,8.2,67102000.0,0.0,183146000.0,0.3261564155276185,100.2,-8.0
Judges' Retirement System II,7206,2018,1365862000.0,1356099000.0,9763000.0,99.3,291383000.0,107212000.0,101820000.0,0.0,2370000.0,31745000.0,50000.0,0.0,7.5,6.2,7.2,79699000.0,0.0,174867000.0,0.36794184973042354,92.2,7.099999999999994
Judges' Retirement System II,7206,2019,1554348000.0,1531543000.0,22805000.0,98.53,310294000.0,115475000.0,106781000.0,0.0,1477000.0,36045000.0,159000.0,0.0,6.7,8.0,5.0,84099000.0,0.0,184575000.0,0.3721470605296912,99.3,-0.769999999999996
Judges' Retirement System II,7206,2020,1725877000.0,1715056000.0,10821000.0,99.37,343260000.0,126943000.0,80074000.0,0.0,2552000.0,34547000.0,0.0,0.0,4.5,6.2,6.0,91147000.0,0.0,169918000.0,0.3698158830041368,98.53,0.8400000000000034
Judges' Retirement System II,7206,2021,1913088000.0,1885404000.0,27684000.0,98.55,351443000.0,118241000.0,463478000.0,0.0,1703000.0,61613000.0,381000.0,0.0,24.4,11.6,10.3,84147000.0,0.0,518022000.0,0.33644431671707786,99.37,-0.8200000000000074
Judges' Retirement System II,7206,2022,1964844000.0,2403366000.0,-438522000.0,122.32,350945000.0,129302000.0,-324365000.0,3000.0,1842000.0,66382000.0,357000.0,0.0,-13.3,4.1,5.3,91887000.0,-886000.0,-263641000.0,0.36843949906680534,98.55,23.769999999999996
Judges' Retirement System II,7206,2023,2157506377.0,2139223765.0,18282612.0,99.15,368023114.0,128639000.0,151745000.0,4000.0,2126000.0,83573000.0,295000.0,0.0,7.1,4.9,5.2,89970000.0,0.0,194394000.0,0.34954054543432833,122.32,-23.169999999999987
Judges' Retirement System II,7206,2024,2361939313.0,2333468381.0,28470932.0,98.79,388369534.0,139252000.0,267416000.0,5000.0,2637000.0,99168000.0,0.0,0.0,11.3,1.1,6.1,96316000.0,0.0,304868000.0,0.3585554164503542,99.15,-0.35999999999999943
Legislators' Retirement System,7207,2008,101571000.0,141603000.0,-40032000.0,139.4,2106000.0,14000.0,223000.0,0.0,397000.0,7621000.0,309000.0,0.0,0.0,4.7,6.6,,,-8090000.0,0.006647673314339981,,
Legislators' Retirement System,7207,2009,103000000.0,142000000.0,-39000000.0,137.9,2000000.0,69000.0,-14041000.0,0.0,358000.0,7706000.0,296000.0,0.0,-10.2,0.4,2.5,,,-22332000.0,0.0345,139.4,-1.5
Legislators' Retirement System,7207,2010,112000000.0,134000000.0,-22000000.0,119.6,2000000.0,17000.0,17793000.0,0.0,4444000.0,11082000.0,35000.0,0.0,16.1,1.4,3.7,,,2249000.0,0.0085,137.9,-18.30000000000001
Legislators' Retirement System,7207,2011,112000000.0,127000000.0,-15000000.0,113.4,2000000.0,3000.0,17667000.0,0.0,408000.0,7382000.0,440000.0,0.0,15.9,6.5,6.4,,,9440000.0,0.0015,119.6,-6.199999999999989
Legislators' Retirement System,7207,2012,109000000.0,126000000.0,-17000000.0,115.6,2000000.0,0.0,7761000.0,0.0,347000.0,7659000.0,202000.0,0.0,6.6,12.8,5.2,,,-447000.0,0.0,113.4,2.1999999999999886
Legislators' Retirement System,7207,2013,109000000.0,124000000.0,-15000000.0,113.8,2000.0,111000.0,6974000.0,0.0,418000.0,7548000.0,0.0,0.0,5.7,9.3,6.4,,,-881000.0,,115.6,-1.7999999999999972
Legislators' Retirement System,7207,2014,115806000.0,123201000.0,-7395000.0,106.4,1427000.0,678000.0,15321000.0,51000.0,362000.0,7482000.0,0.0,0.0,13.2,8.4,11.4,,,8206000.0,0.47512263489838824,113.8,-7.3999999999999915
Legislators' Retirement System,7207,2015,111274000.0,130353000.0,-19079000.0,117.1,1500000.0,695000.0,-135000.0,41000.0,400000.0,7393000.0,1693000.0,0.0,0.0,6.1,8.1,,,-8885000.0,0.4633333333333333,106.4,10.699999999999989
Legislators' Retirement System,7207,2016,105746000.0,121469000.0,-15723000.0,114.9,1275000.0,646000.0,4500000.0,45000.0,203000.0,7028000.0,379000.0,0.0,,,,,,-2419000.0,0.5066666666666667,117.1,-2.1999999999999886
Legislators' Retirement System,7207,2017,106975000.0,119050000.0,-12075000.0,111.3,1321000.0,610000.0,5048000.0,0.0,575000.0,6960000.0,289000.0,0.0,4.4,2.8,5.4,0.0,-516000.0,-2166000.0,0.46177138531415596,114.9,-3.6000000000000085
Legislators' Retirement System,7207,2018,100845000.0,116884000.0,-16039000.0,115.9,1209000.0,549000.0,5486000.0,0.0,671000.0,6918000.0,0.0,0.0,4.8,4.4,5.2,20000.0,-447000.0,-1554000.0,0.45409429280397023,111.3,4.6000000000000085
Legislators' Retirement System,7207,2019,98927000.0,115484000.0,-16557000.0,116.74,1098000.0,341000.0,7860000.0,0.0,324000.0,7005000.0,344000.0,0.0,7.3,5.5,4.1,250000.0,0.0,528000.0,0.3105646630236794,115.9,0.8399999999999892
Legislators' Retirement System,7207,2020,99130000.0,115796000.0,-16666000.0,116.81,272000.0,120000.0,7011000.0,2000.0,550000.0,6939000.0,0.0,0.0,6.4,6.2,5.4,98000.0,0.0,-356000.0,0.4411764705882353,116.74,0.07000000000000739
Legislators' Retirement System,7207,2021,96348453.0,115538308.0,-19189855.0,119.92,282673.0,113000.0,15098000.0,0.0,450000.0,6761000.0,0.0,0.0,13.6,9.0,7.2,78000.0,0.0,8000000.0,0.3997551941642817,116.81,3.1099999999999994
Legislators' Retirement System,7207,2022,95562165.0,123525223.0,-27963058.0,129.26,282673.0,108000.0,-12450000.0,1000.0,436000.0,6647000.0,0.0,0.0,-10.7,2.5,3.9,85000.0,0.0,-19424000.0,0.3820669112366586,119.92,9.33999999999999
Legislators' Retirement System,7207,2023,94697328.0,103991312.0,-9293984.0,109.81,294545.0,55000.0,601000.0,2000.0,525000.0,7088000.0,0.0,0.0,0.8,0.7,3.1,44000.0,0.0,-6955000.0,0.18672868322327657,129.26,-19.44999999999999
Legislators' Retirement System,7207,2024,97069061.0,96998773.0,70288.0,99.93,0.0,0.0,4904000.0,1000.0,663000.0,7436000.0,0.0,0.0,5.5,-1.7,2.8,,,-3194000.0,,109.81,-9.879999999999995
California Public Employees' Retirement System,7208,2003,163961000000.0,156067000000.0,7894000000.0,95.2,32873184204.0,3812969000.0,5474084000.0,8648000.0,214274000.0,6991914000.0,114025000.0,0.0,3.7,-3.3,2.4,,,1975488000.0,0.11599025443772006,,
California Public Employees' Retirement System,7208,2004,180922000000.0,158596000000.0,22326000000.0,87.7,34784000000.0,6527792000.0,24265850000.0,6723000.0,188361000.0,7639085000.0,151526000.0,0.0,16.6,4.3,3.1,,,22821393000.0,0.18766651333946643,95.2,-7.5
California Public Employees' Retirement System,7208,2005,194609000000.0,169899000000.0,24710000000.0,87.3,22359797190.0,8950901000.0,21893728000.0,473000.0,208965000.0,8434119000.0,155236000.0,0.0,12.3,10.7,3.4,,,22046782000.0,0.4003122624029489,87.7,-0.4000000000000057
California Public Employees' Retirement System,7208,2006,210301000000.0,183680000000.0,26621000000.0,87.3,22904473611.0,9175908000.0,22041265000.0,0.0,236212000.0,9236073000.0,170929000.0,14039000.0,11.8,13.8,7.5,,,21559920000.0,0.4006164103938726,87.3,0.0
California Public Employees' Retirement System,7208,2007,228131000000.0,199033000000.0,29098000000.0,87.2,23392103160.0,9705083000.0,40748261000.0,9119000.0,278453000.0,10070555000.0,181574000.0,0.0,19.1,14.6,12.8,,,39931881000.0,0.4148871494631353,87.3,-0.09999999999999432
California Public Employees' Retirement System,7208,2008,248224000000.0,216484000000.0,31740000000.0,87.2,40864000000.0,10754877000.0,-12499110000.0,6202000.0,402340000.0,10884417000.0,182415000.0,0.0,-2.6,9.0,11.1,,,-13207203000.0,0.26318708398590446,87.2,0.0
California Public Employees' Retirement System,7208,2009,268324000000.0,233272000000.0,35052000000.0,86.9,44236000000.0,10794731000.0,-57367054000.0,3155000.0,427809000.0,11831836000.0,186783000.0,0.0,-24.0,-4.9,1.6,,,-59015596000.0,0.24402592910751425,87.2,-0.29999999999999716
California Public Employees' Retirement System,7208,2010,294042000000.0,244964000000.0,49078000000.0,83.3,45100000000.0,10333916000.0,25567295000.0,10234000.0,278036000.0,12972457000.0,182387000.0,0.0,13.3,-6.5,1.7,,,22478565000.0,0.22913339246119735,86.9,-3.6000000000000085
California Public Employees' Retirement System,7208,2011,308343000000.0,257070000000.0,51273000000.0,83.4,44984000000.0,11065486000.0,43904425000.0,3011000.0,357779000.0,14242258000.0,227168000.0,0.0,21.7,1.5,3.4,,,40145717000.0,0.2459871509870176,83.3,0.10000000000000853
California Public Employees' Retirement System,7208,2012,328567000000.0,271389000000.0,57178000000.0,82.6,43901000000.0,11371350000.0,-203084000.0,7070000.0,380404000.0,15356696000.0,218082000.0,0.0,0.1,11.4,-0.1,,,-4779846000.0,0.25902257351768754,83.4,-0.8000000000000114
California Public Employees' Retirement System,7208,2013,340429000000.0,282991000000.0,57438000000.0,83.1,42599000000.0,12019911000.0,30284807000.0,7176000.0,426077000.0,16635263000.0,242595000.0,0.0,13.23,11.33,3.49,,,25007959000.0,0.28216415878307005,82.6,0.5
California Public Employees' Retirement System,7208,2014,375019000000.0,281928000000.0,93091000000.0,75.2,42575000000.0,12552640000.0,45590473000.0,7571000.0,381497000.0,17760584000.0,236968000.0,0.0,18.4,10.4,12.5,,,39771635000.0,0.29483593658250146,83.1,-7.8999999999999915
California Public Employees' Retirement System,7208,2015,394726000000.0,301257000000.0,93469000000.0,76.3,44958000000.0,13803777000.0,6689474000.0,494750000.0,340880000.0,18922292000.0,240623000.0,481227000.0,2.4,10.9,10.7,,,1002979000.0,0.30703716802348857,75.2,1.0999999999999943
California Public Employees' Retirement System,7208,2016,413700000000.0,302418000000.0,111282000000.0,73.1,47458000000.0,14908243000.0,1535342000.0,62903000.0,184447000.0,20093933000.0,238821000.0,49803000.0,0.6,6.9,6.8,,,-4060516000.0,0.314135509292427,76.3,-3.200000000000003
California State Teachers' Retirement System,7209,2003,109881000000.0,107654000000.0,2227000000.0,98.0,24729629918.0,4492607098.0,3688253842.0,584382577.0,72748956.0,4716299262.0,79512798.0,233814578.0,,,,,,3662867923.0,0.18166899839976813,,
California State Teachers' Retirement System,7209,2004,133169000000.0,110008000000.0,23161000000.0,82.6,24710709818.0,4806444473.0,16605271490.0,0.0,94767163.0,5545531666.0,82455563.0,0.0,17.38,4.95,3.68,,,15688961571.0,0.19450855553727744,98.0,-15.400000000000006
California State Teachers' Retirement System,7209,2005,136754000000.0,116340000000.0,20414000000.0,85.1,24573743118.0,5649861595.0,14127713305.0,1273132.0,94661975.0,6133873399.0,87969121.0,0.0,11.09,10.48,2.88,,,13462343537.0,0.2299145705182186,82.6,2.5
California State Teachers' Retirement System,7209,2006,145000980000.0,124959095000.0,20041885000.0,86.2,25242523314.0,5453021850.0,16077722099.0,70061.0,95610709.0,6649006753.0,97453457.0,0.0,13.21,13.86,7.5,,,14688743091.0,0.21602522783352832,85.1,1.1000000000000085
California State Teachers' Retirement System,7209,2007,154551000000.0,135257000000.0,19294000000.0,87.5,26196997274.0,5705068782.0,29839884317.0,554614.0,105894402.0,7167918134.0,106153336.0,0.0,21.03,15.07,13.08,,,28165541841.0,0.21777567567494338,86.2,1.2999999999999972
California State Teachers' Retirement System,7209,2008,171831000000.0,153902000000.0,17929000000.0,89.6,27220973044.0,6594713610.0,-9453709772.0,11952585.0,109362600.0,7821540232.0,101777809.0,0.0,-3.69,9.72,11.49,,,-10879724218.0,0.24226590281472674,87.5,2.0999999999999943
California State Teachers' Retirement System,7209,2009,183459000000.0,160950000000.0,22509000000.0,87.7,27299104000.0,6212745035.0,-40461138670.0,-264724.0,113323917.0,8600322238.0,105816012.0,0.0,-25.03,-2.56,3.32,,,-43068120526.0,0.22758054751540563,89.6,-1.8999999999999915
California State Teachers' Retirement System,7209,2010,185683000000.0,145142000000.0,40541000000.0,78.2,27509030000.0,5839323600.0,15089361598.0,7691462.0,140270268.0,9357947788.0,100124689.0,0.0,12.2,-5.5,3.54,,,11338033915.0,0.2122693384681321,87.7,-9.5
California State Teachers' Retirement System,7209,2011,196315000000.0,140291000000.0,56024000000.0,71.5,23447341000.0,5859524364.0,30030276984.0,6544414.0,110484212.0,10092064469.0,116089283.0,0.0,23.1,1.2,3.8,,,25577707798.0,0.249901443579466,78.2,-6.700000000000003
California State Teachers' Retirement System,7209,2012,207770000000.0,143930000000.0,63840000000.0,69.3,54416000000.0,5820463980.0,1071319990.0,4114889.0,138411095.0,10677135026.0,108110770.0,0.0,1.84,12.04,0.31,,,-4027758032.0,0.10696236364304616,71.5,-2.200000000000003
California State Teachers' Retirement System,7209,2013,222915000000.0,152432000000.0,70483000000.0,68.4,53962000000.0,5948291608.0,20682437403.0,1240518.0,136943708.0,11359180616.0,104994424.0,0.0,13.8,12.57,3.72,,,15030850781.0,0.11023111834253733,69.3,-0.8999999999999915
California State Teachers' Retirement System,7209,2014,230949000000.0,157787000000.0,73162000000.0,68.3,54095000000.0,5919247363.0,30402213593.0,1744578.0,154154448.0,11936343029.0,107599596.0,0.0,18.66,11.21,13.69,,,24125108461.0,0.10942318815047601,68.4,-0.10000000000000853
California State Teachers' Retirement System,7209,2015,231213000000.0,158495000000.0,72718000000.0,68.5,53968000000.0,6613322529.0,7612352623.0,3227081.0,145239323.0,12485742341.0,87692476.0,0.0,4.77,12.26,12.14,,,1510228093.0,0.12254155293877854,68.3,0.20000000000000284
California State Teachers' Retirement System,7209,2016,241753000000.0,165553000000.0,76200000000.0,68.5,28640000000.0,8288518725.0,2342571364.0,3904950.0,180055588.0,13079788360.0,84000668.0,0.0,1.35,7.81,7.65,,,-2708849577.0,0.28940358676675976,68.5,0.0
California State Teachers' Retirement System,7209,2017,266704000000.0,169976000000.0,96728000000.0,63.7,30324000000.0,10092346814.0,25165180166.0,72004867.0,182367387.0,13787035428.0,115509160.0,68207822.0,13.44,6.32,10.05,7959025741.0,1307560741.0,21176412050.0,0.33281713540430025,68.5,-4.799999999999997
California State Teachers' Retirement System,7209,2018,286950000000.0,179689000000.0,107261000000.0,62.6,31961000000.0,11159579597.0,18673537347.0,105143760.0,216083134.0,14432809117.0,103885961.0,95927048.0,9.0,7.8,9.2,9576575797.0,1913241288.0,15089555444.0,0.3491624040862301,63.7,-1.1000000000000014
California State Teachers' Retirement System,7209,2019,297603000000.0,190451000000.0,107152000000.0,63.99,32613000000.0,14627331055.0,14897832602.0,127602578.0,253953020.0,15196086785.0,99892889.0,109580888.0,6.8,9.7,6.9,10790437591.0,-178191814.0,13993252653.0,0.44851228206543403,62.6,1.3900000000000006
California State Teachers' Retirement System,7209,2020,310719000000.0,205016000000.0,105703000000.0,65.98,33679000000.0,14261937502.0,10103077384.0,101423030.0,218867762.0,15921965514.0,102710996.0,101037963.0,3.9,6.5,6.8,10848901736.0,336683784.0,8121855681.0,0.42346677460732207,63.99,1.990000000000002
California State Teachers' Retirement System,7209,2021,322127000000.0,216252000000.0,105875000000.0,67.13,34617000000.0,13231625453.0,67038619835.0,90453993.0,251555965.0,16606579259.0,101549050.0,91306018.0,27.19,12.17,11.78,10244846617.0,769388668.0,63309708989.0,0.38222912017216976,65.98,1.1499999999999915
California State Teachers' Retirement System,7209,2022,332082000000.0,242363000000.0,89719000000.0,72.98,34668000000.0,14868845832.0,-7390288635.0,130194807.0,191116443.0,17414244763.0,112424452.0,128134241.0,-1.3,9.3,8.7,11058629182.0,265447062.0,-10237167895.0,0.4288925185185185,67.13,5.8500000000000085
California State Teachers' Retirement System,7209,2023,346089000000.0,257537000000.0,88552000000.0,74.41,37482000000.0,15770717881.0,19674901127.0,303053332.0,221678525.0,18244898759.0,138939591.0,280930291.0,6.3,10.1,8.2,10634049333.0,-823853225.0,16862225174.0,0.4207544389573662,72.98,1.4299999999999926
California State Teachers' Retirement System,7209,2024,359741000000.0,273155000000.0,86586000000.0,75.93,39370000000.0,17266129562.0,26173060081.0,391347846.0,203039867.0,19046224466.0,141856508.0,340250527.0,8.4,4.3,8.5,11399079802.0,-1123880685.0,24099166121.0,0.438560567995936,74.41,1.5200000000000102
University of California Retirement Plan,7211,2003,32954800000.0,41429300000.0,-8474500000.0,125.7,7733778000.0,7871504.0,1892384406.0,0.0,25613250.0,954886449.0,32664847.0,2083857.0,5.6,,2.8,,,885007507.0,0.0010178083725703013,,
University of California Retirement Plan,7211,2004,35034183000.0,41293050000.0,-6258867000.0,117.9,7835249203.0,7652953.0,4998665585.0,0.0,22986771.0,1064180822.0,57236075.0,1066282.0,14.3,,3.2,,,3860848588.0,0.0009767338347157865,125.7,-7.799999999999997
University of California Retirement Plan,7211,2005,37252384000.0,41084862000.0,-3832478000.0,110.3,8149640137.0,2389764.0,3982915629.0,0.0,20183963.0,1223649052.0,70559534.0,1073978.0,10.3,10.08,2.73,,,2669838866.0,0.0002932355244927056,117.9,-7.6000000000000085
University of California Retirement Plan,7211,2006,40301708000.0,41972476000.0,-1670768000.0,104.1,8258984862.0,1758449.0,2977661275.0,0.0,32882706.0,1369819719.0,70864635.0,1127727.0,7.1,10.54,5.34,,,1504724937.0,0.00021291345478676336,110.3,-6.200000000000003
University of California Retirement Plan,7211,2007,41436576000.0,43433936000.0,-1997360000.0,104.8,7612700000.0,25340155.0,7915940216.0,0.0,37800867.0,1624954666.0,89828880.0,1113400.0,18.83,11.93,11.14,,,6187582558.0,0.003328668540727994,104.1,0.7000000000000028
University of California Retirement Plan,7211,2008,41436576000.0,43433936000.0,-1997360000.0,104.8,8426633533.0,4047256.0,-2593789447.0,0.0,35357243.0,1791989158.0,96690225.0,1198472.0,-5.74,6.22,8.61,,,-4514977289.0,0.0004802933442103919,104.8,0.0
University of California Retirement Plan,7211,2009,42576822000.0,43840272000.0,-1263450000.0,103.0,8288553643.0,1753818.0,-7904903914.0,0.0,31020238.0,1750219745.0,78794689.0,1433666.0,-18.81,1.43,2.3,,,-9764618434.0,0.0002115951799963515,104.8,-1.7999999999999972
University of California Retirement Plan,7211,2010,45160525000.0,42798773000.0,2361752000.0,94.8,8739433283.0,171819336.0,4154297030.0,0.0,28659448.0,1901063059.0,76484930.0,3996904.0,12.72,-3.94,1.86,,,2315912025.0,0.019660237733518035,103.0,-8.200000000000003
University of California Retirement Plan,7211,2011,47504309000.0,41195318000.0,6308991000.0,86.7,8869265277.0,1821182112.0,7629727518.0,0.0,27012521.0,2042844378.0,78775912.0,4076842.0,22.45,3.87,4.65,,,7298199977.0,0.2053362995830934,94.8,-8.099999999999994
University of California Retirement Plan,7211,2012,51831000000.0,42757000000.0,9074000000.0,82.5,9542340029.0,2123879821.0,115863685.0,0.0,28761910.0,2179081055.0,93991392.0,4076843.0,0.37,11.48,1.17,,,-66167694.0,0.22257431767735636,86.7,-4.200000000000003
University of California Retirement Plan,7211,2013,54620000000.0,42965000000.0,11655000000.0,78.7,9867500354.0,1225697052.0,4833337417.0,0.0,33349000.0,2391299414.0,96069136.0,4077000.0,11.71,11.14,4.67,,,3534239919.0,0.12421555693211987,82.5,-3.799999999999997
University of California Retirement Plan,7211,2014,57380961000.0,43572353000.0,13808608000.0,75.9,10395901589.0,2158341906.0,8009980162.0,0.0,33564469.0,2578053786.0,109486525.0,4077000.0,17.42,9.6,12.69,,,7443140288.0,0.20761469195550694,78.7,-2.799999999999997
University of California Retirement Plan,7211,2015,60417177000.0,48327981000.0,12089196000.0,80.0,11086876030.0,3303057417.0,1991755428.0,2046854.0,48285699.0,2798547307.0,178445968.0,0.0,4.5,11.0,11.0,,,2271580725.0,0.2979249887941608,75.9,4.099999999999994
University of California Retirement Plan,7211,2016,65841255000.0,53762286000.0,12078969000.0,81.7,10196015000.0,3367718889.0,-1106425838.0,1771083.0,48339070.0,2969393333.0,136247825.0,0.0,-2.01,6.3,6.1,,,-890916094.0,0.3302975612530974,80.0,1.7000000000000028
University of California Retirement Plan,7211,2017,72965272000.0,61884530000.0,11080742000.0,84.8,12412591000.0,3448563000.0,7864809000.0,1472000.0,31001000.0,3180324000.0,140666000.0,13127000.0,14.5,5.4,9.0,2654710000.0,98134000.0,7949726000.0,0.27782781209821544,81.7,3.0999999999999943
University of California Retirement Plan,7211,2018,76881052000.0,66577372000.0,10303680000.0,86.6,12412591670.0,3446018000.0,4836404000.0,1148000.0,27300000.0,3434230000.0,153324000.0,9384000.0,7.8,6.5,8.2,2669169000.0,164295000.0,4659332000.0,0.2776227633692876,84.8,1.7999999999999972
University of California Retirement Plan,7211,2019,87782652000.0,70170196000.0,17612456000.0,79.94,12949903692.0,3365193000.0,4017801000.0,795000.0,48815000.0,3672050000.0,144384000.0,13169000.0,6.0,9.4,6.03,2742671000.0,334021000.0,3505371000.0,0.259862395894025,86.6,-6.659999999999997
University of California Retirement Plan,7211,2020,93088224000.0,73318652000.0,19769572000.0,78.76,13336334095.0,3463327000.0,1184524000.0,414000.0,59224000.0,3796420000.0,148579000.0,6765000.0,1.7,5.14,5.43,2516234000.0,72209000.0,637277000.0,0.2596910796722208,79.94,-1.1799999999999926
University of California Retirement Plan,7211,2021,97243831000.0,80812073000.0,16431758000.0,83.1,14205528073.0,3758997000.0,21439295000.0,0.0,64826000.0,4140861000.0,159049000.0,0.0,30.5,12.05,11.65,3523568000.0,818510000.0,20833556000.0,0.2646150836972127,78.76,4.339999999999989
University of California Retirement Plan,7211,2022,102715788000.0,85720233000.0,16995555000.0,83.45,14346555352.0,3998026000.0,-9765876000.0,0.0,84760000.0,4360269000.0,173892000.0,0.0,-10.8,5.7,6.2,3712774000.0,820153000.0,-10386771000.0,0.2786749782025307,83.1,0.3500000000000085
University of California Retirement Plan,7211,2023,110057241000.0,90044950000.0,20012291000.0,81.82,15179060333.0,3976571000.0,7696274000.0,0.0,76629000.0,4623429000.0,141025000.0,0.0,10.1,8.6,6.7,3814606000.0,1044132000.0,6831762000.0,0.2619774157794699,83.45,-1.6300000000000097
University of California Retirement Plan,7211,2024,116497210000.0,96053525000.0,20443685000.0,82.45,16694399736.0,4333837000.0,11387695000.0,0.0,102512000.0,4979117000.0,145122000.0,0.0,12.2,3.3,7.9,4221586000.0,1220517000.0,10494781000.0,0.2595982526196772,81.82,0.6300000000000097
Public Agency Retirement System Defined Benefit Plans,7215,2003,21661644.0,19603032.0,2058612.0,90.5,8504901.0,37820510.0,2498807.0,101327.0,3240612.0,30323875.0,241576.0,205999.0,,,,,,6408582.0,4.446907730025312,,
Public Agency Retirement System Defined Benefit Plans,7215,2004,24048035.0,13523252.0,10524783.0,56.2,8265983.0,72761910.0,1867078.0,130287.0,2879438.0,56866702.0,437174.0,1426760.0,,,,,,13149201.0,,90.5,-34.3
Public Agency Retirement System Defined Benefit Plans,7215,2005,24048035.0,13523252.0,10524783.0,56.2,8117507.0,100282455.0,2954374.0,4160.0,4781006.0,80362403.0,312720.0,55916.0,,,,,,17728944.0,,56.2,0.0
Public Agency Retirement System Defined Benefit Plans,7215,2006,18656442.0,15011387.0,3645055.0,80.5,8636568.0,96898989.0,4033438.0,11399.0,3732493.0,73938307.0,468163.0,11399.0,,,,,,22793464.0,,56.2,24.299999999999997
Public Agency Retirement System Defined Benefit Plans,7215,2007,18656442.0,15011387.0,3645055.0,80.5,294730188.0,88390183.0,10291804.0,808698.0,3395473.0,69318112.0,1940421.0,788517.0,,,,,,24048162.0,0.2999020344668596,80.5,0.0
Public Agency Retirement System Defined Benefit Plans,7215,2008,14035905.0,11404355.0,2631550.0,81.3,348085325.0,82289162.0,-2989365.0,18575.0,3764169.0,67561921.0,2453289.0,547100.0,,,,,,4991893.0,0.236405145778553,80.5,0.7999999999999972
Public Agency Retirement System Defined Benefit Plans,7215,2009,14035905.0,11404355.0,2631550.0,81.3,329636060.0,59772498.0,-11724504.0,43268789.0,2259220.0,42594890.0,1202918.0,5467175.0,0.0,0.0,0.0,,,39792580.0,0.18132875996637018,81.3,0.0
Public Agency Retirement System Defined Benefit Plans,7215,2010,9932341.0,7921195.0,2011146.0,79.8,644791846.0,36668135.0,14470222.0,0.0,1115773.0,27052476.0,459195.0,1152.0,,,,,,22509761.0,0.05686817416732655,81.3,-1.5
Public Agency Retirement System Defined Benefit Plans,7215,2011,9932341.0,7921195.0,2011146.0,79.8,315882065.0,57289459.0,29599324.0,52081.0,1450768.0,33343470.0,598959.0,2220466.0,0.0,0.0,0.0,,,49327201.0,0.18136344334712387,79.8,0.0
Public Agency Retirement System Defined Benefit Plans,7215,2012,14390329.0,8187714.0,6202615.0,56.9,316188679.0,42110461.0,7218704.0,36188.0,1288038.0,31084220.0,363143.0,1596905.0,,,,,,15033047.0,0.1331814318374125,79.8,-22.9
Public Agency Retirement System Defined Benefit Plans,7215,2013,14390329.0,8187714.0,6202615.0,56.9,323013214.0,50293843.0,22701088.0,12502960.0,1885060.0,42555081.0,954769.0,0.0,,,,,,40102981.0,0.1557021224524889,56.9,0.0
Public Agency Retirement System Defined Benefit Plans,7215,2014,13317088.0,6528126.0,6788962.0,49.0,363876609.0,43975785.0,36295266.0,0.0,1501568.0,35376207.0,0.0,0.0,,,,,,43393276.0,0.12085356385191552,56.9,-7.899999999999999
Public Agency Retirement System Defined Benefit Plans,7215,2015,13317088.0,6528126.0,6788962.0,49.0,330437723.0,54067170.0,8192027.0,0.0,1774837.0,45334488.0,0.0,191968.0,,,,,,14957904.0,0.1636228742563996,49.0,0.0
Public Agency Retirement System Defined Benefit Plans,7215,2016,17623694.0,4925628.0,12698066.0,27.9,292231720.0,40725067.0,2576789.0,0.0,1416595.0,35411124.0,0.0,23250.0,,,,,,6450887.0,0.1393588177217723,49.0,-21.1
Public Agency Retirement System Defined Benefit Plans,7215,2017,17623694.0,4925628.0,12698066.0,28.0,282682297.0,44566027.0,35520213.0,0.0,1231929.0,34663232.0,0.0,875305.0,,,,596978.0,0.0,43315774.0,0.15765411372753915,27.9,0.10000000000000142
Public Agency Retirement System Defined Benefit Plans,7215,2018,14545675.0,8255892.0,6289783.0,56.76,290413601.0,52689232.0,25264001.0,0.0,1200629.0,35404162.0,0.0,115911.0,,,,886002.0,0.0,41232531.0,0.18142825204663882,28.0,28.759999999999998
Public Agency Retirement System Defined Benefit Plans,7215,2019,14545675.0,8255892.0,6289783.0,56.76,255833394.0,41198018.0,24836561.0,44202.0,1081189.0,35918613.0,0.0,80248551.0,,,,886002.0,0.0,-51169572.0,0.16103455985890566,56.76,0.0
Public Agency Retirement System Defined Benefit Plans,7215,2020,14234951.0,7736360.0,6498591.0,54.35,246232118.0,46491085.0,14179453.0,0.0,1079220.0,32164697.0,0.0,40120.0,,,,420821.0,0.0,27386501.0,0.18880999512825536,56.76,-2.4099999999999966
Public Agency Retirement System Defined Benefit Plans,7215,2021,14234951.0,7736360.0,6498591.0,54.35,233244119.0,33699803.0,89396272.0,0.0,1127847.0,32649758.0,0.0,3510.0,,,,420821.0,0.0,89314960.0,0.14448296979354922,54.35,0.0
Public Agency Retirement System Defined Benefit Plans,7215,2022,11578287.0,7359758.0,4218529.0,63.57,225221474.0,45657972.0,-65520714.0,155291208.0,1555347.0,48158861.0,0.0,11386.0,,,,965099.0,0.0,85702872.0,0.20272477215027906,54.35,9.219999999999999
Public Agency Retirement System Defined Benefit Plans,7215,2023,11578287.0,7359758.0,4218529.0,63.57,194345866.0,47735258.0,40844438.0,0.0,1556341.0,49195817.0,0.0,2969461.0,,,,965099.0,0.0,34858077.0,0.24562013580468955,63.57,0.0
Public Agency Retirement System Defined Benefit Plans,7215,2024,11578287.0,7359785.0,4218502.0,63.57,164821953.0,55325038.0,65620548.0,450160.0,1724444.0,50263749.0,0.0,7609806.0,,,,965099.0,0.0,61797747.0,0.33566546805812936,63.57,0.0
City of Alameda Police and Fire Pension 1079 and 1082,7218,2003,33515000.0,0.0,33515000.0,0.0,0.0,4251978.0,0.0,0.0,23655.0,4231050.0,0.0,0.0,,,,,,-2727.0,,,
City of Alameda Police and Fire Pension 1079 and 1082,7218,2013,13642000.0,0.0,13642000.0,0.0,0.0,1918876.0,0.0,0.0,7096.0,1860528.0,0.0,0.0,,,,,,51252.0,,0.0,0.0
City of Alameda Police and Fire Pension 1079 and 1082,7218,2015,12732000.0,0.0,12732000.0,0.0,0.0,1908050.0,0.0,0.0,6096.0,1841690.0,0.0,0.0,0.0,0.0,0.0,,,60264.0,,0.0,0.0
City of Alameda Police and Fire Pension 1079 and 1082,7218,2016,12732000.0,0.0,12732000.0,0.0,1729502.0,1893996.0,2762.0,0.0,12875.0,1729502.0,0.0,0.0,0.0,0.0,0.0,,,154381.0,1.0951106156569925,0.0,0.0
City of Albany Police and Fire Relief Pension Fund,7219,2003,14950360.0,14415847.0,534513.0,96.4,32055.0,1256946.0,857899.0,0.0,24294.0,1215833.0,0.0,7200.0,,,,,,867518.0,,,
City of Albany Police and Fire Relief Pension Fund,7219,2004,14950360.0,14415847.0,534513.0,96.4,0.0,534513.0,1413462.0,0.0,19491.0,1261307.0,0.0,7500.0,,,,,,659677.0,,96.4,0.0
City of Albany Police and Fire Relief Pension Fund,7219,2005,14950360.0,14415847.0,534513.0,96.4,0.0,0.0,1185484.0,0.0,19760.0,1289017.0,0.0,4238.0,9.4,9.4,10.4,,,-127531.0,,96.4,0.0
City of Albany Police and Fire Relief Pension Fund,7219,2006,14075219.0,14479158.0,-403939.0,102.9,0.0,0.0,943065.0,0.0,19979.0,1233644.0,0.0,4484.0,7.6,9.5,8.4,,,-315042.0,,96.4,6.5
City of Albany Police and Fire Relief Pension Fund,7219,2007,14075219.0,14479158.0,-403939.0,102.9,0.0,0.0,1648737.0,0.0,20764.0,1274936.0,0.0,9100.0,12.9,9.9,9.7,,,343937.0,,102.9,0.0
City of Albany Police and Fire Relief Pension Fund,7219,2008,12258000.0,10939000.0,1319000.0,89.2,0.0,0.0,-1133147.0,0.0,21462.0,1319843.0,0.0,4800.0,-8.74,5.58,10.72,,,-2479252.0,,102.9,-13.700000000000003
City of Albany Police and Fire Relief Pension Fund,7219,2009,14570549.0,12684186.0,1886363.0,87.1,0.0,0.0,-1008430.0,0.0,22363.0,1343966.0,0.0,4350.0,-17.41,-4.77,2.1,,,-2379109.0,,89.2,-2.1000000000000085
City of Albany Police and Fire Relief Pension Fund,7219,2010,14570549.0,12684186.0,1886363.0,87.1,0.0,300000.0,1411203.0,0.0,22412.0,1397580.0,0.0,47.0,7.62,0.66,3.88,,,291164.0,,87.1,0.0
City of Albany Police and Fire Relief Pension Fund,7219,2011,14570549.0,12684186.0,1886363.0,87.1,0.0,300000.0,1719280.0,0.0,9408.0,1416172.0,0.0,30.0,12.45,4.27,3.3,,,593670.0,,87.1,0.0
City of Albany Police and Fire Relief Pension Fund,7219,2012,12710552.0,11922744.0,787808.0,93.8,0.0,300000.0,-6307.0,0.0,0.0,1415881.0,0.0,0.0,12.67,9.52,2.95,,,-1122188.0,,87.1,6.700000000000003
City of Albany Police and Fire Relief Pension Fund,7219,2013,12710552.0,11922744.0,787808.0,93.8,0.0,82401.0,1078047.0,0.0,0.0,1365105.0,0.0,65.0,13.06,10.5,8.51,,,-204722.0,,93.8,0.0
City of Albany Police and Fire Relief Pension Fund,7219,2014,12493334.0,9577360.0,2915974.0,76.7,0.0,82401.0,1287598.0,0.0,0.0,1384481.0,0.0,0.0,15.57,13.77,12.27,,,-14482.0,,93.8,-17.099999999999994
City of Albany Police and Fire Relief Pension Fund,7219,2015,13597656.0,8298142.0,5299514.0,61.0,1411164.0,0.0,131937.0,44.0,36.0,1411164.0,0.0,0.0,2.22,10.28,11.19,,,-1279219.0,0.0,76.7,-15.700000000000003
City of Albany Police and Fire Relief Pension Fund,7219,2016,13597656.0,8298142.0,5299514.0,61.0,1351708.0,0.0,-116093.0,0.0,0.0,1351708.0,0.0,0.0,-1.35,5.48,8.43,,,-1467801.0,0.0,61.0,0.0
City of Albany Police and Fire Relief Pension Fund,7219,2017,13058273.0,6666348.0,6391925.0,51.1,0.0,218723.0,571648.0,1134.0,27168.0,1283577.0,0.0,0.0,,,,218723.0,0.0,-519240.0,,61.0,-9.899999999999999
City of Albany Police and Fire Relief Pension Fund,7219,2018,13058273.0,6666348.0,6391925.0,51.1,0.0,218723.0,313712.0,0.0,101709.0,1279564.0,0.0,0.0,,,,218723.0,0.0,-848838.0,,51.1,0.0
City of Albany Police and Fire Relief Pension Fund,7219,2019,13382986.0,5383567.0,7999419.0,40.23,0.0,218723.0,132347.0,0.0,17578.0,1257130.0,0.0,0.0,,,,218723.0,0.0,-923638.0,,51.1,-10.870000000000005
City of Albany Police and Fire Relief Pension Fund,7219,2020,14218991.0,3703012.0,10515979.0,26.04,0.0,218723.0,-123435.0,0.0,0.0,1279094.0,0.0,0.0,,,,218723.0,0.0,-1183806.0,,40.23,-14.189999999999998
City of Albany Police and Fire Relief Pension Fund,7219,2021,13860551.0,4078344.0,9782207.0,29.42,0.0,847799.0,820084.0,0.0,10000.0,1274381.0,0.0,138.0,,,,847799.0,0.0,383364.0,,26.04,3.3800000000000026
City of Albany Police and Fire Relief Pension Fund,7219,2022,13860551.0,4078344.0,9782207.0,29.42,0.0,500000.0,-318552.0,0.0,10000.0,1184209.0,0.0,115.0,,,,1038051.0,538051.0,-1012876.0,,29.42,0.0
City of Albany Police and Fire Relief Pension Fund,7219,2023,11043324.0,3065468.0,7977856.0,27.76,0.0,500000.0,161929.0,0.0,0.0,1002143.0,0.0,1221.0,,,,1038051.0,538051.0,-341435.0,,29.42,-1.6600000000000001
City of Albany Police and Fire Relief Pension Fund,7219,2024,9768554.0,2599073.0,7169481.0,26.61,0.0,500000.0,243536.0,0.0,0.0,915195.0,0.0,2923.0,,,,1023773.0,523773.0,-174582.0,,27.76,-1.1500000000000021
City of Berkeley Safety Members' Pension Fund,7220,2004,12973380.0,5803177.0,7170203.0,44.7,0.0,2264400.0,0.0,0.0,0.0,2258400.0,0.0,6000.0,,,,,,0.0,,,
City of Berkeley Safety Members' Pension Fund,7220,2005,11458099.0,5137982.0,6320117.0,44.8,0.0,2101582.0,0.0,0.0,0.0,2093582.0,0.0,8000.0,,,,,,0.0,,44.7,0.09999999999999432
City of Berkeley Safety Members' Pension Fund,7220,2006,10509882.0,4540267.0,5969615.0,43.2,0.0,1985001.0,0.0,0.0,0.0,1979501.0,0.0,5500.0,,,,,,0.0,,44.8,-1.5999999999999943
City of Berkeley Safety Members' Pension Fund,7220,2007,8748286.0,3994201.0,4754085.0,45.7,0.0,889236.0,380934.0,0.0,7500.0,1808736.0,0.0,0.0,,,,,,-546066.0,,43.2,2.5
City of Berkeley Safety Members' Pension Fund,7220,2008,8153217.0,3496713.0,4656504.0,42.9,0.0,951940.0,334521.0,0.0,5600.0,1778340.0,0.0,0.0,,,,,,-497479.0,,45.7,-2.8000000000000043
City of Berkeley Safety Members' Pension Fund,7220,2009,7611896.0,3042685.0,4569211.0,40.0,0.0,990809.0,291339.0,0.0,7600.0,1728586.0,0.0,0.0,0.0,0.0,0.0,,,-454038.0,,42.9,-2.8999999999999986
City of Berkeley Safety Members' Pension Fund,7220,2010,6895254.0,2630250.0,4265004.0,38.1,1660658.0,1001391.0,252687.0,0.0,5900.0,1660658.0,0.0,0.0,0.0,0.0,0.0,,,-412480.0,0.6030085664838877,40.0,-1.8999999999999986
City of Berkeley Safety Members' Pension Fund,7220,2011,5912070.0,2251156.0,3660914.0,38.1,0.0,958837.0,216951.0,0.0,8000.0,1546837.0,0.0,0.0,0.0,0.0,0.0,,,-379049.0,,38.1,0.0
City of Berkeley Safety Members' Pension Fund,7220,2012,5912070.0,2251156.0,3660914.0,38.1,1332600.0,799800.0,184102.0,0.0,6200.0,1332600.0,0.0,0.0,,,,,,-354898.0,0.60018009905448,38.1,0.0
City of Berkeley Safety Members' Pension Fund,7220,2013,6095041.0,1896258.0,4198783.0,31.1,1158601.0,683401.0,152737.0,0.0,8800.0,1158601.0,0.0,0.0,0.0,0.0,0.0,,,-331263.0,0.5898501727514477,38.1,-7.0
City of Berkeley Safety Members' Pension Fund,7220,2014,4828175.0,1254005.0,3574170.0,26.0,0.0,568620.0,124010.0,0.0,0.0,1003620.0,0.0,0.0,,,,,,-310990.0,,31.1,-5.100000000000001
City of Berkeley Safety Members' Pension Fund,7220,2015,4828175.0,1254005.0,3574170.0,26.0,1001955.0,604755.0,96508.0,0.0,17650.0,984305.0,0.0,0.0,,,,,,-300692.0,0.6035750108537808,26.0,0.0
City of Berkeley Safety Members' Pension Fund,7220,2016,3764006.0,662934.0,3101072.0,17.6,0.0,499554.0,69713.0,0.0,0.0,859645.0,0.0,0.0,,,,,,-290378.0,,26.0,-8.399999999999999
City of Berkeley Safety Members' Pension Fund,7220,2017,3235387.0,377244.0,2858143.0,11.7,0.0,513317.0,43310.0,0.0,10113.0,832204.0,0.0,0.0,,,,0.0,0.0,-285690.0,,17.6,-5.900000000000002
City of Berkeley Safety Members' Pension Fund,7220,2018,2485191.0,96934.0,2388257.0,3.9,0.0,454108.0,17690.0,0.0,0.0,752108.0,0.0,0.0,,,,,,-280310.0,,11.7,-7.799999999999999
City of Emeryville Pension Plan,7221,2003,527000.0,510260.0,16740.0,96.8,0.0,0.0,19384.0,0.0,0.0,67135.0,0.0,0.0,,,,,,-47751.0,,,
City of Emeryville Pension Plan,7221,2004,527000.0,452731.0,74269.0,85.9,0.0,0.0,13348.0,0.0,2400.0,68478.0,0.0,0.0,,,,,,-57530.0,,96.8,-10.899999999999991
City of Emeryville Pension Plan,7221,2005,527000.0,452731.0,74269.0,85.9,0.0,0.0,13232.0,0.0,0.0,68851.0,0.0,0.0,,,,,,-55619.0,,85.9,0.0
City of Emeryville Pension Plan,7221,2006,561000.0,342116.0,218884.0,61.0,0.0,0.0,13242.0,0.0,0.0,68237.0,0.0,0.0,,,,,,-54995.0,,85.9,-24.900000000000006
City of Emeryville Pension Plan,7221,2007,561000.0,342116.0,218884.0,61.0,0.0,0.0,12250.0,0.0,2600.0,69602.0,0.0,0.0,,,,,,-59952.0,,61.0,0.0
City of Emeryville Pension Plan,7221,2008,561000.0,222041.0,338959.0,39.6,70994.0,0.0,10871.0,0.0,0.0,70994.0,0.0,0.0,,,,,,-60123.0,0.0,61.0,-21.4
City of Emeryville Pension Plan,7221,2009,512000.0,156132.0,355868.0,30.5,72413.0,0.0,6504.0,0.0,0.0,72413.0,0.0,0.0,,,,,,-65909.0,0.0,39.6,-9.100000000000001
City of Emeryville Pension Plan,7221,2010,512000.0,156132.0,355868.0,30.5,0.0,0.0,1977.0,0.0,0.0,70414.0,0.0,0.0,,,,,,-68437.0,,30.5,0.0
City of Emeryville Pension Plan,7221,2011,512000.0,156132.0,355868.0,30.5,0.0,400000.0,2570.0,0.0,0.0,54517.0,0.0,0.0,,,,,,348053.0,,30.5,0.0
City of Emeryville Pension Plan,7221,2012,512000.0,410368.0,101632.0,80.2,29738.0,0.0,4358.0,0.0,0.0,29738.0,0.0,0.0,,,,,,-25380.0,0.0,30.5,49.7
City of Emeryville Pension Plan,7221,2013,192000.0,382862.0,-190862.0,199.4,0.0,0.0,2458.0,0.0,0.0,29964.0,0.0,0.0,,,,,,-27506.0,,80.2,119.2
City of Emeryville Pension Plan,7221,2014,185940.0,353163.0,-167223.0,189.9,0.0,0.0,2314.0,0.0,0.0,32013.0,0.0,0.0,,,,,,-29699.0,,199.4,-9.5
City of Emeryville Pension Plan,7221,2015,185940.0,325435.0,-139495.0,175.0,27528.0,0.0,1800.0,0.0,0.0,29528.0,0.0,0.0,,,,,,-27728.0,0.0,189.9,-14.900000000000006
City of Emeryville Pension Plan,7221,2016,185940.0,304561.0,-118621.0,163.8,22855.0,0.0,1981.0,0.0,0.0,22855.0,0.0,0.0,,,,,,-20874.0,0.0,175.0,-11.199999999999989
City of Emeryville Pension Plan,7221,2017,185940.0,283451.0,-97511.0,152.4,0.0,0.0,2220.0,0.0,0.0,23330.0,0.0,0.0,,,,,0.0,-21110.0,,163.8,-11.400000000000006
City of Oakland Fire and Police Retirement System,7222,2003,877064000.0,674693000.0,202371000.0,76.9,5620307.0,155004.0,25370202.0,1314.0,695020.0,67410572.0,0.0,15004000.0,,,,,,-57583072.0,0.027579276363373033,,
City of Oakland Fire and Police Retirement System,7222,2004,890768000.0,615105000.0,275663000.0,69.1,400000.0,21581.0,77858806.0,0.0,888652.0,70333903.0,180036.0,0.0,12.7,5.1,4.7,,,6477796.0,0.0539525,76.9,-7.800000000000011
City of Oakland Fire and Police Retirement System,7222,2005,890309000.0,621583000.0,268726000.0,69.8,5894707.0,17734124.0,47239577.0,37831.0,735806.0,70960842.0,0.0,0.0,8.3,8.8,4.6,,,-6685116.0,3.008482694729356,69.1,0.7000000000000028
City of Oakland Fire and Police Retirement System,7222,2006,883609000.0,614898000.0,268711000.0,69.6,300000.0,25452.0,42305447.0,0.0,772651.0,71351523.0,0.0,0.0,7.4,9.5,6.2,,,-29793275.0,0.08484,69.8,-0.20000000000000284
City of Oakland Fire and Police Retirement System,7222,2007,883609000.0,614898000.0,268711000.0,69.6,367191.0,17505.0,76194266.0,0.0,818738.0,71404196.0,0.0,0.0,14.4,10.0,9.6,,,3988837.0,0.04767273707688914,69.6,0.0
City of Oakland Fire and Police Retirement System,7222,2008,888136.0,566040.0,322096.0,63.7,163359.0,13796.0,-32679927.0,124979.0,729966.0,74979998.0,0.0,0.0,,,,,,-108251116.0,0.08445203508836367,69.6,-5.8999999999999915
City of Oakland Fire and Police Retirement System,7222,2009,782457000.0,347182000.0,435275000.0,44.4,100000.0,7256.0,-91791021.0,96924.0,876764.0,72658263.0,0.0,0.0,-18.2,-4.2,0.5,,,-165221868.0,0.07256,63.7,-19.300000000000004
City of Oakland Fire and Police Retirement System,7222,2010,792202000.0,297829000.0,494373000.0,37.6,100000.0,7080.0,43649012.0,0.0,831712.0,69757607.0,0.0,0.0,15.0,-4.0,1.7,,,-26933227.0,0.0708,44.4,-6.799999999999997
City of Oakland Fire and Police Retirement System,7222,2011,792202000.0,297829000.0,494373000.0,37.6,144045000.0,6677.0,63697945.0,182542.0,844973.0,66846953.0,0.0,0.0,24.5,5.4,4.7,,,-3804762.0,4.635357006491027e-05,37.6,0.0
City of Oakland Fire and Police Retirement System,7222,2012,683162000.0,256394000.0,426768000.0,37.5,144045000.0,45514701.0,2116605.0,216571.0,983603.0,63272069.0,0.0,0.0,1.6,13.3,2.3,,,-16407795.0,0.31597557013433303,37.6,-0.10000000000000142
City of Oakland Fire and Police Retirement System,7222,2013,658279000.0,257221000.0,401058000.0,39.1,129176000.0,210007042.0,37172276.0,173693.0,683773.0,59547296.0,0.0,0.0,9.0,11.3,5.4,,,187121942.0,1.62574349724407,37.5,1.6000000000000014
City of Oakland Fire and Police Retirement System,7222,2014,655399000.0,440383000.0,215016000.0,67.2,0.0,4441.0,66000085.0,392324.0,776112.0,57409113.0,0.0,0.0,16.5,8.9,13.1,,,8211625.0,,39.1,28.1
City of Oakland Fire and Police Retirement System,7222,2015,651053000.0,420890000.0,230163000.0,64.6,0.0,0.0,15061144.0,377442.0,985227.0,59007536.0,0.0,0.0,4.0,9.7,10.8,,,-44554177.0,,67.2,-2.6000000000000085
City of Oakland Fire and Police Retirement System,7222,2016,642110000.0,394573000.0,247537000.0,61.4,0.0,0.0,-1418645.0,3593096.0,1307569.0,58441353.0,0.0,68180.0,-0.3,6.5,6.0,,,-57642651.0,,64.6,-3.1999999999999957
City of Oakland Fire and Police Retirement System,7222,2017,672916.0,363550.0,309366.0,54.0,0.0,0.0,50158795.0,70282.0,1250620.0,57375815.0,0.0,11021.0,15.6,6.2,8.8,,0.0,-8408379.0,,61.4,-7.399999999999999
City of Oakland Fire and Police Retirement System,7222,2018,673441.0,333373.0,340068.0,49.5,0.0,44860000.0,35435113.0,20307.0,1490486.0,55998595.0,0.0,52926.0,10.5,8.4,9.0,44860000.0,0.0,22773413.0,,54.0,-4.5
City of Oakland Fire and Police Retirement System,7222,2019,647251000.0,347467000.0,299784000.0,53.68,0.0,44821000.0,21551868.0,19949.0,1446361.0,56212013.0,0.0,0.0,6.2,10.7,7.0,44821000.0,0.0,8734443.0,,49.5,4.18
City of Oakland Fire and Police Retirement System,7222,2020,622836.0,361037.0,261799.0,57.97,0.0,43409000.0,6996833.0,132.0,1522910.0,54619079.0,0.0,0.0,2.3,6.3,6.7,43409000.0,0.0,-5736024.0,,53.68,4.289999999999999
City of Oakland Fire and Police Retirement System,7222,2021,597014.0,371467.0,225547.0,62.22,0.0,43648000.0,90191309.0,908.0,1584654.0,52697378.0,0.0,0.0,24.2,10.5,11.5,43648000.0,0.0,79558185.0,,57.97,4.25
City of Oakland Fire and Police Retirement System,7222,2022,571942.0,412680.0,159262.0,72.15,0.0,43820000.0,-47954760.0,0.0,1460653.0,51450001.0,0.0,0.0,-10.4,4.4,5.9,43820000.0,0.0,-57045414.0,,62.22,9.930000000000007
City of Oakland Fire and Police Retirement System,7222,2023,552966.0,422762.0,130204.0,76.45,0.0,32712000.0,34407789.0,0.0,1626390.0,50850416.0,0.0,0.0,8.8,6.6,5.6,32712000.0,0.0,14642983.0,,72.15,4.299999999999997
City of Oakland Fire and Police Retirement System,7222,2024,522457000.0,425449000.0,97008000.0,81.43,0.0,40763000.0,44912172.0,0.0,1696205.0,50101642.0,0.0,0.0,,,,40763000.0,0.0,33877325.0,,76.45,4.980000000000004
City of Oakland Municipal Employees' Retirement System,7223,2003,7802585.0,13402620.0,-5600035.0,171.8,127100.0,6774.0,-54246.0,12489.0,278932.0,1119573.0,0.0,-1515670.0,,,,,,82182.0,0.053296616837136115,,
City of Oakland Municipal Employees' Retirement System,7223,2004,6713749.0,11668132.0,-4954383.0,173.8,0.0,6857.0,1578314.0,0.0,352875.0,1042544.0,0.0,971616.0,16.86,3.2,4.04,,,-781864.0,,171.8,2.0
City of Oakland Municipal Employees' Retirement System,7223,2005,6713749.0,11668132.0,-4954383.0,173.8,0.0,0.0,1478644.0,0.0,199946.0,1047746.0,0.0,-305724.0,16.1,11.09,6.6,,,536676.0,,173.8,0.0
City of Oakland Municipal Employees' Retirement System,7223,2006,5276963.0,10594836.0,-5317873.0,200.8,0.0,0.0,226352.0,0.0,307626.0,966746.0,0.0,-286873.0,2.6,11.0,,,,-761147.0,,173.8,27.0
City of Oakland Municipal Employees' Retirement System,7223,2007,5276963.0,10594836.0,-5317873.0,200.8,0.0,0.0,1086317.0,0.0,344917.0,917630.0,0.0,547684.0,13.5,10.6,,,,-723914.0,,200.8,0.0
City of Oakland Municipal Employees' Retirement System,7223,2008,7516000.0,9371000.0,-1855000.0,124.7,0.0,0.0,-787169.0,0.0,323644.0,806340.0,0.0,-4205537.0,,,,,,2288384.0,,200.8,-76.10000000000001
City of Oakland Municipal Employees' Retirement System,7223,2009,7516000.0,9371000.0,-1855000.0,124.7,0.0,0.0,-1429406.0,0.0,286686.0,684807.0,0.0,0.0,-19.8,-6.1,-0.3,,,-2400899.0,,124.7,0.0
City of Oakland Municipal Employees' Retirement System,7223,2010,5471000.0,4728000.0,743000.0,86.4,0.0,0.0,706489.0,0.0,377336.0,581904.0,0.0,0.0,14.9,-5.7,-0.5,,,-252751.0,,124.7,-38.3
City of Oakland Municipal Employees' Retirement System,7223,2011,5471000.0,4728000.0,743000.0,86.4,0.0,0.0,919015.0,6022.0,265785.0,514153.0,0.0,0.0,21.9,3.9,3.0,,,145099.0,,86.4,0.0
City of Oakland Municipal Employees' Retirement System,7223,2012,5471000.0,4728000.0,743000.0,86.4,0.0,0.0,215459.0,0.0,205393.0,435003.0,0.0,0.0,5.9,14.1,1.6,,,-424937.0,,86.4,0.0
City of Oakland Municipal Employees' Retirement System,7223,2013,3630000.0,4448000.0,-818000.0,122.5,0.0,0.0,579635.0,569.0,209583.0,373871.0,0.0,0.0,14.7,14.0,6.4,,,-3250.0,,86.4,36.099999999999994
City of Oakland Municipal Employees' Retirement System,7223,2014,2824000.0,4774000.0,-1950000.0,169.1,0.0,0.0,779147.0,60978.0,213031.0,309855.0,0.0,0.0,18.9,13.0,15.1,,,317239.0,,122.5,46.599999999999994
City of Oakland Municipal Employees' Retirement System,7223,2015,2824000.0,4774000.0,-1950000.0,169.1,0.0,0.0,165638.0,0.0,210063.0,192645.0,0.0,4525341.0,0.0,0.0,0.0,,,-4762411.0,,169.1,0.0
City of Piedmont Police and Fire Pension Plan,7224,2003,3465803.0,5471671.0,-2005868.0,157.9,0.0,0.0,600484.0,0.0,60410.0,341012.0,0.0,0.0,,,,,,199062.0,,,
City of Piedmont Police and Fire Pension Plan,7224,2004,3309757.0,6076182.0,-2766425.0,183.6,0.0,0.0,1453211.0,0.0,69884.0,332401.0,0.0,3175.0,,,,,,1047751.0,,157.9,25.69999999999999
City of Piedmont Police and Fire Pension Plan,7224,2005,3309757.0,6076182.0,-2766425.0,183.6,0.0,0.0,1183310.0,0.0,0.0,322125.0,0.0,0.0,,,,,,861185.0,,183.6,0.0
City of Piedmont Police and Fire Pension Plan,7224,2006,3309757.0,6076182.0,-2766425.0,183.6,0.0,0.0,662852.0,0.0,0.0,324954.0,0.0,0.0,,,,,,337898.0,,183.6,0.0
City of Piedmont Police and Fire Pension Plan,7224,2007,3137361.0,7132339.0,-3994978.0,227.3,0.0,0.0,1542919.0,0.0,3821.0,326457.0,0.0,0.0,,,,,,1212641.0,,183.6,43.70000000000002
City of Piedmont Police and Fire Pension Plan,7224,2008,3137361.0,7132339.0,-3994978.0,227.3,0.0,0.0,-436616.0,0.0,0.0,330478.0,0.0,0.0,,,,,,-767094.0,,227.3,0.0
City of Piedmont Police and Fire Pension Plan,7224,2009,3137361.0,7132339.0,-3994978.0,227.3,0.0,0.0,-871417.0,0.0,0.0,330848.0,0.0,0.0,,,,,,-1202265.0,,227.3,0.0
City of Piedmont Police and Fire Pension Plan,7224,2010,2864314.0,8285972.0,-5421658.0,289.3,0.0,0.0,982365.0,0.0,0.0,331833.0,0.0,0.0,,,,,,650532.0,,227.3,62.0
City of Piedmont Police and Fire Pension Plan,7224,2011,2864314.0,8285972.0,-5421658.0,289.3,0.0,0.0,1466665.0,0.0,0.0,278868.0,0.0,0.0,,,,,,1187797.0,,289.3,0.0
City of Piedmont Police and Fire Pension Plan,7224,2012,2864314.0,8285972.0,-5421658.0,289.3,0.0,0.0,-176566.0,0.0,0.0,273636.0,0.0,0.0,,,,,,-450202.0,,289.3,0.0
City of El Cerrito Employees' Pension Trust Fund,7225,2003,2053000.0,148085.0,1904915.0,7.2,0.0,266664.0,-23421.0,0.0,687.0,287605.0,0.0,0.0,,,,,,-45049.0,,,
City of El Cerrito Employees' Pension Trust Fund,7225,2004,1502924.0,6036.0,1496888.0,0.4,0.0,205640.0,2606.0,0.0,206.0,260766.0,0.0,0.0,,,,,,-52726.0,,7.2,-6.8
City of El Cerrito Employees' Pension Trust Fund,7225,2005,1502924.0,6036.0,1496888.0,0.4,0.0,230376.0,104.0,0.0,1440.0,235076.0,0.0,0.0,,,,,,-6036.0,,0.4,0.0
City of El Cerrito Employees' Pension Trust Fund,7225,2006,1502924.0,6036.0,1496888.0,0.4,0.0,215841.0,0.0,0.0,0.0,215841.0,0.0,0.0,,,,,,0.0,,0.4,0.0
City of El Cerrito Employees' Pension Trust Fund,7225,2008,1282150.0,0.0,1282150.0,0.0,0.0,184919.0,0.0,0.0,3232.0,181687.0,0.0,0.0,,,,,,0.0,,0.4,-0.4
City of El Cerrito Employees' Pension Trust Fund,7225,2009,1282150.0,0.0,1282150.0,0.0,0.0,145166.0,0.0,0.0,1775.0,143391.0,0.0,0.0,0.0,0.0,0.0,,,0.0,,0.0,0.0
City of Pittsburg Miscellaneous Employees' Retirement System 1962,7226,2004,65590.0,31938.0,33652.0,48.7,0.0,0.0,514.0,0.0,0.0,12530.0,0.0,216.0,,,,,,-12232.0,,,
City of Pittsburg Miscellaneous Employees' Retirement System 1962,7226,2005,65590.0,31938.0,33652.0,48.7,0.0,0.0,587.0,0.0,0.0,12529.0,0.0,255.0,,,,,,-12197.0,,48.7,0.0
City of Pittsburg Miscellaneous Employees' Retirement System 1962,7226,2006,65590.0,31938.0,33652.0,48.7,0.0,0.0,737.0,0.0,0.0,12530.0,0.0,136.0,,,,,,-11929.0,,48.7,0.0
City of Pittsburg Miscellaneous Employees' Retirement System 1962,7226,2007,40592.0,28802.0,11790.0,71.0,0.0,0.0,0.0,33652.0,0.0,12530.0,0.0,132.0,,,,,,20990.0,,48.7,22.299999999999997
City of Pittsburg Miscellaneous Employees' Retirement System 1962,7226,2008,40592.0,28802.0,11790.0,71.0,0.0,0.0,0.0,11790.0,0.0,5274.0,0.0,8.0,,,,,,6508.0,,71.0,0.0
City of Pittsburg Miscellaneous Employees' Retirement System 1962,7226,2009,40592.0,28802.0,11790.0,71.0,0.0,0.0,0.0,0.0,0.0,5274.0,0.0,73.0,0.0,0.0,0.0,,,-5347.0,,71.0,0.0
City of Pittsburg Miscellaneous Employees' Retirement System 1962,7226,2010,40592.0,28802.0,11790.0,71.0,0.0,0.0,0.0,0.0,0.0,5274.0,0.0,91.0,,,,,,-5365.0,,71.0,0.0
City of Pittsburg Miscellaneous Employees' Retirement System 1962,7226,2011,18249.0,19324.0,-1075.0,105.9,0.0,0.0,0.0,0.0,0.0,5274.0,0.0,0.0,,,,,,-5274.0,,71.0,34.900000000000006
City of Pittsburg Miscellaneous Employees' Retirement System 1962,7226,2012,18249.0,19324.0,-1075.0,105.9,0.0,0.0,0.0,0.0,0.0,5274.0,0.0,0.0,,,,,,-5274.0,,105.9,0.0
City of Pittsburg Miscellaneous Employees' Retirement System 1962,7226,2013,18249.0,19324.0,-1075.0,105.9,0.0,0.0,0.0,0.0,0.0,5274.0,0.0,0.0,0.0,0.0,0.0,,,-5274.0,,105.9,0.0
City of Pittsburg Miscellaneous Employees' Retirement System 1962,7226,2014,15768.0,3502.0,12266.0,22.2,0.0,0.0,0.0,0.0,0.0,5274.0,0.0,0.0,0.0,0.0,0.0,,,-5274.0,,105.9,-83.7
City of Pittsburg Miscellaneous Employees' Retirement System 1962,7226,2015,15768.0,3502.0,12266.0,22.2,0.0,1772.0,0.0,0.0,0.0,5274.0,0.0,0.0,0.0,0.0,0.0,,,-3502.0,,22.2,0.0
City of Pittsburg Miscellaneous Employees' Retirement System 1962,7226,2016,15768.0,3502.0,12266.0,22.2,0.0,5274.0,0.0,0.0,0.0,5274.0,0.0,0.0,0.0,0.0,0.0,,,0.0,,22.2,0.0
City of Pittsburg Miscellaneous Employees' Retirement System 1962,7226,2017,15768.0,3502.0,12266.0,22.2,0.0,,,,,,,,,,,3077.0,0.0,0.0,,22.2,0.0
City of Richmond General Pension Plan,7227,2003,6246070.0,2145405.0,4100665.0,34.3,756402.0,756401.0,-117752.0,0.0,0.0,1111680.0,0.0,0.0,,,,,,-473031.0,0.9999986779516712,,
City of Richmond General Pension Plan,7227,2004,6331911.0,1663342.0,4668569.0,26.3,0.0,1153736.0,134062.0,0.0,0.0,718189.0,0.0,0.0,,,,,,569609.0,,34.3,-7.9999999999999964
City of Richmond General Pension Plan,7227,2005,5614489.0,3141392.0,2473097.0,56.0,0.0,946476.0,14509.0,0.0,3888.0,695599.0,0.0,0.0,,,,,,261498.0,,26.3,29.7
City of Richmond General Pension Plan,7227,2006,5614489.0,3141392.0,2473097.0,56.0,0.0,238264.0,106728.0,0.0,1063.0,704550.0,0.0,0.0,,,,,,-360621.0,,56.0,0.0
City of Richmond General Pension Plan,7227,2007,5614489.0,3141392.0,2473097.0,56.0,0.0,238264.0,109365.0,0.0,83.0,708846.0,0.0,0.0,,,,,,-361300.0,,56.0,0.0
City of Richmond General Pension Plan,7227,2008,5242136.0,2416881.0,2825255.0,46.1,0.0,307948.0,98776.0,0.0,86.0,709193.0,0.0,0.0,,,,,,-302555.0,,56.0,-9.899999999999999
City of Richmond General Pension Plan,7227,2009,5242136.0,2416881.0,2825255.0,46.1,0.0,307948.0,76730.0,0.0,0.0,728794.0,0.0,0.0,,,,,,-344116.0,,46.1,0.0
City of Richmond General Pension Plan,7227,2010,5916052.0,1770210.0,4145842.0,29.9,0.0,486092.0,41170.0,0.0,0.0,757310.0,0.0,0.0,,,,,,-230048.0,,46.1,-16.200000000000003
City of Richmond General Pension Plan,7227,2011,4699140.0,1387026.0,3312114.0,29.5,0.0,486092.0,23959.0,0.0,0.0,663187.0,0.0,0.0,,,,,,-153136.0,,29.9,-0.3999999999999986
City of Richmond General Pension Plan,7227,2012,4699140.0,1387026.0,3312114.0,29.5,0.0,148186.0,12131.0,0.0,0.0,592853.0,0.0,0.0,,,,,,-432536.0,,29.5,0.0
City of Richmond General Pension Plan,7227,2013,4219909.0,1033168.0,3186741.0,24.5,0.0,660992.0,5441.0,0.0,0.0,587755.0,0.0,0.0,,,,,,78678.0,,29.5,-5.0
City of Richmond General Pension Plan,7227,2014,3775051.0,1043196.0,2731855.0,27.6,0.0,602970.0,-837.0,0.0,0.0,592105.0,0.0,0.0,,,,,,10028.0,,24.5,3.1000000000000014
City of Richmond General Pension Plan,7227,2015,3899557.0,2923920.0,975637.0,75.0,0.0,602970.0,2016.0,0.0,0.0,672545.0,0.0,0.0,,,,,,-67559.0,,27.6,47.4
City of Richmond General Pension Plan,7227,2016,3899557.0,2923920.0,975637.0,75.0,0.0,602970.0,2255.0,0.0,0.0,623662.0,0.0,0.0,,,,,,-18437.0,,75.0,0.0
City of Richmond General Pension Plan,7227,2017,2932456.0,449871.0,2482585.0,15.3,0.0,73592.0,3351.0,0.0,0.0,584272.0,0.0,0.0,,,,750016.0,676424.0,-507329.0,,75.0,-59.7
City of Richmond General Pension Plan,7227,2018,2466948.0,741733.0,1725215.0,30.1,0.0,814594.0,2207.0,0.0,0.0,524939.0,0.0,0.0,,,,947219.0,132625.0,291862.0,,15.3,14.8
City of Richmond General Pension Plan,7227,2019,2295843.0,1067813.0,1228030.0,46.51,0.0,812561.0,8124.0,0.0,0.0,494605.0,0.0,0.0,,,,947219.0,134658.0,326080.0,,30.1,16.409999999999997
City of Richmond General Pension Plan,7227,2020,2323004.0,1067813.0,1255191.0,45.97,0.0,503714.0,23724.0,0.0,0.0,424760.0,0.0,0.0,,,,469402.0,-34312.0,102678.0,,46.51,-0.5399999999999991
City of Richmond General Pension Plan,7227,2021,1808072.0,1093026.0,715046.0,60.45,0.0,319025.0,5501.0,0.0,0.0,401991.0,0.0,0.0,,,,312462.0,-6563.0,-77465.0,,45.97,14.480000000000004
City of Richmond General Pension Plan,7227,2022,1452567.0,1070264.0,382303.0,73.68,0.0,345348.0,3618.0,0.0,0.0,371727.0,0.0,0.0,,,,345348.0,0.0,-22761.0,,60.45,13.230000000000004
City of Richmond General Pension Plan,7227,2023,604836.0,1008691.0,-403855.0,166.77,0.0,152897.0,21530.0,0.0,0.0,240913.0,0.0,0.0,,,,152897.0,0.0,-66486.0,,73.68,93.09
City of Richmond Police and Firemen's Pension Plan,7228,2003,49135204.0,25177947.0,23957257.0,51.2,5179919.0,0.0,-2694735.0,0.0,139345.0,7955887.0,0.0,0.0,,,,,,-10789967.0,0.0,,
City of Richmond Police and Firemen's Pension Plan,7228,2004,46523759.0,22624427.0,23899332.0,48.6,0.0,2899909.0,-715160.0,0.0,91107.0,5075297.0,0.0,0.0,,,,,,-2981655.0,,51.2,-2.6000000000000014
City of Richmond Police and Firemen's Pension Plan,7228,2005,41653180.0,19251702.0,22401478.0,46.2,0.0,2440857.0,2887141.0,0.0,98528.0,4823183.0,0.0,0.0,,,,,,406287.0,,48.6,-2.3999999999999986
City of Richmond Police and Firemen's Pension Plan,7228,2006,41653180.0,19251702.0,22401478.0,46.2,0.0,2215648.0,1318603.0,0.0,951.0,4522529.0,0.0,0.0,,,,,,-989229.0,,46.2,0.0
City of Richmond Police and Firemen's Pension Plan,7228,2007,41653180.0,19251702.0,22401478.0,46.2,0.0,6215648.0,3112380.0,0.0,42.0,4675769.0,0.0,0.0,,,,,,4652217.0,,46.2,0.0
City of Richmond Police and Firemen's Pension Plan,7228,2008,43591093.0,22910310.0,20680783.0,52.6,0.0,5000000.0,-1052739.0,12284.0,21.0,4746409.0,0.0,6018.0,,,,,,-792903.0,,46.2,6.399999999999999
City of Richmond Police and Firemen's Pension Plan,7228,2009,43591093.0,22910310.0,20680783.0,52.6,0.0,4800000.0,-3238067.0,0.0,0.0,4828836.0,0.0,0.0,,,,,,-3266903.0,,52.6,0.0
City of Richmond Police and Firemen's Pension Plan,7228,2010,40786586.0,18850504.0,21936082.0,46.2,0.0,4600000.0,2442644.0,0.0,0.0,4545417.0,0.0,0.0,,,,,,2497227.0,,52.6,-6.399999999999999
City of Richmond Police and Firemen's Pension Plan,7228,2011,33488006.0,20894469.0,12593537.0,62.4,0.0,0.0,3843619.0,0.0,0.0,4304512.0,0.0,0.0,,,,,,-460893.0,,46.2,16.199999999999996
City of Richmond Police and Firemen's Pension Plan,7228,2012,33488006.0,20894469.0,12593537.0,62.4,0.0,0.0,-255185.0,0.0,0.0,4036150.0,0.0,0.0,,,,,,-4291335.0,,62.4,0.0
City of Richmond Police and Firemen's Pension Plan,7228,2013,25094272.0,19834552.0,5259720.0,79.0,0.0,5021339.0,1736139.0,0.0,0.0,3518429.0,0.0,0.0,,,,,,3239049.0,,62.4,16.6
City of Richmond Police and Firemen's Pension Plan,7228,2014,23237147.0,16681824.0,6555323.0,71.8,0.0,740235.0,2968492.0,0.0,0.0,3436887.0,0.0,0.0,,,,,,271840.0,,79.0,-7.200000000000003
City of Richmond Police and Firemen's Pension Plan,7228,2015,22684864.0,7967986.0,14716878.0,35.1,0.0,740235.0,369240.0,0.0,0.0,3074421.0,0.0,0.0,,,,,,-1964946.0,,71.8,-36.699999999999996
City of Richmond Police and Firemen's Pension Plan,7228,2016,22684864.0,7967986.0,14716878.0,35.1,0.0,1222197.0,-165490.0,0.0,0.0,3140552.0,0.0,0.0,,,,,,-2083845.0,,35.1,0.0
City of Richmond Police and Firemen's Pension Plan,7228,2017,19271776.0,12384594.0,6887182.0,64.3,0.0,1270466.0,1340997.0,0.0,0.0,2859902.0,0.0,0.0,,,,1270466.0,0.0,-248439.0,,35.1,29.199999999999996
City of Richmond Police and Firemen's Pension Plan,7228,2018,17647021.0,11587579.0,6059442.0,65.7,0.0,1270466.0,589028.0,0.0,0.0,2656508.0,0.0,0.0,,,,1389612.0,119146.0,-797014.0,,64.3,1.4000000000000057
City of Richmond Police and Firemen's Pension Plan,7228,2019,14363686.0,11333502.0,3030184.0,78.9,0.0,1270466.0,645593.0,0.0,0.0,2170136.0,0.0,0.0,,,,1389612.0,119146.0,-254077.0,,65.7,13.200000000000003
City of Richmond Police and Firemen's Pension Plan,7228,2020,14363686.0,11333502.0,3030184.0,78.9,0.0,937004.0,584954.0,0.0,0.0,1793082.0,0.0,0.0,,,,937004.0,0.0,-271124.0,,78.9,0.0
City of Richmond Police and Firemen's Pension Plan,7228,2021,8672774.0,13113847.0,-4441073.0,151.21,0.0,937004.0,2527138.0,0.0,0.0,1412673.0,0.0,0.0,,,,937004.0,0.0,2051469.0,,78.9,72.31
City of Richmond Police and Firemen's Pension Plan,7228,2022,7839576.0,10057651.0,-2218075.0,128.29,0.0,0.0,-1939002.0,0.0,0.0,1119740.0,0.0,0.0,,,,0.0,0.0,-3058742.0,,151.21,-22.920000000000016
City of Richmond Police and Firemen's Pension Plan,7228,2023,5697175.0,10037936.0,-4340761.0,176.19,0.0,0.0,953288.0,0.0,0.0,971644.0,0.0,0.0,,,,,,-18356.0,,128.29,47.900000000000006
City of Richmond Garfield Pension Plan,7229,2005,915287.0,301298.0,613989.0,32.9,0.0,0.0,5760.0,0.0,0.0,72915.0,0.0,0.0,,,,,,-67155.0,,,
City of Richmond Garfield Pension Plan,7229,2006,915287.0,301298.0,613989.0,32.9,0.0,73917.0,12372.0,0.0,0.0,74373.0,0.0,0.0,,,,,,11916.0,,32.9,0.0
City of Richmond Garfield Pension Plan,7229,2007,915287.0,301298.0,613989.0,32.9,0.0,73917.0,14959.0,0.0,2.0,75861.0,0.0,0.0,,,,,,13013.0,,32.9,0.0
City of Richmond Garfield Pension Plan,7229,2008,899777.0,326228.0,573549.0,36.3,0.0,72484.0,13127.0,0.0,5.0,77378.0,0.0,0.0,,,,,,8228.0,,32.9,3.3999999999999986
City of Richmond Garfield Pension Plan,7229,2009,899777.0,326228.0,573549.0,36.3,0.0,72484.0,8261.0,0.0,0.0,78927.0,0.0,0.0,,,,,,1818.0,,36.3,0.0
City of Richmond Garfield Pension Plan,7229,2010,893734.0,336274.0,557460.0,37.6,0.0,76692.0,3999.0,0.0,0.0,80504.0,0.0,0.0,,,,,,187.0,,36.3,1.3000000000000043
City of Richmond Garfield Pension Plan,7229,2011,596216.0,334121.0,262095.0,56.0,0.0,76692.0,3082.0,0.0,0.0,82114.0,0.0,0.0,,,,,,-2340.0,,37.6,18.4
City of Richmond Garfield Pension Plan,7229,2012,853422.0,334121.0,519301.0,39.2,0.0,0.0,1901.0,0.0,0.0,83756.0,0.0,0.0,,,,,,-81855.0,,56.0,-16.799999999999997
City of Richmond Garfield Pension Plan,7229,2013,863415.0,244660.0,618755.0,28.3,0.0,77000.0,825.0,0.0,0.0,85430.0,0.0,0.0,,,,,,-7605.0,,39.2,-10.900000000000002
City of Richmond Garfield Pension Plan,7229,2014,807034.0,259887.0,547147.0,32.2,0.0,102140.0,227.0,0.0,0.0,87141.0,0.0,0.0,,,,,,15226.0,,28.3,3.900000000000002
City of Richmond Garfield Pension Plan,7229,2015,765834.0,492113.0,273721.0,64.3,0.0,102140.0,576.0,0.0,0.0,88882.0,0.0,0.0,,,,,,13834.0,,32.2,32.099999999999994
City of Richmond Garfield Pension Plan,7229,2016,765834.0,492113.0,273721.0,64.3,0.0,102140.0,933.0,0.0,0.0,90660.0,0.0,0.0,,,,,,12413.0,,64.3,0.0
City of Richmond Garfield Pension Plan,7229,2017,691642.0,297317.0,394325.0,43.0,0.0,102140.0,1517.0,0.0,0.0,92474.0,0.0,0.0,,,,78987.0,-23153.0,11183.0,,64.3,-21.299999999999997
City of Richmond Garfield Pension Plan,7229,2018,616653.0,307761.0,308892.0,49.9,0.0,102140.0,2627.0,0.0,0.0,94323.0,0.0,0.0,,,,86103.0,-16037.0,10444.0,,43.0,6.899999999999999
City of Richmond Garfield Pension Plan,7229,2019,334779.0,339222.0,-4443.0,101.33,0.0,102140.0,7024.0,0.0,0.0,77703.0,0.0,0.0,,,,86103.0,-16037.0,31461.0,,49.9,51.43
City of Richmond Garfield Pension Plan,7229,2020,334779.0,339222.0,-4443.0,101.33,0.0,0.0,6913.0,0.0,0.0,49067.0,0.0,0.0,,,,0.0,0.0,-42154.0,,101.33,0.0
City of Richmond Garfield Pension Plan,7229,2021,320914.0,249005.0,71909.0,77.59,0.0,0.0,1985.0,0.0,0.0,50049.0,0.0,0.0,,,,0.0,0.0,-48064.0,,101.33,-23.739999999999995
City of Richmond Garfield Pension Plan,7229,2022,272057.0,207855.0,64202.0,76.4,0.0,12408.0,-1751.0,0.0,0.0,51807.0,0.0,0.0,,,,12408.0,0.0,-41150.0,,77.59,-1.1899999999999977
City of Concord Retirement System,7230,2003,62840000.0,61807000.0,1033000.0,98.4,0.0,477245.0,3242035.0,0.0,44821.0,4590805.0,0.0,0.0,,,,,,-916346.0,,,
City of Concord Retirement System,7230,2004,62840000.0,61807000.0,1033000.0,98.4,0.0,353755.0,3139701.0,0.0,53055.0,4643627.0,0.0,0.0,,,,,,-1203226.0,,98.4,0.0
City of Concord Retirement System,7230,2005,69185000.0,58653000.0,10532000.0,84.8,0.0,333874.0,3062377.0,0.0,11312.0,4688864.0,0.0,0.0,,,,,,-1303925.0,,98.4,-13.600000000000009
City of Concord Retirement System,7230,2006,69185000.0,58653000.0,10532000.0,84.8,0.0,1324325.0,2980205.0,0.0,0.0,4685086.0,0.0,0.0,,,,,,-380556.0,,84.8,0.0
City of Concord Retirement System,7230,2007,69185000.0,58653000.0,10532000.0,84.8,0.0,1329458.0,3041752.0,0.0,0.0,4765038.0,0.0,0.0,,,,,,-393828.0,,84.8,0.0
City of Concord Retirement System,7230,2008,68988000.0,51199000.0,17789000.0,74.2,0.0,1345407.0,2938942.0,0.0,0.0,5724465.0,0.0,0.0,,,,,,-1440116.0,,84.8,-10.599999999999994
City of Concord Retirement System,7230,2009,68988000.0,51199000.0,17789000.0,74.2,0.0,539895.0,2410804.0,0.0,0.0,7502883.0,0.0,0.0,,,,,,-4552184.0,,74.2,0.0
City of Concord Retirement System,7230,2010,68988000.0,51199000.0,17789000.0,74.2,0.0,1312385.0,2544154.0,22200.0,0.0,5490089.0,0.0,0.0,,,,,,-1611350.0,,74.2,0.0
City of Concord Retirement System,7230,2011,65272000.0,43596000.0,21676000.0,66.8,0.0,287624.0,4323221.0,0.0,0.0,5507066.0,0.0,0.0,,,,,,-896221.0,,74.2,-7.400000000000006
City of Concord Retirement System,7230,2012,65272000.0,43596000.0,21676000.0,66.8,0.0,863610.0,1786375.0,0.0,0.0,5529920.0,0.0,0.0,,,,,,-2879935.0,,66.8,0.0
City of Concord Retirement System,7230,2013,63895000.0,39820000.0,24075000.0,62.3,0.0,1045961.0,2249418.0,0.0,0.0,5474198.0,0.0,180.0,,,,,,-2178999.0,,66.8,-4.5
City of Concord Retirement System,7230,2014,60762000.0,37545000.0,23217000.0,61.8,0.0,1971829.0,3229621.0,0.0,0.0,5516398.0,0.0,0.0,,,,,,-314948.0,,62.3,-0.5
City of Concord Retirement System,7230,2015,65289000.0,37326000.0,27963000.0,57.2,0.0,2035017.0,566982.0,0.0,0.0,5525159.0,0.0,0.0,,,,,,-2923160.0,,61.8,-4.599999999999994
City of Concord Retirement System,7230,2016,65289000.0,37326000.0,27963000.0,57.2,0.0,2041610.0,454883.0,0.0,0.0,5499628.0,0.0,0.0,,,,,,-3003135.0,,57.2,0.0
City of Concord Retirement System,7230,2017,61693000.0,31399000.0,30294000.0,50.9,0.0,2845258.0,2370458.0,0.0,160582.0,5415808.0,0.0,0.0,,,,2715000.0,-130258.0,-360674.0,,57.2,-6.300000000000004
City of Concord Retirement System,7230,2018,61693000.0,31399000.0,30294000.0,50.9,0.0,5885064.0,1344083.0,0.0,12680.0,5425844.0,0.0,0.0,,,,2715000.0,-3170064.0,1790623.0,,50.9,0.0
City of Concord Retirement System,7230,2019,58431000.0,32829000.0,25602000.0,56.18,0.0,2822000.0,1910793.0,0.0,11420.0,5489099.0,0.0,0.0,,,,2493000.0,-329000.0,-767726.0,,50.9,5.280000000000001
City of Concord Retirement System,7230,2020,58431000.0,32829000.0,25602000.0,56.18,0.0,2715000.0,1240728.0,0.0,5325.0,5499565.0,0.0,0.0,,,,2491000.0,-224000.0,-1549162.0,,56.18,0.0
City of Concord Retirement System,7230,2021,53154.0,30512.0,22642.0,57.4,0.0,2715000.0,4965474.0,0.0,9904.0,5290086.0,0.0,0.0,,,,2377000.0,-338000.0,2380484.0,,56.18,1.2199999999999989
City of Concord Retirement System,7230,2022,53154.0,30512.0,22642.0,57.4,0.0,5087000.0,-3526630.0,0.0,5938.0,5276196.0,0.0,0.0,,,,2375000.0,-2712000.0,-3721764.0,,57.4,0.0
City of Concord Retirement System,7230,2023,53104.0,29171.0,23933.0,54.93,0.0,6606208.0,1495919.0,0.0,8395.0,5282819.0,0.0,0.0,,,,2670000.0,-3936208.0,2810913.0,,57.4,-2.469999999999999
City of Concord Retirement System,7230,2024,53104.0,29171.0,23933.0,54.93,0.0,2372000.0,2686366.0,0.0,6000.0,5106588.0,0.0,0.0,,,,2210000.0,-162000.0,-54222.0,,54.93,0.0
City of Fresno Fire and Police Retirement System,7231,2003,590855000.0,814680000.0,-223825000.0,137.9,64149390.0,4080572.0,27392703.0,366536.0,570907.0,33736675.0,78561.0,0.0,4.31,-2.3,3.29,,,-2546332.0,0.06361045677909018,,
City of Fresno Fire and Police Retirement System,7231,2004,617878774.0,749504608.0,-131625834.0,121.3,66899509.0,5137267.0,134023240.0,263549.0,603973.0,35304472.0,228815.0,0.0,17.7,4.95,4.21,,,103286796.0,0.07679080275462112,137.9,-16.60000000000001
City of Fresno Fire and Police Retirement System,7231,2005,617878774.0,749504608.0,-131625834.0,121.3,72812722.0,13769397.0,91411958.0,349139.0,688413.0,36443224.0,377881.0,0.0,10.94,10.85,4.1,,,68020976.0,0.1891070217097501,121.3,0.0
City of Fresno Fire and Police Retirement System,7231,2006,670101000.0,846718000.0,-176617000.0,126.4,73422505.0,14221659.0,109955304.0,457644.0,802502.0,36778219.0,303442.0,0.0,12.12,13.53,7.53,,,86750444.0,0.19369618347943862,121.3,5.1000000000000085
City of Fresno Fire and Police Retirement System,7231,2007,722722173.0,906222782.0,-183500609.0,125.4,73422505.0,16200317.0,172876811.0,607597.0,887983.0,39682515.0,453920.0,0.0,17.36,13.43,12.37,,,148660307.0,0.22064511419216765,126.4,-1.0
City of Fresno Fire and Police Retirement System,7231,2008,773235605.0,1000961198.0,-227725593.0,129.5,89516195.0,15554293.0,-77495192.0,1137716.0,944599.0,42949880.0,646248.0,0.0,-6.05,7.33,10.04,,,-105343910.0,0.17375954149972528,125.4,4.099999999999994
City of Fresno Fire and Police Retirement System,7231,2009,830035820.0,1066777845.0,-236742025.0,128.5,98912644.0,16110846.0,-224035998.0,913423.0,952104.0,47024672.0,338145.0,0.0,-20.12,-4.14,1.84,,,-255326650.0,0.16287954045591987,129.5,-1.0
City of Fresno Fire and Police Retirement System,7231,2010,874355429.0,1045774084.0,-171418655.0,119.6,102354704.0,19449245.0,117579634.0,438313.0,992655.0,49638574.0,917610.0,0.0,14.8,-4.85,2.54,,,85918353.0,0.19001808651608235,128.5,-8.900000000000006
City of Fresno Fire and Police Retirement System,7231,2011,919285576.0,1018605310.0,-99319734.0,110.8,102686418.0,26701214.0,215445496.0,548520.0,1079951.0,50556250.0,493579.0,0.0,24.26,4.5,4.7,,,190565450.0,0.2600267349865101,119.6,-8.799999999999997
City of Fresno Fire and Police Retirement System,7231,2012,917940520.0,1022995688.0,-105055168.0,111.4,98999869.0,30415024.0,-6795361.0,594027.0,1117953.0,51378999.0,534906.0,0.0,-0.11,12.53,1.38,,,-28818168.0,0.30722287117369823,110.8,0.6000000000000085
City of Fresno Fire and Police Retirement System,7231,2013,952866000.0,1003929281.0,-51063281.0,105.4,100595720.0,26123444.0,140035776.0,665562.0,1182391.0,52011489.0,970380.0,0.0,13.12,11.67,4.84,,,112660522.0,0.25968743004175526,111.4,-6.0
City of Fresno Fire and Police Retirement System,7231,2014,1006000000.0,1143000000.0,-137000000.0,113.6,96258993.0,25869154.0,201290327.0,547670.0,1119495.0,52573897.0,145990.0,0.0,17.09,19.64,13.25,,,173867769.0,0.2687453212813061,105.4,8.199999999999989
City of Fresno Fire and Police Retirement System,7231,2015,1019916000.0,1220268961.0,-200352961.0,119.6,95262223.0,26352099.0,38704747.0,458870.0,1107741.0,53711161.0,900850.0,0.0,3.3,11.3,11.34,,,9795964.0,0.2766269584114156,113.6,6.0
City of Fresno Fire and Police Retirement System,7231,2016,1067416000.0,1276604000.0,-209188000.0,119.6,98818000.0,26485756.0,5614554.0,448548.0,1397068.0,55408165.0,1172648.0,0.0,0.88,7.02,6.82,,,-25429023.0,0.2680256228622316,119.6,0.0
City of Fresno Fire and Police Retirement System,7231,2017,1131348000.0,1354973827.0,-223625827.0,119.8,102679000.0,26712327.0,192317658.0,0.0,1502899.0,58748302.0,524636.0,0.0,14.74,6.15,9.82,18543308.0,0.0,158254148.0,0.2601537510104306,119.6,0.20000000000000284
City of Fresno Fire and Police Retirement System,7231,2018,1194731000.0,1436725409.0,-241994409.0,120.3,110972000.0,28660629.0,129162789.0,0.0,1709614.0,62510828.0,560170.0,0.0,8.86,8.01,8.89,19696957.0,0.0,93042806.0,0.2582690138052842,119.8,0.5
City of Fresno Fire and Police Retirement System,7231,2019,1277749000.0,1495023241.0,-217274241.0,117.0,115073000.0,30201445.0,82871945.0,0.0,1897247.0,65113142.0,848993.0,0.0,5.59,9.66,6.57,20604377.0,0.0,45214008.0,0.26245465921632355,120.3,-3.299999999999997
City of Fresno Fire and Police Retirement System,7231,2020,1331146000.0,1547641320.0,-216495320.0,116.26,117902000.0,32335850.0,24205522.0,0.0,1839271.0,66983928.0,217962.0,0.0,1.6,5.31,6.21,22324019.0,0.0,-12499789.0,0.2742604027073332,117.0,-0.7399999999999949
City of Fresno Fire and Police Retirement System,7231,2021,1395140000.0,1695906219.0,-300766219.0,121.56,120177000.0,36571285.0,491744237.0,0.0,2282297.0,69707525.0,1255390.0,0.0,30.83,11.96,11.88,26314815.0,0.0,455070310.0,0.30431184835700675,116.26,5.299999999999997
City of Fresno Fire and Police Retirement System,7231,2022,1486611000.0,1791487319.0,-304876319.0,120.51,127826000.0,38528761.0,-160517285.0,0.0,2126286.0,74809611.0,368506.0,0.0,-7.12,7.28,7.25,27555587.0,0.0,-199292927.0,0.30141568225556614,121.56,-1.0499999999999972
City of Fresno Fire and Police Retirement System,7231,2023,1607286000.0,1876149460.0,-268863460.0,116.73,141841000.0,39121622.0,198976002.0,0.0,2401043.0,80314864.0,622026.0,0.0,9.72,10.06,7.42,27067935.0,0.0,154759691.0,0.27581321338682047,120.51,-3.780000000000001
City of Fresno Fire and Police Retirement System,7231,2024,1732763000.0,1991116988.0,-258353988.0,114.91,157870000.0,43743009.0,206468116.0,0.0,2457809.0,89195842.0,1023545.0,0.0,10.59,4.06,8.42,30635176.0,0.0,157533929.0,0.2770824665864319,116.73,-1.8200000000000074
City of Fresno Employees' Retirement System,7232,2003,529805000.0,748762000.0,-218957000.0,141.3,95761838.0,4482742.0,25319406.0,325877.0,529915.0,27963534.0,1282608.0,0.0,4.31,-2.17,3.29,,,351968.0,0.04681136132746324,,
City of Fresno Employees' Retirement System,7232,2004,545687000.0,698885000.0,-153198000.0,128.1,97348526.0,4680446.0,120443780.0,235120.0,535471.0,26548396.0,710252.0,0.0,17.7,4.95,4.21,,,97565227.0,0.048079269325557124,141.3,-13.200000000000017
City of Fresno Employees' Retirement System,7232,2005,545687000.0,698885000.0,-153198000.0,128.1,99744943.0,4749521.0,83156451.0,314860.0,642349.0,26444153.0,1026175.0,0.0,10.94,10.85,4.1,,,60108155.0,0.047616659623536,128.1,0.0
City of Fresno Employees' Retirement System,7232,2006,565550000.0,790858000.0,-225308000.0,139.8,102557676.0,4643172.0,99672562.0,414289.0,797948.0,29409733.0,1218579.0,0.0,12.12,13.53,7.53,,,73303763.0,0.04527376380876649,128.1,11.700000000000017
City of Fresno Employees' Retirement System,7232,2007,613913079.0,847515671.0,-233602592.0,138.1,111378365.0,6660403.0,156000084.0,545779.0,916494.0,37948651.0,1350623.0,0.0,17.36,13.43,12.37,,,122990498.0,0.059799791458601495,139.8,-1.700000000000017
City of Fresno Employees' Retirement System,7232,2008,631305003.0,926525370.0,-295220367.0,146.8,122231947.0,6020521.0,-69498414.0,1016557.0,898355.0,35357509.0,1111562.0,0.0,-6.05,7.33,10.04,,,-99828762.0,0.049254889149397255,138.1,8.700000000000017
City of Fresno Employees' Retirement System,7232,2009,689832998.0,980961408.0,-291128410.0,142.2,133109913.0,7190318.0,-200504487.0,810089.0,894267.0,39031190.0,1022243.0,0.0,-20.12,-4.14,1.84,,,-233451780.0,0.05401790022956442,146.8,-4.600000000000023
City of Fresno Employees' Retirement System,7232,2010,715249679.0,958032146.0,-242782467.0,133.9,139274148.0,9007519.0,104126239.0,385107.0,929184.0,39946446.0,1651169.0,0.0,14.8,-4.85,2.54,,,70992066.0,0.06467473776971158,142.2,-8.299999999999983
City of Fresno Employees' Retirement System,7232,2011,756257538.0,926369725.0,-170112187.0,122.5,131223821.0,13489788.0,188448518.0,476888.0,1029440.0,41487860.0,2092260.0,0.0,24.26,4.5,4.7,,,157805634.0,0.10279984150133839,133.9,-11.400000000000006
City of Fresno Employees' Retirement System,7232,2012,788110000.0,920217334.0,-132107334.0,116.8,117577340.0,16881009.0,-6132173.0,511605.0,1087210.0,42833718.0,1313292.0,0.0,-0.11,12.53,1.38,,,-33973779.0,0.1435736596864668,122.5,-5.700000000000003
City of Fresno Employees' Retirement System,7232,2013,871958000.0,891366137.0,-19408137.0,102.2,112306952.0,21324800.0,120545096.0,571462.0,1138182.0,45883057.0,1157287.0,0.0,13.56,12.12,5.3,,,94262832.0,0.1898796078091408,116.8,-14.599999999999994
City of Fresno Employees' Retirement System,7232,2014,950000000.0,994000000.0,-44000000.0,104.6,108942466.0,19385500.0,172305191.0,467539.0,1086164.0,47376551.0,1203979.0,0.0,17.53,10.06,13.72,,,142491536.0,0.17794254813361762,102.2,2.3999999999999915
City of Fresno Employees' Retirement System,7232,2015,960364000.0,1049092965.0,-88728965.0,109.2,110106595.0,21076784.0,32919496.0,389892.0,1070996.0,49072063.0,1473650.0,0.0,3.3,11.3,11.34,,,2769463.0,0.1914216310112941,104.6,4.6000000000000085
City of Fresno Employees' Retirement System,7232,2016,976909000.0,1087125081.0,-110216081.0,111.3,113435836.0,22158374.0,4709651.0,379448.0,1346189.0,51198523.0,1330298.0,0.0,0.88,7.02,6.82,,,-26627537.0,0.1953383937682621,109.2,2.0999999999999943
City of Fresno Employees' Retirement System,7232,2017,1013684000.0,1145061145.0,-131377145.0,113.0,119006918.0,25385949.0,162376205.0,0.0,1389532.0,54350851.0,1199054.0,0.0,14.74,6.15,9.82,15205360.0,0.0,130822717.0,0.21331490157572183,111.3,1.7000000000000028
City of Fresno Employees' Retirement System,7232,2018,1047692000.0,1202691315.0,-154999315.0,114.8,0.0,24938134.0,108915466.0,0.0,1618767.0,56241911.0,1424025.0,0.0,8.86,8.01,8.89,14608659.0,0.0,74568897.0,,113.0,1.7999999999999972
City of Fresno Employees' Retirement System,7232,2019,1106660000.0,1238650718.0,-131990718.0,111.93,145457812.0,25142958.0,69388982.0,0.0,1663358.0,60814434.0,1329651.0,0.0,5.59,9.66,6.57,14627425.0,0.0,30724497.0,0.17285395438231946,114.8,-2.8699999999999903
City of Fresno Employees' Retirement System,7232,2020,1155060000.0,1269173360.0,-114113360.0,109.88,156354521.0,27581447.0,20108722.0,0.0,1748928.0,63591967.0,927501.0,0.0,1.6,5.31,6.21,16553928.0,0.0,-18578227.0,0.1764032585920557,111.93,-2.0500000000000114
City of Fresno Employees' Retirement System,7232,2021,1189980000.0,1380265471.0,-190285471.0,115.99,160372084.0,33894231.0,407810699.0,0.0,2058363.0,67497485.0,1748572.0,0.0,30.83,11.96,11.88,20144322.0,0.0,370400510.0,0.21134744997140525,109.88,6.109999999999999
City of Fresno Employees' Retirement System,7232,2022,1271762000.0,1449730315.0,-177968315.0,113.99,171675634.0,37509187.0,-132624884.0,0.0,2049858.0,70239143.0,1645235.0,0.0,-7.12,7.28,7.25,22016525.0,0.0,-169049933.0,0.2184887052754382,115.99,-2.0
City of Fresno Employees' Retirement System,7232,2023,1358214000.0,1509532380.0,-151318380.0,111.14,197806876.0,37130453.0,164014181.0,0.0,2145866.0,76024703.0,1848595.0,0.0,9.72,10.06,7.42,22236117.0,0.0,121125470.0,0.1877106284212284,113.99,-2.8499999999999943
City of Fresno Employees' Retirement System,7232,2024,1457747000.0,1600472705.0,-142725705.0,109.79,238367154.0,47454377.0,169857906.0,0.0,2318078.0,81555616.0,1646573.0,0.0,10.59,4.06,8.42,28621359.0,0.0,131792016.0,0.1990810235541093,111.14,-1.3499999999999943
City of Eureka Fire and Police Retirement System,7233,2003,6648840.0,1542831.0,5106009.0,23.2,0.0,450000.0,9898.0,0.0,5347.0,530708.0,0.0,4809.0,,,,,,-80966.0,,,
City of Eureka Fire and Police Retirement System,7233,2004,5749458.0,1253920.0,4495538.0,21.8,0.0,425000.0,8820.0,0.0,1697.0,499343.0,0.0,6044.0,2.87,4.17,4.88,,,-73264.0,,23.2,-1.3999999999999986
City of Eureka Fire and Police Retirement System,7233,2005,5599704.0,875908.0,4723796.0,15.6,0.0,425000.0,37467.0,0.0,16034.0,478794.0,0.0,316800.0,3.79,1.77,5.81,,,-349161.0,,21.8,-6.200000000000001
City of Eureka Fire and Police Retirement System,7233,2006,4985969.0,904323.0,4081646.0,18.1,0.0,425000.0,54026.0,0.0,9213.0,470249.0,0.0,0.0,3.6,3.3,4.0,,,-436.0,,15.6,2.5000000000000018
City of Eureka Fire and Police Retirement System,7233,2007,4806301.0,1284477.0,3521824.0,26.7,0.0,425000.0,63744.0,0.0,13677.0,459235.0,0.0,0.0,,,,,,15832.0,,18.1,8.599999999999998
City of Eureka Fire and Police Retirement System,7233,2008,4959400.0,860058.0,4099342.0,17.3,0.0,0.0,51771.0,0.0,7085.0,479692.0,0.0,0.0,,,,,,-435006.0,,26.7,-9.399999999999999
City of Eureka Fire and Police Retirement System,7233,2009,4740136.0,634937.0,4105199.0,13.4,0.0,266064.0,41529.0,0.0,6551.0,515577.0,0.0,0.0,,,,,,-214535.0,,17.3,-3.9000000000000004
City of Eureka Fire and Police Retirement System,7233,2010,4740136.0,634937.0,4105199.0,13.4,518111.0,225000.0,6302.0,0.0,3765.0,518111.0,0.0,0.0,,,,,,-290574.0,0.43426987653224886,13.4,0.0
City of Eureka Fire and Police Retirement System,7233,2011,4682353.0,15016.0,4667337.0,0.3,515010.0,200696.0,-2285.0,0.0,11172.0,515010.0,0.0,0.0,,,,,,-327771.0,0.3896934040115726,13.4,-13.1
City of Eureka Fire and Police Retirement System,7233,2012,4020040.0,51919.0,3968121.0,1.3,0.0,501000.0,-282.0,0.0,8660.0,471127.0,0.0,0.0,,,,,,20931.0,,0.3,1.0
City of Eureka Fire and Police Retirement System,7233,2013,3792045.0,25252.0,3766793.0,0.7,427403.0,466199.0,174.0,0.0,13718.0,427402.0,0.0,0.0,,,,,,25253.0,1.0907714732933556,1.3,-0.6000000000000001
City of Eureka Fire and Police Retirement System,7233,2014,3565386.0,46751.0,3518635.0,1.3,0.0,427179.0,0.0,0.0,11185.0,427204.0,0.0,0.0,,,,,,-11210.0,,0.7,0.6000000000000001
City of Eureka Fire and Police Retirement System,7233,2015,3345646.0,4771.0,3340875.0,0.1,0.0,397446.0,0.0,0.0,12587.0,426839.0,0.0,0.0,,,,,,-41980.0,,1.3,-1.2
City of Eureka Fire and Police Retirement System,7233,2016,3625385.0,-1702.0,3627087.0,0.0,0.0,397095.0,0.0,0.0,2750.0,400818.0,0.0,0.0,,,,,,-6473.0,,0.1,-0.1
City of Bakersfield Firemen's Disability and Retirement System,7234,2003,2453467.0,2271247.0,182220.0,92.6,0.0,0.0,71569.0,0.0,0.0,223146.0,0.0,5000.0,,,,,,-156577.0,,,
City of Bakersfield Firemen's Disability and Retirement System,7234,2004,2119131.0,1937190.0,181941.0,91.4,0.0,0.0,29376.0,0.0,0.0,214748.0,0.0,0.0,,,,,,-185372.0,,92.6,-1.1999999999999886
City of Bakersfield Firemen's Disability and Retirement System,7234,2005,2119131.0,1937190.0,181941.0,91.4,0.0,0.0,40245.0,0.0,0.0,172020.0,0.0,4500.0,2.97,3.03,4.02,,,-136275.0,,91.4,0.0
City of Bakersfield Firemen's Disability and Retirement System,7234,2006,1493173.0,1686712.0,-193539.0,113.0,0.0,0.0,65440.0,0.0,0.0,171091.0,0.0,0.0,3.74,3.07,3.49,,,-105651.0,,91.4,21.599999999999994
City of Bakersfield Firemen's Disability and Retirement System,7234,2007,1493173.0,1686712.0,-193539.0,113.0,0.0,0.0,90777.0,0.0,0.0,154635.0,0.0,4900.0,5.35,4.02,3.63,,,-68758.0,,113.0,0.0
City of Bakersfield Firemen's Disability and Retirement System,7234,2008,1233149.0,1559543.0,-326394.0,126.5,0.0,0.0,65768.0,0.0,0.0,133888.0,0.0,0.0,,,,,,-68120.0,,113.0,13.5
City of Bakersfield Firemen's Disability and Retirement System,7234,2009,1233149.0,1559543.0,-326394.0,126.5,0.0,0.0,120733.0,0.0,5400.0,127188.0,0.0,0.0,,,,,,-11855.0,,126.5,0.0
City of Bakersfield Firemen's Disability and Retirement System,7234,2010,1146478.0,1447264.0,-300786.0,126.2,0.0,0.0,13786.0,0.0,0.0,105162.0,0.0,0.0,,,,,,-91376.0,,126.5,-0.29999999999999716
City of Bakersfield Firemen's Disability and Retirement System,7234,2011,1146478.0,1447264.0,-300786.0,126.2,0.0,0.0,117728.0,0.0,5400.0,113832.0,0.0,0.0,,,,,,-1504.0,,126.2,0.0
City of Bakersfield Firemen's Disability and Retirement System,7234,2012,1327284.0,1341914.0,-14630.0,101.1,0.0,0.0,7254.0,0.0,0.0,119514.0,0.0,0.0,,,,,,-112260.0,,126.2,-25.10000000000001
City of Bakersfield Firemen's Disability and Retirement System,7234,2013,1327284.0,1341914.0,-14630.0,101.1,0.0,0.0,-13099.0,0.0,5900.0,123732.0,0.0,0.0,,,,,,-142731.0,,101.1,0.0
City of Bakersfield Firemen's Disability and Retirement System,7234,2014,1292739.0,1111005.0,181734.0,85.9,0.0,0.0,27097.0,0.0,0.0,128106.0,0.0,0.0,,,,,,-101009.0,,101.1,-15.199999999999989
City of Bakersfield Firemen's Disability and Retirement System,7234,2015,1292739.0,1111005.0,181734.0,85.9,0.0,0.0,28432.0,0.0,0.0,114948.0,0.0,0.0,,,,,,-86516.0,,85.9,0.0
City of Bakersfield Firemen's Disability and Retirement System,7234,2016,891159.0,942613.0,-51454.0,105.8,0.0,0.0,29358.0,0.0,0.0,111234.0,0.0,0.0,,,,,,-81876.0,,85.9,19.89999999999999
City of Delano Employee Pension Plan,7235,2003,19736558.0,12198132.0,7538426.0,61.8,7305354.0,1280530.0,22689.0,0.0,40786.0,477132.0,237826.0,0.0,,,,,,547475.0,0.17528650904528378,,
City of Delano Employee Pension Plan,7235,2004,21702704.0,14437010.0,7265694.0,66.5,7443008.0,1388567.0,1589698.0,0.0,43735.0,512189.0,228096.0,0.0,,,,,,2194245.0,0.1865599230848603,61.8,4.700000000000003
City of Delano Employee Pension Plan,7235,2005,19633478.0,15041136.0,4592342.0,76.6,7895996.0,1619938.0,1143048.0,0.0,61753.0,603056.0,110152.0,0.0,,,,,,1988025.0,0.20515942510609175,66.5,10.099999999999994
City of Delano Employee Pension Plan,7235,2006,21484859.0,16839790.0,4645069.0,78.4,6273978.0,1152481.0,1542470.0,0.0,90467.0,591711.0,221267.0,0.0,,,,,,1791506.0,0.18369222843943667,76.6,1.8000000000000114
City of Delano Employee Pension Plan,7235,2007,24767406.0,19454948.0,5312458.0,78.6,6402086.0,1216180.0,2474708.0,1949.0,107388.0,682200.0,288089.0,0.0,,,,,,2615160.0,0.18996620788911614,78.4,0.19999999999998863
City of Delano Employee Pension Plan,7235,2008,27169641.0,18426143.0,8743498.0,67.8,6873360.0,1392962.0,-1295037.0,1616.0,51881.0,767748.0,308820.0,0.0,,,,,,-1028908.0,0.2026609984054378,78.6,-10.799999999999997
City of Delano Employee Pension Plan,7235,2009,29881644.0,18323795.0,11557849.0,61.3,7853316.0,1828852.0,-3829078.0,0.0,51255.0,902880.0,159376.0,0.0,,,,,,-3113737.0,0.23287640532992687,67.8,-6.5
City of Delano Employee Pension Plan,7235,2010,32480826.0,20715515.0,11765311.0,63.8,8585478.0,2015746.0,1188508.0,0.0,96656.0,995255.0,161716.0,0.0,,,,,,1950627.0,0.23478552970492733,61.3,2.5
City of Delano Employee Pension Plan,7235,2011,33978297.0,23208657.0,10769640.0,68.3,8052394.0,2014240.0,3056211.0,0.0,207528.0,1039441.0,637183.0,0.0,17.69,1.71,2.62,,,3186299.0,0.250141759084317,63.8,4.5
City of Delano Employee Pension Plan,7235,2012,35090044.0,22869464.0,12220580.0,65.2,6769580.0,1614168.0,-308832.0,0.0,136394.0,1201187.0,1143055.0,0.0,-1.57,8.1,2.63,,,-1175300.0,0.23844433480363628,68.3,-3.0999999999999943
City of Delano Employee Pension Plan,7235,2013,35920288.0,22412259.0,13508029.0,62.4,6030812.0,1711954.0,2281582.0,0.0,91199.0,1400294.0,441113.0,0.0,12.04,9.39,3.12,,,2060930.0,0.28386791032451353,65.2,-2.8000000000000043
City of Delano Employee Pension Plan,7235,2014,37376922.0,23637733.0,13739189.0,63.2,7651451.0,2550074.0,3311683.0,0.0,82163.0,1541535.0,361962.0,0.0,15.43,8.63,10.36,,,3876097.0,0.33327979229037735,62.4,0.8000000000000043
City of Delano Employee Pension Plan,7235,2015,39379112.0,26766479.0,12612633.0,68.0,9437035.0,2759599.0,872842.0,0.0,105743.0,1670974.0,223638.0,0.0,,,,,,1632086.0,0.2924222491492296,63.2,4.799999999999997
City of Delano Employee Pension Plan,7235,2016,45135501.0,28454739.0,16680762.0,63.0,9341353.0,2517922.0,-499673.0,0.0,107621.0,1852766.0,452142.0,0.0,,,,,,-394280.0,0.2695457499572064,68.0,-5.0
City of Delano Employee Pension Plan,7235,2017,45135501.0,28454739.0,16680762.0,63.0,10130191.0,4358451.0,2878091.0,0.0,188870.0,2067309.0,272103.0,0.0,10.04,3.63,7.55,2729207.0,-925502.0,4708260.0,0.43024371406225215,63.0,0.0
City of Delano Employee Pension Plan,7235,2018,47687971.0,31977142.0,15710829.0,67.1,10751866.0,2837101.0,2904593.0,0.0,173475.0,2171669.0,670304.0,0.0,9.8,5.71,7.12,2136180.0,15427.0,2726246.0,0.26387056907145234,63.0,4.099999999999994
City of Delano Employee Pension Plan,7235,2019,48373918.0,34040004.0,14333914.0,70.37,11263587.0,3103243.0,1513439.0,0.0,181453.0,2247185.0,323571.0,0.0,3.85,7.86,4.88,2068886.0,-244083.0,1864473.0,0.27551107830924554,67.1,3.2700000000000102
City of Delano Employee Pension Plan,7235,2020,53926141.0,38633035.0,15293106.0,71.64,12676623.0,3297505.0,767332.0,452.0,174888.0,2451174.0,275730.0,0.0,1.51,5.0,4.49,2175171.0,-274619.0,1163497.0,0.260124877106466,70.37,1.269999999999996
City of Delano Employee Pension Plan,7235,2021,57586494.0,47231206.0,10355288.0,82.02,8712149.0,2380712.0,11089723.0,4394.0,157948.0,2518375.0,914974.0,0.0,29.88,11.04,10.59,2470960.0,700322.0,9883532.0,0.27326346232140886,71.64,10.379999999999995
City of Delano Employee Pension Plan,7235,2022,60024215.0,44142525.0,15881690.0,73.54,8660810.0,2235000.0,-5963513.0,2313.0,141687.0,2501734.0,295581.0,0.0,-14.22,4.19,5.22,1551628.0,-109232.0,-6665202.0,0.25805900371905166,82.02,-8.47999999999999
City of Delano Employee Pension Plan,7235,2023,67865056.0,48137116.0,19727940.0,70.93,9924784.0,2694983.0,4280698.0,121.0,172964.0,2620626.0,551465.0,0.0,9.85,6.97,5.23,1861914.0,-186618.0,3630747.0,0.27154072068470203,73.54,-2.6099999999999994
City of Delano Employee Pension Plan,7235,2024,70759779.0,51180266.0,19579513.0,72.33,10571394.0,3257122.0,5690907.0,1669.0,191884.0,2687414.0,167754.0,0.0,12.05,1.83,6.84,2449211.0,-95083.0,5902646.0,0.30810714272876405,70.93,1.3999999999999915
City of Los Angeles Fire and Police Pension System,7236,2003,12130319404.0,12283289393.0,-152969989.0,101.3,970726720.0,170743486.0,500907831.0,2918066.0,7851982.0,489958681.0,3158990.0,40509560.0,,,,,,133090170.0,0.17589243448454783,,
City of Los Angeles Fire and Police Pension System,7236,2004,11389980813.0,11735696180.0,-345715367.0,103.0,1001003937.0,172196232.0,1640541109.0,13714375.0,8694533.0,518518140.0,3963440.0,0.0,,,,,,1295275603.0,0.17202353121214548,101.3,1.7000000000000028
City of Los Angeles Fire and Police Pension System,7236,2005,12357524467.0,11634113683.0,723410784.0,94.1,1037444702.0,212396518.0,1115838833.0,7405244.0,9079690.0,552436651.0,3206330.0,0.0,10.07,10.62,2.32,,,770917924.0,0.2047304474065356,103.0,-8.900000000000006
City of Los Angeles Fire and Police Pension System,7236,2006,12811383737.0,12121402902.0,689980835.0,94.6,1092814844.0,224704613.0,1458571004.0,368640.0,9152290.0,591041908.0,4113034.0,0.0,12.48,13.36,7.17,,,1079337025.0,0.20562002267238602,94.1,0.5
City of Los Angeles Fire and Police Pension System,7236,2007,13324089628.0,13215668458.0,108421170.0,99.2,1135591951.0,316209556.0,2335362185.0,2291487.0,11044038.0,733810365.0,4792898.0,0.0,18.5,13.96,12.73,,,1904215927.0,0.2784535023531529,94.6,4.6000000000000085
City of Los Angeles Fire and Police Pension System,7236,2008,14279115742.0,14153296122.0,125819620.0,99.1,1135591951.0,359709710.0,-730673356.0,2709181.0,11800586.0,754312321.0,2767666.0,0.0,-4.58,8.35,10.5,,,-1137135038.0,0.31675965093204506,99.2,-0.10000000000000853
City of Los Angeles Fire and Police Pension System,7236,2009,14817145691.0,14256610416.0,560535275.0,96.2,1357248936.0,342383376.0,-2808259612.0,3962261.0,12674809.0,762205411.0,2858335.0,0.0,-18.07,-2.54,2.94,,,-3239652530.0,0.252262769871127,99.1,-2.8999999999999915
City of Los Angeles Fire and Police Pension System,7236,2010,15520624313.0,14219580662.0,1301043651.0,91.6,1356986476.0,356996862.0,1449498355.0,1544697.0,12824352.0,768113512.0,2945586.0,0.0,13.72,-4.62,2.95,,,1024156464.0,0.26308063367906404,96.2,-4.6000000000000085
City of Los Angeles Fire and Police Pension System,7236,2011,16616476266.0,14337669409.0,2278806857.0,86.3,1343963356.0,382626879.0,2538154798.0,2123865.0,12662390.0,786860516.0,3145172.0,0.0,22.09,3.58,4.66,,,2120237464.0,0.2847003806255563,91.6,-5.299999999999997
City of Los Angeles Fire and Police Pension System,7236,2012,17030833184.0,14251913532.0,2778919652.0,83.7,1341913740.0,441692557.0,225457291.0,1876735.0,13610954.0,831190554.0,1338502.0,0.0,1.89,12.26,1.54,,,-177113427.0,0.32915122919897966,86.3,-2.5999999999999943
City of Los Angeles Fire and Police Pension System,7236,2013,17632425090.0,14657712639.0,2974712451.0,83.1,1367236866.0,497225746.0,1705250760.0,2525693.0,12200359.0,856236598.0,3266578.0,0.0,13.01,12.02,5.05,,,1333298664.0,0.36367198571428805,83.7,-0.6000000000000085
City of Los Angeles Fire and Police Pension System,7236,2014,18114229307.0,15678480269.0,2435749038.0,86.6,1402715039.0,565093149.0,2626143837.0,2898644.0,13865199.0,856035663.0,2950391.0,0.0,17.85,10.71,13.51,,,2321284377.0,0.402856698109444,83.1,3.5
City of Los Angeles Fire and Police Pension System,7236,2015,18337507075.0,16770060026.0,1567447049.0,91.5,1405171211.0,607103133.0,543585041.0,130932250.0,17814449.0,915163279.0,3746037.0,0.0,4.15,11.53,11.53,,,344896659.0,0.4320492252100374,86.6,4.900000000000006
City of Los Angeles Fire and Police Pension System,7236,2016,18798510534.0,17645338395.0,1153172139.0,93.9,1400808351.0,608118997.0,159337274.0,-24386.0,19346446.0,987296111.0,3067069.0,0.0,1.18,7.49,7.42,,,-242277741.0,0.434120054014441,91.5,2.4000000000000057
City of Los Angeles Fire and Police Pension System,7236,2017,24765887787.0,23034084478.0,1731803309.0,93.0,1475539138.0,583209588.0,2256694055.0,3435838.0,19134171.0,925903130.0,4174935.0,0.0,,,,454308852.0,0.0,1894127245.0,0.3952518594596574,93.9,-0.9000000000000057
City of Los Angeles Fire and Police Pension System,7236,2018,25902373005.0,24377639469.0,1524733536.0,94.1,1546042972.0,606391243.0,1886956200.0,5536029.0,19908418.0,991013490.0,3786094.0,0.0,,,,459631946.0,-1334647.0,1484175470.0,0.39222146730860724,93.0,1.0999999999999943
City of Los Angeles Fire and Police Pension System,7236,2019,22474125408.0,21037711090.0,1436414318.0,93.61,1583807653.0,652629896.0,1217329164.0,362496.0,20243956.0,1065978500.0,4477787.0,0.0,,,,504877399.0,0.0,779621313.0,0.41206386063598593,94.1,-0.4899999999999949
City of Los Angeles Fire and Police Pension System,7236,2020,23727315018.0,22106722439.0,1620592579.0,93.17,1670245276.0,670424916.0,605869102.0,375381.0,20685435.0,1116721637.0,4530043.0,0.0,,,,516638053.0,0.0,134732284.0,0.4013930921604355,93.61,-0.4399999999999977
City of Los Angeles Fire and Police Pension System,7236,2021,24461267374.0,23689348796.0,771918578.0,96.84,1684784966.0,701604658.0,6971432135.0,672618.0,21372303.0,1182406486.0,4556135.0,0.0,,,,543818747.0,0.0,6465374487.0,0.4164357304693565,93.17,3.6700000000000017
City of Los Angeles Fire and Police Pension System,7236,2022,25670765985.0,25146787428.0,523978557.0,97.96,1664317874.0,684693824.0,-2021951216.0,368695.0,22146088.0,1237262247.0,7473946.0,0.0,,,,535450402.0,0.0,-2603770978.0,0.4113960648361095,96.84,1.1199999999999903
City of Los Angeles Fire and Police Pension System,7236,2023,26556701793.0,26430734890.0,125966903.0,99.53,1698778328.0,633759084.0,1920048490.0,413428.0,22994196.0,1342885283.0,9579884.0,0.0,,,,481824295.0,0.0,1178761639.0,0.3730675589358001,97.96,1.5700000000000074
City of Los Angeles Fire and Police Pension System,7236,2024,27595631079.0,27527602006.0,68029073.0,99.75,1771168166.0,638000927.0,2561355369.0,626979.0,24067736.0,1456408833.0,8760384.0,0.0,,,,480809810.0,0.0,1710746322.0,0.36021476630356286,99.53,0.21999999999999886
Los Angeles City Employees' Retirement System,7237,2003,7659846696.0,6999647350.0,660199346.0,91.4,1405057848.0,153990712.0,220325869.0,0.0,7705487.0,358195432.0,14679302.0,0.0,,,,,,-6263640.0,0.1095974177996976,,
Los Angeles City Employees' Retirement System,7237,2004,8533863528.0,7042107591.0,1491755937.0,82.5,1575284734.0,213474726.0,1097366070.0,0.0,9066445.0,380275693.0,11338011.0,0.0,,,,,,910160647.0,0.13551500969474894,91.4,-8.900000000000006
Los Angeles City Employees' Retirement System,7237,2005,9321524967.0,7193142227.0,2128382740.0,77.2,1589305846.0,270215149.0,673389332.0,0.0,9303159.0,405456067.0,10679421.0,0.0,10.0,10.9,4.4,,,518165834.0,0.17002086142203746,82.5,-5.299999999999997
Los Angeles City Employees' Retirement System,7237,2006,9870662387.0,7674999374.0,2195663013.0,77.8,1733339536.0,342545484.0,925398858.0,0.0,10283912.0,431231919.0,13021051.0,0.0,12.4,13.6,7.8,,,813407460.0,0.19762168743377698,77.2,0.5999999999999943
Los Angeles City Employees' Retirement System,7237,2007,10526874184.0,8599699772.0,1927174412.0,81.7,1896609013.0,399393764.0,1591647144.0,0.0,9501190.0,457846900.0,17452321.0,0.0,19.5,13.9,12.9,,,1506240497.0,0.21058307814758867,77.8,3.9000000000000057
Los Angeles City Employees' Retirement System,7237,2008,11186403741.0,9438318300.0,1748085441.0,84.4,1977644640.0,417488234.0,-550386459.0,0.0,11987175.0,484549007.0,15148832.0,5366060.0,-5.7,8.2,10.6,,,-649949299.0,0.2111037673583258,81.7,2.700000000000003
Los Angeles City Employees' Retirement System,7237,2009,12041983936.0,9577747421.0,2464236515.0,79.5,1816171212.0,407107822.0,-1800905529.0,0.0,12829052.0,510632770.0,21325182.0,0.0,-19.6,-3.4,2.1,,,-1938584711.0,0.2241571825993683,84.4,-4.900000000000006
Los Angeles City Employees' Retirement System,7237,2010,12595025119.0,9554027411.0,3040997708.0,75.9,1817662284.0,393201207.0,911087966.0,0.0,14203741.0,569938097.0,27971893.0,0.0,12.9,-5.0,2.9,,,692175442.0,0.21632247665650525,79.5,-3.5999999999999943
Los Angeles City Employees' Retirement System,7237,2011,13391704000.0,9691011496.0,3700692504.0,72.4,1833392381.0,421468661.0,1654823921.0,0.0,13232256.0,654383893.0,18215248.0,0.0,22.6,3.7,4.7,,,1390461185.0,0.2298845928279223,75.9,-3.5
Los Angeles City Employees' Retirement System,7237,2012,14393958574.0,9934959310.0,4458999264.0,69.0,1819269630.0,486958056.0,72705677.0,0.0,12994579.0,664626584.0,11100595.0,0.0,1.1,11.9,1.2,,,-129058025.0,0.26766678669835214,72.4,-3.4000000000000057
Los Angeles City Employees' Retirement System,7237,2013,14881663162.0,10223960886.0,4657702276.0,68.7,1846970474.0,544230482.0,1275613182.0,0.0,13351400.0,687362401.0,17697282.0,0.0,14.3,12.3,5.2,,,1101432581.0,0.29466117063655883,69.0,-0.29999999999999716
Los Angeles City Employees' Retirement System,7237,2014,16248853099.0,10944750574.0,5304102525.0,67.4,1898064175.0,561954146.0,1820266263.0,0.0,12438134.0,708955944.0,15982650.0,0.0,18.4,11.0,13.6,,,1644843681.0,0.2960669894104081,68.7,-1.2999999999999972
Los Angeles City Employees' Retirement System,7237,2015,16909996380.0,11727161378.0,5182835002.0,69.4,1907664598.0,588863387.0,308556813.0,0.0,15945757.0,734736350.0,10120883.0,0.0,2.8,11.6,11.5,,,136617210.0,0.3086828720401719,67.4,2.0
Los Angeles City Employees' Retirement System,7237,2016,17424996329.0,12439250206.0,4985746123.0,71.4,1968702630.0,652048763.0,27637728.0,0.0,15575653.0,767264181.0,7718826.0,0.0,0.5,7.0,7.2,,,-110872169.0,0.33120734084659603,69.4,2.0
Los Angeles City Employees' Retirement System,7237,2017,18458187953.0,13178333884.0,5279854069.0,71.4,2062316129.0,681035869.0,1524533612.0,0.0,16019350.0,799221445.0,9802623.0,0.0,13.3,5.4,9.6,453356059.0,0.0,1380526063.0,0.3302286489560786,71.4,0.0
Los Angeles City Employees' Retirement System,7237,2018,19944579058.0,13982435465.0,5962143593.0,70.1,2177687102.0,686560420.0,1249812753.0,0.0,16394328.0,847031061.0,10411515.0,0.0,9.2,7.6,8.7,450195254.0,-143000.0,1062536269.0,0.3152704625790634,71.4,-1.3000000000000114
Los Angeles City Employees' Retirement System,7237,2019,20793421143.0,14818564427.0,5974856716.0,71.27,2225412831.0,719184349.0,802026503.0,0.0,17806372.0,909153624.0,11683519.0,0.0,6.15,9.52,6.3,478716953.0,0.0,582567337.0,0.323168959476535,70.1,1.1700000000000017
Los Angeles City Employees' Retirement System,7237,2020,22527195295.0,15630102547.0,6897092748.0,69.38,2445016587.0,817157823.0,305291660.0,644742.0,21257416.0,973196991.0,12332170.0,0.0,1.24,5.49,5.98,553118173.0,0.0,116307648.0,0.3342136112060658,71.27,-1.8900000000000006
Los Angeles City Employees' Retirement System,7237,2021,23281892854.0,16660584654.0,6621308200.0,71.56,2254165029.0,806978642.0,4280053138.0,515766.0,24124695.0,1061598834.0,16092317.0,0.0,29.29,11.58,11.45,554855906.0,0.0,3985731700.0,0.3579944820446418,69.38,2.180000000000007
Los Angeles City Employees' Retirement System,7237,2022,24078751303.0,17649267571.0,6429483732.0,73.3,2258724771.0,833110045.0,-1545393641.0,29717.0,24142149.0,1157296462.0,11336276.0,0.0,-6.86,6.83,7.17,591234354.0,0.0,-1905028766.0,0.36884088566096485,71.56,1.7399999999999949
Los Angeles City Employees' Retirement System,7237,2023,25299537118.0,18493821018.0,6805716100.0,73.1,2512179018.0,929415020.0,1265098623.0,82121.0,25758546.0,1211894227.0,14396630.0,0.0,6.93,8.79,6.71,669391196.0,-47000.0,942546361.0,0.3699636902229712,73.3,-0.20000000000000284
Los Angeles City Employees' Retirement System,7237,2024,26492518234.0,19445576600.0,7046941634.0,73.4,2730282217.0,994025339.0,1508516995.0,34605.0,29554168.0,1263239533.0,13601611.0,0.0,8.86,2.73,7.25,714338215.0,-51000.0,1196181627.0,0.36407420918274985,73.1,0.30000000000001137
City of Los Angeles Water and Power Employees' Retirement Plan,7238,2003,6042000000.0,6128000000.0,-86000000.0,101.4,472432303.0,77062664.0,109135965.0,2612142.0,1630995.0,295587105.0,3967902.0,0.0,,,,,,-112375231.0,0.16311895590255604,,
City of Los Angeles Water and Power Employees' Retirement Plan,7238,2004,6421813922.0,6251421125.0,170392797.0,97.3,522227280.0,93854824.0,614314006.0,2448392.0,2333761.0,302063849.0,3585343.0,0.0,11.7,3.2,3.7,,,402634269.0,0.179720262794391,101.4,-4.1000000000000085
City of Los Angeles Water and Power Employees' Retirement Plan,7238,2005,6421813922.0,6251421125.0,170392797.0,97.3,581038783.0,114346399.0,421580191.0,2532930.0,2116592.0,311551053.0,3977223.0,0.0,7.5,7.2,5.1,,,220814652.0,0.19679650024325485,97.3,0.0
City of Los Angeles Water and Power Employees' Retirement Plan,7238,2006,7046571241.0,6447763436.0,598807805.0,91.5,635728131.0,142886049.0,516736464.0,2909277.0,2209669.0,325873101.0,3424377.0,0.0,8.7,9.4,5.1,,,331024643.0,0.2247596763969534,97.3,-5.799999999999997
City of Los Angeles Water and Power Employees' Retirement Plan,7238,2007,7046571241.0,6447763436.0,598807805.0,91.5,670372663.0,176214985.0,1058735406.0,14333975.0,2809523.0,338340501.0,3546079.0,0.0,16.7,10.9,9.3,,,904588263.0,0.26286123334954664,91.5,0.0
City of Los Angeles Water and Power Employees' Retirement Plan,7238,2008,7619102935.0,7247853233.0,371249702.0,95.1,708731840.0,190556173.0,-325994862.0,4350360.0,3396913.0,353178785.0,6232954.0,0.0,-4.3,6.7,7.9,,,-493896981.0,0.26886921434205635,91.5,3.5999999999999943
City of Los Angeles Water and Power Employees' Retirement Plan,7238,2009,8057060950.0,7248721252.0,808339698.0,90.0,805137795.0,205346287.0,-1063572477.0,4141143.0,3324444.0,363691635.0,3951906.0,0.0,-15.1,-1.8,2.1,,,-1225053032.0,0.2550448982462685,95.1,-5.099999999999994
City of Los Angeles Water and Power Employees' Retirement Plan,7238,2010,8893618433.0,7244429689.0,1649188744.0,81.5,856089559.0,272279291.0,673615422.0,5288453.0,3727206.0,377051650.0,3006724.0,0.0,,,,,,567397586.0,0.3180500078964285,90.0,-8.5
City of Los Angeles Water and Power Employees' Retirement Plan,7238,2011,9297204318.0,7465183643.0,1832020675.0,80.3,870203423.0,352664991.0,1188370516.0,5437181.0,3893338.0,396136140.0,2381657.0,0.0,,,,,,1144061553.0,0.40526729920711885,81.5,-1.2000000000000028
City of Los Angeles Water and Power Employees' Retirement Plan,7238,2012,9692602852.0,7573885754.0,2118717098.0,78.1,886539366.0,381777533.0,7086573.0,4942048.0,3658237.0,410814067.0,5526896.0,0.0,,,,,,-26193046.0,0.4306379926731872,80.3,-2.200000000000003
City of Los Angeles Water and Power Employees' Retirement Plan,7238,2013,10094867871.0,7958487587.0,2136380284.0,78.8,900254454.0,438059797.0,916989610.0,7082383.0,3736871.0,432708113.0,5819254.0,0.0,,,,,,919867552.0,0.48659553424436597,78.1,0.7000000000000028
City of Los Angeles Water and Power Employees' Retirement Plan,7238,2014,10975550617.0,8877594529.0,2097956088.0,80.9,819923866.0,456565418.0,1404703386.0,5855244.0,4221234.0,457558214.0,6038726.0,0.0,,,,,,1399305874.0,0.5568387955669045,78.8,2.1000000000000085
City of Los Angeles Water and Power Employees' Retirement Plan,7238,2015,11218445567.0,9750343300.0,1468102267.0,86.9,839213254.0,445454397.0,409939096.0,6168859.0,4612476.0,480465024.0,5501886.0,0.0,,,,,,370982966.0,0.5308000021172211,80.9,6.0
City of Los Angeles Water and Power Employees' Retirement Plan,7238,2016,12289229001.0,10344355801.0,1944873200.0,84.2,861818854.0,437428417.0,93654658.0,8052485.0,5108114.0,505591726.0,4893260.0,0.0,,,,,,23542460.0,0.5075642230031788,86.9,-2.700000000000003
City of Los Angeles Water and Power Employees' Retirement Plan,7238,2017,12657101266.0,11133708386.0,1523392880.0,88.0,892332196.0,474956464.0,1280503436.0,6333271.0,5375229.0,535914984.0,4446351.0,0.0,,,,403780319.0,12062960.0,1216056607.0,0.5322641793370863,84.2,3.799999999999997
City of Los Angeles Water and Power Employees' Retirement Plan,7238,2018,13187542730.0,12009999030.0,1177543700.0,91.1,953635670.0,527071809.0,997956592.0,6706510.0,5336458.0,558900946.0,4311579.0,0.0,,,,425512236.0,-7900333.0,963185928.0,0.5526972465281211,88.0,3.0999999999999943
City of Los Angeles Water and Power Employees' Retirement Plan,7238,2019,13811956483.0,12739144966.0,1072811517.0,92.23,1028212002.0,514907049.0,791227263.0,6619923.0,5188931.0,591461776.0,6101790.0,0.0,6.36,9.31,6.59,408750192.0,-1414932.0,710001738.0,0.500779068906453,91.1,1.1300000000000097
City of Los Angeles Water and Power Employees' Retirement Plan,7238,2020,14465349538.0,13586120581.0,879228957.0,93.92,1130066141.0,542316721.0,458098604.0,6563369.0,4705004.0,628852137.0,6800458.0,0.0,3.49,6.25,6.43,424375428.0,2358034.0,366621095.0,0.4798982124356914,92.23,1.6899999999999977
City of Los Angeles Water and Power Employees' Retirement Plan,7238,2021,15008817566.0,14889255775.0,119561791.0,99.2,1121883556.0,501306767.0,3489083903.0,6197386.0,5115182.0,671277654.0,6439360.0,0.0,26.49,11.66,11.32,373374390.0,-5616121.0,3313755860.0,0.44684384963032653,93.92,5.280000000000001
City of Los Angeles Water and Power Employees' Retirement Plan,7238,2022,16130108757.0,15812000418.0,318108339.0,98.03,1178016102.0,449978861.0,-888458595.0,6561829.0,5613756.0,706884767.0,9123134.0,0.0,-5.44,7.37,7.48,302800123.0,-16073636.0,-1153539562.0,0.38198022950283916,99.2,-1.1700000000000017
City of Los Angeles Water and Power Employees' Retirement Plan,7238,2023,17006868824.0,16595320789.0,411548035.0,97.58,1259245870.0,506301174.0,1152901105.0,7134786.0,5999703.0,740641591.0,8819054.0,0.0,7.45,8.72,7.18,372208000.0,10622141.0,910876717.0,0.40206697203620767,98.03,-0.45000000000000284
City of Los Angeles Water and Power Employees' Retirement Plan,7238,2024,18026936825.0,17600753628.0,426183197.0,97.64,1403031222.0,587463991.0,1593974111.0,6820082.0,5644683.0,783895839.0,10821672.0,0.0,9.79,3.71,7.87,435599199.0,10295289.0,1387895990.0,0.4187105616670304,97.58,0.060000000000002274
City of Pasadena Fire and Police Retirement System,7239,2003,199168153.0,122105136.0,77063017.0,61.3,2684811.0,583243.0,2133232.0,0.0,128393.0,12751102.0,0.0,0.0,,,,,,-10163020.0,0.21723801042233512,,
City of Pasadena Fire and Police Retirement System,7239,2004,186072418.0,117100312.0,68972106.0,62.9,738815.0,40482410.0,14995116.0,0.0,301711.0,12879240.0,645858.0,4040779.0,,,,,,37609938.0,,61.3,1.6000000000000014
City of Pasadena Fire and Police Retirement System,7239,2005,185181366.0,132729995.0,52451371.0,71.7,277488.0,110900.0,13178541.0,0.0,228638.0,13968712.0,0.0,0.0,11.1,9.23,3.62,,,-907909.0,0.3996569221011359,62.9,8.800000000000004
City of Pasadena Fire and Police Retirement System,7239,2006,184851528.0,127840725.0,57010803.0,69.2,141059.0,1484117.0,13712437.0,0.0,233509.0,14190200.0,0.0,0.0,10.4,12.07,6.06,,,772845.0,,71.7,-2.5
City of Pasadena Fire and Police Retirement System,7239,2007,183046073.0,131136702.0,51909371.0,71.6,145786.0,3858640.0,21850515.0,0.0,257366.0,14572486.0,0.0,0.0,16.5,12.67,10.92,,,10879303.0,,69.2,2.3999999999999915
City of Pasadena Fire and Police Retirement System,7239,2008,178747842.0,131321211.0,47426631.0,73.5,178927.0,3217327.0,-10398863.0,0.0,300721.0,14864336.0,0.0,0.0,-7.6,6.43,9.02,,,-22346593.0,,71.6,1.9000000000000057
City of Pasadena Fire and Police Retirement System,7239,2009,177803309.0,119551189.0,58252120.0,67.2,0.0,979628.0,-23625543.0,0.0,210829.0,14898488.0,0.0,0.0,-20.2,-3.76,2.04,,,-37755232.0,,73.5,-6.299999999999997
City of Pasadena Fire and Police Retirement System,7239,2010,166096000.0,109740000.0,56356000.0,66.1,0.0,4981704.0,14946559.0,0.0,246316.0,14974640.0,0.0,0.0,19.0,-3.6,3.2,,,4707307.0,,67.2,-1.1000000000000085
City of Pasadena Fire and Police Retirement System,7239,2011,179284000.0,105811000.0,73473000.0,59.0,0.0,8036000.0,19605223.0,0.0,241635.0,14381525.0,0.0,0.0,23.1,5.0,4.2,,,13018063.0,,66.1,-7.099999999999994
City of Pasadena Fire and Police Retirement System,7239,2012,174249000.0,136272000.0,37977000.0,78.2,14147887.0,46600000.0,2036348.0,0.0,286778.0,14147887.0,0.0,0.0,3.1,14.9,2.0,,,34201683.0,3.2937780744219967,59.0,19.200000000000003
City of Pasadena Fire and Police Retirement System,7239,2013,168781000.0,127985000.0,40796000.0,75.8,0.0,0.0,15629969.0,0.0,271035.0,14322245.0,0.0,0.0,13.0,12.9,6.4,,,1036689.0,,78.2,-2.4000000000000057
City of Pasadena Fire and Police Retirement System,7239,2014,159516000.0,130183000.0,29333000.0,81.6,14140462.0,1164000.0,21303965.0,0.0,295882.0,14140462.0,0.0,0.0,16.0,10.7,14.93,,,8031621.0,0.08231697097308419,75.8,5.799999999999997
City of Pasadena Fire and Police Retirement System,7239,2015,162154000.0,129984000.0,32170000.0,80.2,13644833.0,0.0,5682444.0,0.0,272961.0,13644833.0,0.0,0.0,4.2,10.9,11.7,,,-8235350.0,0.0,81.6,-1.3999999999999915
City of Pasadena Fire and Police Retirement System,7239,2016,155824000.0,125479000.0,30345000.0,80.5,13447666.0,0.0,48819.0,0.0,301633.0,13447666.0,0.0,0.0,0.9,6.8,7.3,,,-13700480.0,0.0,80.2,0.29999999999999716
City of Pasadena Fire and Police Retirement System,7239,2017,148454000.0,122433000.0,26021000.0,82.5,13117723.0,0.0,12513551.0,0.0,299630.0,13117723.0,0.0,0.0,,,,,0.0,-903802.0,0.0,80.5,2.0
City of Pasadena Fire and Police Retirement System,7239,2018,147816000.0,118034000.0,29782000.0,79.85,0.0,0.0,6656468.0,0.0,273989.0,12815158.0,0.0,0.0,,,,,,-6432679.0,,82.5,-2.6500000000000057
City of Pasadena Fire and Police Retirement System,7239,2019,144367000.0,109827000.0,34540000.0,76.07,0.0,0.0,5922678.0,0.0,256986.0,12823681.0,0.0,0.0,,,,,,-7157989.0,,79.85,-3.780000000000001
City of Pasadena Fire and Police Retirement System,7239,2020,139285000.0,124255000.0,15030000.0,89.21,12773457.0,23137382.0,3394364.0,0.0,321126.0,12773457.0,0.0,0.0,,,,,,13437163.0,1.811364143630029,76.07,13.14
City of Pasadena Fire and Police Retirement System,7239,2021,131926000.0,121488000.0,10438000.0,92.09,12505972.0,0.0,22353847.0,0.0,326542.0,12505972.0,0.0,0.0,,,,,,9521333.0,0.0,89.21,2.8800000000000097
City of Pasadena Fire and Police Retirement System,7239,2022,131139000.0,115181000.0,15958000.0,87.83,12072173.0,0.0,-10655776.0,0.0,342899.0,12072173.0,0.0,0.0,,,,,,-23070848.0,0.0,92.09,-4.260000000000005
City of Pasadena Fire and Police Retirement System,7239,2023,127551000.0,107321000.0,20230000.0,84.14,11953784.0,0.0,5013170.0,0.0,343825.0,11953784.0,0.0,0.0,,,,,,-7284439.0,0.0,87.83,-3.6899999999999977
City of Pasadena Fire and Police Retirement System,7239,2024,119513000.0,99755000.0,19758000.0,83.47,0.0,601463.0,6219559.0,0.0,318403.0,12250323.0,0.0,0.0,,,,0.0,0.0,-5747704.0,,84.14,-0.6700000000000017
City of Manhattan Beach Single Highest Year Retirement Plan,7240,2003,516298.0,582400.0,-66102.0,112.8,0.0,0.0,33595.0,0.0,0.0,53761.0,0.0,0.0,,,,,,-20166.0,,,
City of Manhattan Beach Single Highest Year Retirement Plan,7240,2004,498155.0,499227.0,-1072.0,100.2,0.0,0.0,24488.0,0.0,0.0,55048.0,0.0,0.0,,,,,,-30560.0,,112.8,-12.599999999999994
City of Manhattan Beach Single Highest Year Retirement Plan,7240,2005,498155.0,472367.0,25788.0,94.8,0.0,0.0,27887.0,0.0,0.0,54747.0,0.0,0.0,,,,,,-26860.0,,100.2,-5.400000000000006
City of Manhattan Beach Single Highest Year Retirement Plan,7240,2006,444497.0,444497.0,0.0,100.0,0.0,3198.0,23697.0,0.0,0.0,54765.0,0.0,0.0,,,,,,-27870.0,,94.8,5.200000000000003
City of Manhattan Beach Single Highest Year Retirement Plan,7240,2007,444497.0,444497.0,0.0,100.0,0.0,0.0,37269.0,0.0,0.0,53205.0,0.0,0.0,,,,,,-15936.0,,100.0,0.0
City of Manhattan Beach Single Highest Year Retirement Plan,7240,2008,432935.0,461030.0,-28095.0,106.5,0.0,0.0,86857.0,0.0,0.0,54388.0,0.0,0.0,,,,,,32469.0,,100.0,6.5
City of Manhattan Beach Single Highest Year Retirement Plan,7240,2009,432935.0,461030.0,-28095.0,106.5,0.0,0.0,15416.0,0.0,0.0,52318.0,0.0,0.0,,,,,,-36902.0,,106.5,0.0
City of Manhattan Beach Single Highest Year Retirement Plan,7240,2010,377004.0,405545.0,-28541.0,107.6,0.0,0.0,30291.0,0.0,0.0,48874.0,0.0,0.0,,,,,,-18583.0,,106.5,1.0999999999999943
City of Manhattan Beach Single Highest Year Retirement Plan,7240,2011,377004.0,405545.0,-28541.0,107.6,0.0,0.0,17656.0,0.0,0.0,47027.0,0.0,0.0,,,,,,-29371.0,,107.6,0.0
City of Manhattan Beach Single Highest Year Retirement Plan,7240,2012,373634.0,353339.0,20295.0,94.6,0.0,0.0,14125.0,0.0,0.0,47960.0,0.0,0.0,,,,,,-33835.0,,107.6,-13.0
City of Manhattan Beach Single Highest Year Retirement Plan,7240,2013,373634.0,315899.0,57735.0,84.5,0.0,0.0,11288.0,0.0,0.0,48728.0,0.0,0.0,,,,,,-37440.0,,94.6,-10.099999999999994
City of Manhattan Beach Single Highest Year Retirement Plan,7240,2014,315443.0,278200.0,37243.0,88.2,0.0,0.0,12194.0,0.0,0.0,49893.0,0.0,0.0,,,,,,-37699.0,,84.5,3.700000000000003
City of Manhattan Beach Single Highest Year Retirement Plan,7240,2015,315443.0,237180.0,78263.0,75.2,0.0,0.0,9853.0,0.0,0.0,50873.0,0.0,0.0,,,,,,-41020.0,,88.2,-13.0
City of Manhattan Beach Single Highest Year Retirement Plan,7240,2016,296622.0,198928.0,97694.0,67.1,0.0,0.0,13346.0,0.0,0.0,51598.0,0.0,0.0,,,,,,-38252.0,,75.2,-8.100000000000009
City of Manhattan Beach Single Highest Year Retirement Plan,7240,2017,336669.0,144361.0,192308.0,42.9,0.0,0.0,-1639.0,0.0,0.0,52928.0,0.0,0.0,,,,0.0,0.0,-54567.0,,67.1,-24.199999999999996
City of Manhattan Beach Single Highest Year Retirement Plan,7240,2018,284083.0,92172.0,191911.0,32.5,0.0,0.0,1616.0,0.0,0.0,53805.0,0.0,0.0,,,,,,-52189.0,,42.9,-10.399999999999999
City of Manhattan Beach Single Highest Year Retirement Plan,7240,2019,292056.0,118394.0,173662.0,40.54,0.0,72227.0,4689.0,0.0,0.0,50694.0,0.0,0.0,3.5,3.5,3.5,72227.0,0.0,26222.0,,32.5,8.04
City of Manhattan Beach Single Highest Year Retirement Plan,7240,2020,282666.0,108687.0,173979.0,38.45,0.0,39271.0,2495.0,0.0,0.0,51473.0,0.0,0.0,2.2,2.2,2.2,39271.0,0.0,-9707.0,,40.54,-2.0899999999999963
City of Manhattan Beach Single Highest Year Retirement Plan,7240,2021,125489.0,64370.0,61119.0,51.3,0.0,0.0,733.0,0.0,0.0,25050.0,0.0,0.0,2.16,2.16,2.16,25050.0,0.0,-24317.0,,38.45,12.849999999999994
City of Manhattan Beach Single Highest Year Retirement Plan,7240,2022,118015.0,40025.0,77990.0,33.92,0.0,0.0,-820.0,0.0,0.0,20304.0,0.0,0.0,3.54,3.54,3.54,20304.0,0.0,-21124.0,,51.3,-17.379999999999995
City of Manhattan Beach Single Highest Year Retirement Plan,7240,2023,103289.0,39521.0,63768.0,38.26,0.0,21068.0,339.0,0.0,0.0,21068.0,0.0,0.0,3.65,3.65,3.65,21068.0,0.0,339.0,,33.92,4.339999999999996
City of Manhattan Beach Single Highest Year Retirement Plan,7240,2024,97984.0,38956.0,59028.0,39.76,0.0,21490.0,253.0,0.0,0.0,21490.0,0.0,0.0,3.93,3.93,3.93,21490.0,0.0,253.0,,38.26,1.5
City of Manhattan Beach Supplemental Retirement Plan,7241,2003,200915.0,224064.0,-23149.0,111.5,0.0,0.0,13000.0,0.0,0.0,23424.0,0.0,0.0,,,,,,-10424.0,,,
City of Manhattan Beach Supplemental Retirement Plan,7241,2004,196289.0,196711.0,-422.0,100.2,0.0,0.0,9291.0,0.0,0.0,23984.0,0.0,0.0,,,,,,-14693.0,,111.5,-11.299999999999997
City of Manhattan Beach Supplemental Retirement Plan,7241,2005,196289.0,183066.0,13223.0,93.3,0.0,0.0,10724.0,0.0,0.0,24369.0,0.0,0.0,,,,,,-13645.0,,100.2,-6.900000000000006
City of Manhattan Beach Supplemental Retirement Plan,7241,2006,192805.0,192805.0,0.0,100.0,0.0,25326.0,9269.0,0.0,0.0,24856.0,0.0,0.0,,,,,,9739.0,,93.3,6.700000000000003
City of Manhattan Beach Supplemental Retirement Plan,7241,2007,192805.0,192805.0,0.0,100.0,0.0,0.0,16050.0,0.0,0.0,25670.0,0.0,0.0,,,,,,-9620.0,,100.0,0.0
City of Manhattan Beach Supplemental Retirement Plan,7241,2008,189506.0,193627.0,-4121.0,102.2,0.0,0.0,36791.0,0.0,0.0,26349.0,0.0,0.0,,,,,,10442.0,,100.0,2.200000000000003
City of Manhattan Beach Supplemental Retirement Plan,7241,2009,189506.0,193627.0,-4121.0,102.2,0.0,0.0,6430.0,0.0,0.0,24486.0,0.0,0.0,,,,,,-18056.0,,102.2,0.0
City of Manhattan Beach Supplemental Retirement Plan,7241,2010,189506.0,175571.0,13935.0,92.6,0.0,0.0,12602.0,0.0,0.0,18582.0,0.0,0.0,,,,,,-5980.0,,102.2,-9.600000000000009
City of Manhattan Beach Supplemental Retirement Plan,7241,2011,136197.0,169591.0,-33394.0,124.5,0.0,0.0,7399.0,0.0,0.0,18954.0,0.0,0.0,,,,,,-11555.0,,92.6,31.900000000000006
City of Manhattan Beach Supplemental Retirement Plan,7241,2012,133183.0,133653.0,-470.0,100.4,0.0,0.0,5951.0,0.0,0.0,19334.0,0.0,0.0,,,,,,-13383.0,,124.5,-24.099999999999994
City of Manhattan Beach Supplemental Retirement Plan,7241,2013,133183.0,118255.0,14928.0,88.8,0.0,0.0,4249.0,0.0,0.0,19647.0,0.0,0.0,,,,,,-15398.0,,100.4,-11.600000000000009
City of Manhattan Beach Supplemental Retirement Plan,7241,2014,111304.0,102674.0,8630.0,92.2,0.0,0.0,4535.0,0.0,0.0,20116.0,0.0,0.0,,,,,,-15581.0,,88.8,3.4000000000000057
City of Manhattan Beach Supplemental Retirement Plan,7241,2015,111304.0,85757.0,25547.0,77.0,0.0,0.0,3602.0,0.0,0.0,20519.0,0.0,0.0,,,,,,-16917.0,,92.2,-15.200000000000003
City of Manhattan Beach Supplemental Retirement Plan,7241,2016,103650.0,68758.0,34892.0,66.3,0.0,0.0,4729.0,0.0,0.0,21728.0,0.0,0.0,,,,,,-16999.0,,77.0,-10.700000000000003
City of Manhattan Beach Supplemental Retirement Plan,7241,2017,117407.0,46866.0,70541.0,39.9,2.0,0.0,-552.0,0.0,0.0,21340.0,0.0,0.0,,,,,0.0,-21892.0,0.0,66.3,-26.4
City of Manhattan Beach Supplemental Retirement Plan,7241,2018,109239.0,25672.0,83567.0,23.5,0.0,0.0,496.0,0.0,0.0,21690.0,0.0,0.0,,,,,,-21194.0,,39.9,-16.4
City of Manhattan Beach Supplemental Retirement Plan,7241,2019,111762.0,32344.0,79418.0,28.94,0.0,27773.0,1024.0,0.0,0.0,22125.0,0.0,0.0,3.5,3.5,3.5,27773.0,0.0,6672.0,,23.5,5.440000000000001
City of Manhattan Beach Supplemental Retirement Plan,7241,2020,106234.0,21427.0,84807.0,20.17,0.0,10729.0,681.0,0.0,0.0,22327.0,0.0,0.0,2.2,2.2,2.2,10729.0,0.0,-10917.0,,28.94,-8.77
City of Manhattan Beach Supplemental Retirement Plan,7241,2021,59219.0,27190.0,32029.0,45.91,0.0,0.0,145.0,0.0,0.0,14382.0,0.0,0.0,2.16,2.16,2.16,14382.0,0.0,-14237.0,,20.17,25.739999999999995
City of Manhattan Beach Supplemental Retirement Plan,7241,2022,52385.0,13342.0,39043.0,25.47,0.0,0.0,-368.0,0.0,0.0,12889.0,0.0,0.0,3.54,3.54,,12889.0,0.0,-13257.0,,45.91,-20.439999999999998
City of Manhattan Beach Supplemental Retirement Plan,7241,2023,48931.0,18598.0,30333.0,38.01,0.0,12612.0,160.0,0.0,0.0,13359.0,0.0,0.0,3.65,3.65,3.65,12612.0,0.0,-587.0,,25.47,12.54
City of Manhattan Beach Supplemental Retirement Plan,7241,2024,47832.0,18332.0,29500.0,38.33,0.0,13898.0,119.0,0.0,0.0,13898.0,0.0,0.0,3.93,3.93,3.93,13898.0,0.0,119.0,,38.01,0.3200000000000003
City of Irvine Safety Defined Benefit Pension Plan,7243,2003,16883401.0,16283427.0,599974.0,96.4,1756074.0,518042.0,657583.0,0.0,55826.0,718832.0,0.0,0.0,,,,,,400967.0,0.2950000968068544,,
City of Irvine Safety Defined Benefit Pension Plan,7243,2004,16283427.0,16283427.0,0.0,100.0,1651312.0,487137.0,671554.0,0.0,38476.0,760535.0,0.0,0.0,,,,,,359680.0,0.29499997577683684,96.4,3.5999999999999943
City of Irvine Safety Defined Benefit Pension Plan,7243,2005,16980735.0,16980735.0,0.0,100.0,454693.0,943460.0,650962.0,0.0,50905.0,775309.0,0.0,0.0,,,,,,768208.0,2.0749384749710242,100.0,0.0
City of Irvine Safety Defined Benefit Pension Plan,7243,2006,16980735.0,16980735.0,0.0,100.0,454693.0,187346.0,687185.0,0.0,5720.0,841597.0,0.0,0.0,,,,,,27214.0,0.4120274558878188,100.0,0.0
City of Irvine Safety Defined Benefit Pension Plan,7243,2007,17366549.0,17366549.0,0.0,100.0,334996.0,218968.0,1660516.0,0.0,20718.0,915643.0,0.0,0.0,,,,,,943123.0,0.6536436255955295,100.0,0.0
City of Irvine Safety Defined Benefit Pension Plan,7243,2008,17366549.0,17366549.0,0.0,100.0,334996.0,230482.0,1223045.0,222.0,5390.0,965937.0,0.0,0.0,,,,,,482422.0,0.6880141852440029,100.0,0.0
City of Irvine Safety Defined Benefit Pension Plan,7243,2009,19070867.0,18792094.0,278773.0,98.5,288560.0,228424.0,-2551849.0,0.0,20855.0,1002793.0,0.0,0.0,,,,,,-3347073.0,0.791599667313557,100.0,-1.5
City of Irvine Safety Defined Benefit Pension Plan,7243,2010,19070867.0,18792094.0,278773.0,98.5,297026.0,235126.0,2386068.0,0.0,19470.0,1025352.0,0.0,0.0,,,,,,1576372.0,0.7916007352891666,98.5,0.0
City of Irvine Safety Defined Benefit Pension Plan,7243,2011,19422816.0,18165593.0,1257223.0,93.5,298955.0,236653.0,1768726.0,0.0,7735.0,1048363.0,0.0,0.0,,,,,,949281.0,0.7916007425866769,98.5,-5.0
City of Irvine Safety Defined Benefit Pension Plan,7243,2012,19422816.0,18165593.0,1257223.0,93.5,299394.0,311663.0,849321.0,0.0,4650.0,1071833.0,0.0,0.0,,,,,,84501.0,1.0409794451458614,93.5,0.0
City of Irvine Safety Defined Benefit Pension Plan,7243,2013,19899154.0,17679854.0,2219300.0,88.8,299043.0,492960.0,1700097.0,0.0,3760.0,1095773.0,0.0,0.0,,,,,,1093524.0,1.6484585828793852,93.5,-4.700000000000003
City of Irvine Safety Defined Benefit Pension Plan,7243,2014,19899154.0,17679854.0,2219300.0,88.8,305226.0,357707.0,1486382.0,0.0,16716.0,1120189.0,0.0,0.0,,,,,,707184.0,1.1719414466657494,88.8,0.0
City of Irvine Safety Defined Benefit Pension Plan,7243,2015,20289365.0,19267179.0,1022186.0,95.0,325697.0,263566.0,1300668.0,0.0,39739.0,1145096.0,0.0,0.0,,,,,,379399.0,0.809236805988388,88.8,6.200000000000003
City of Irvine Safety Defined Benefit Pension Plan,7243,2016,20354907.0,20188450.0,166457.0,99.2,333602.0,161908.0,-5785.0,0.0,17391.0,1170501.0,0.0,0.0,,,,,,-1031769.0,0.485332821745673,95.0,4.200000000000003
City of Irvine Safety Defined Benefit Pension Plan,7243,2017,20131860.0,19793197.0,338663.0,98.3,351166.0,132515.0,1037967.0,0.0,16437.0,1165225.0,0.0,0.0,,,,88276.0,-3558.0,-11180.0,0.377357147332031,99.2,-0.9000000000000057
City of Irvine Safety Defined Benefit Pension Plan,7243,2018,20303670.0,19209782.0,1093888.0,94.6,373044.0,229396.0,1705421.0,0.0,15650.0,1197882.0,0.0,0.0,,,,184376.0,-1.0,721285.0,0.6149301422888452,98.3,-3.700000000000003
City of Irvine Safety Defined Benefit Pension Plan,7243,2019,20294619.0,19590354.0,704265.0,96.53,384931.0,299680.0,-499329.0,0.0,14120.0,1224343.0,0.0,0.0,,,,204407.0,-49043.0,-1438112.0,0.778529138988546,94.6,1.9300000000000068
City of Irvine Safety Defined Benefit Pension Plan,7243,2020,20370165.0,19267141.0,1103024.0,94.59,381026.0,308692.0,2550591.0,0.0,27445.0,1271359.0,0.0,0.0,,,,259491.0,-3478.0,1560479.0,0.8101599365922535,96.53,-1.9399999999999977
City of Irvine Safety Defined Benefit Pension Plan,7243,2021,23761392.0,19402936.0,4358456.0,81.66,263645.0,626354.0,2280216.0,0.0,23117.0,1414288.0,0.0,0.0,,,,590933.0,-3784.0,1469165.0,2.3757476910239146,94.59,-12.930000000000007
City of Irvine Safety Defined Benefit Pension Plan,7243,2022,23356881.0,20000171.0,3356710.0,85.63,265260.0,626549.0,993576.0,0.0,18096.0,1444494.0,0.0,0.0,,,,522539.0,-72178.0,157535.0,2.3620183970444093,81.66,3.969999999999999
City of Irvine Safety Defined Benefit Pension Plan,7243,2023,23929899.0,20617325.0,3312574.0,86.16,272177.0,627378.0,-3078689.0,0.0,18726.0,1455684.0,0.0,0.0,,,,539700.0,-55017.0,-3925721.0,2.3050367959085447,85.63,0.5300000000000011
City of Irvine Safety Defined Benefit Pension Plan,7243,2024,23333004.0,20347027.0,2985977.0,87.2,318509.0,631512.0,1839500.0,0.0,18838.0,1458703.0,0.0,0.0,,,,531123.0,-86468.0,993471.0,1.9827132043364553,86.16,1.0400000000000063
City of San Clemente Restated Employees' Retirement Plan,7244,2003,16775836.0,16775836.0,0.0,100.0,8757400.0,1131432.0,477203.0,0.0,14463.0,1479040.0,0.0,14166.0,,,,,,100966.0,0.12919725032543905,,
City of San Clemente Restated Employees' Retirement Plan,7244,2004,18431583.0,18431583.0,0.0,100.0,8956943.0,1530309.0,2021324.0,0.0,19976.0,590512.0,0.0,20105.0,,,,,,2921040.0,0.17085170688258258,100.0,0.0
City of San Clemente Restated Employees' Retirement Plan,7244,2005,18431583.0,18431583.0,0.0,100.0,8956943.0,1628497.0,1568686.0,0.0,1509.0,1273226.0,0.0,40568.0,,,,,,1881880.0,0.181813929149711,100.0,0.0
City of San Clemente Restated Employees' Retirement Plan,7244,2006,22113885.0,22113885.0,0.0,100.0,10676530.0,1919957.0,1617592.0,0.0,21481.0,1923241.0,0.0,18000.0,,,,,,1574827.0,0.1798296824904721,100.0,0.0
City of San Clemente Restated Employees' Retirement Plan,7244,2007,24093212.0,24093212.0,0.0,100.0,11375587.0,2236356.0,3084306.0,0.0,6739.0,2414601.0,0.0,13500.0,,,,,,2885822.0,0.19659258023344203,100.0,0.0
City of San Clemente Restated Employees' Retirement Plan,7244,2008,25812485.0,25949357.0,-136872.0,100.5,13359200.0,2343463.0,-1167740.0,0.0,28350.0,1819708.0,0.0,4650.0,,,,,,-676985.0,0.17541941134199654,100.0,0.5
City of San Clemente Restated Employees' Retirement Plan,7244,2009,35702652.0,26488537.0,9214115.0,74.2,13031637.0,2550674.0,-2310734.0,0.0,17500.0,2477562.0,0.0,0.0,,,,,,-2255122.0,0.1957293623203286,100.5,-26.299999999999997
City of San Clemente Restated Employees' Retirement Plan,7244,2010,35702652.0,26488537.0,9214115.0,74.2,12940344.0,2776165.0,2906867.0,0.0,9228.0,1760321.0,0.0,0.0,,,,,,3913483.0,0.2145356414018051,74.2,0.0
City of San Clemente Restated Employees' Retirement Plan,7244,2011,46678961.0,32284398.0,14394563.0,69.2,12473080.0,2526667.0,5156640.0,0.0,49721.0,446817.0,0.0,0.0,,,,,,7186769.0,0.20256961392053927,74.2,-5.0
City of San Clemente Restated Employees' Retirement Plan,7244,2012,52775327.0,36170712.0,16604615.0,68.5,13542229.0,3143367.0,904759.0,0.0,0.0,667844.0,0.0,152559.0,,,,,,3227723.0,0.2321159241953448,69.2,-0.7000000000000028
City of San Clemente Restated Employees' Retirement Plan,7244,2013,58124474.0,41346698.0,16777776.0,71.1,13773828.0,3586767.0,4690750.0,0.0,0.0,1056601.0,0.0,162134.0,,,,,,7058782.0,0.26040451499757367,68.5,2.5999999999999943
City of San Clemente Restated Employees' Retirement Plan,7244,2014,29288874.0,19594102.0,9694772.0,66.9,424860.0,3501012.0,6598030.0,0.0,37500.0,1295735.0,82243.0,0.0,,,,,,8683564.0,,71.1,-4.199999999999989
City of San Clemente Restated Employees' Retirement Plan,7244,2015,29832000.0,19374693.0,10457307.0,64.9,450886.0,1026902.0,411893.0,0.0,51933.0,1606271.0,0.0,0.0,,,,,,-219409.0,2.2775202601100943,66.9,-2.0
City of San Clemente Restated Employees' Retirement Plan,7244,2016,31322000.0,18468994.0,12853006.0,59.0,466911.0,1051161.0,-292365.0,0.0,24513.0,1639982.0,0.0,0.0,,,,,,-905699.0,2.2513091360023645,64.9,-5.900000000000006
City of San Clemente Restated Employees' Retirement Plan,7244,2017,31888000.0,20213000.0,11675000.0,63.4,488108.0,1222421.0,2278169.0,0.0,34056.0,1722760.0,0.0,0.0,,,,1188000.0,0.0,1743774.0,2.504406811607267,59.0,4.399999999999999
City of San Clemente Restated Employees' Retirement Plan,7244,2018,35500000.0,20605000.0,14895000.0,58.0,519787.0,1242691.0,1203829.0,0.0,26033.0,2028075.0,0.0,0.0,,,,1206000.0,0.0,392412.0,2.390769680657654,63.4,-5.399999999999999
City of San Clemente Restated Employees' Retirement Plan,7244,2019,35638000.0,21064000.0,14574000.0,59.11,529831.0,1545925.0,1087587.0,0.0,43705.0,2131463.0,0.0,0.0,,,,1507000.0,0.0,458344.0,2.917770005907544,58.0,1.1099999999999994
City of San Clemente Restated Employees' Retirement Plan,7244,2020,39309000.0,20847000.0,18462000.0,53.03,546257.0,1552745.0,655648.0,0.0,40011.0,2384867.0,0.0,0.0,,,,1512000.0,0.0,-216485.0,2.8425173498920837,59.11,-6.079999999999998
City of San Clemente Restated Employees' Retirement Plan,7244,2021,41396000.0,26009000.0,15387000.0,62.83,549043.0,2459007.0,5104586.0,0.0,52165.0,2349327.0,0.0,0.0,,,,1868000.0,-550000.0,5162101.0,4.478714781902328,53.03,9.799999999999997
City of San Clemente Restated Employees' Retirement Plan,7244,2022,42649000.0,22994000.0,19655000.0,53.91,476851.0,1952662.0,-2529273.0,0.0,53601.0,2384565.0,0.0,0.0,,,,1858000.0,-60000.0,-3014777.0,4.094910150130754,62.83,-8.920000000000002
City of San Clemente Restated Employees' Retirement Plan,7244,2023,42565000.0,24328000.0,18237000.0,57.15,443149.0,1831735.0,2065951.0,0.0,48997.0,2514691.0,0.0,0.0,,,,1745000.0,-52000.0,1333998.0,4.133451728425428,53.91,3.240000000000002
City of San Clemente Restated Employees' Retirement Plan,7244,2024,44897000.0,26021000.0,18876000.0,57.96,404023.0,1771376.0,2723633.0,0.0,70082.0,2732663.0,0.0,0.0,,,,1738000.0,0.0,1692264.0,4.384344455637427,57.15,0.8100000000000023
City of Sacramento City Employees' Retirement System,7245,2003,363242372.0,386077000.0,-22834628.0,106.3,13597187.0,977755.0,30507630.0,0.0,0.0,26028490.0,591440.0,0.0,,,,,,4865455.0,0.0719086234527774,,
City of Sacramento City Employees' Retirement System,7245,2004,362677562.0,393884000.0,-31206438.0,108.6,12793683.0,1055402.0,33278516.0,0.0,0.0,26529590.0,242038.0,0.0,9.8,3.52,3.44,,,7562290.0,0.08249399332467437,106.3,2.299999999999997
City of Sacramento City Employees' Retirement System,7245,2005,370428219.0,373773000.0,-3344781.0,100.9,10479805.0,808963.0,6848629.0,0.0,0.0,27347105.0,176586.0,0.0,2.21,6.76,3.66,,,-19866099.0,0.0771925622661872,108.6,-7.699999999999989
City of Sacramento City Employees' Retirement System,7245,2006,394730000.0,364910397.0,29819603.0,92.4,10277298.0,789022.0,19098628.0,0.0,0.0,28440479.0,308761.0,0.0,5.57,5.82,3.66,,,-8861590.0,0.07677329196837535,100.9,-8.5
City of Sacramento City Employees' Retirement System,7245,2007,394976000.0,365171000.0,29805000.0,92.5,9587157.0,698902.0,41907354.0,0.0,0.0,29270048.0,334278.0,0.0,12.25,6.6,7.59,,,13001930.0,0.07289981795437375,92.4,0.09999999999999432
City of Sacramento City Employees' Retirement System,7245,2008,392180000.0,359960000.0,32220000.0,91.8,8868786.0,4130086.0,3057968.0,0.0,0.0,29695748.0,200791.0,0.0,1.34,6.29,6.15,,,-22708485.0,0.4656878630288294,92.5,-0.7000000000000028
City of Sacramento City Employees' Retirement System,7245,2009,398000000.0,314000000.0,84000000.0,78.9,5749000.0,3766000.0,-55368000.0,0.0,0.0,30609000.0,98000.0,378.0,-16.2,-1.02,0.91,,,-82309378.0,0.6550704470342669,91.8,-12.899999999999991
City of Sacramento City Employees' Retirement System,7245,2010,395000000.0,297000000.0,98000000.0,75.2,5302000.0,3808000.0,34766000.0,0.0,0.0,31719000.0,0.0,0.0,12.43,-1.75,2.63,,,6855000.0,0.7182195397963033,78.9,-3.700000000000003
City of Sacramento City Employees' Retirement System,7245,2011,397000000.0,297000000.0,100000000.0,74.8,4132000.0,10889000.0,46365000.0,0.0,0.0,32388000.0,615000.0,0.0,17.47,3.11,4.51,,,24251000.0,2.6352855759922558,75.2,-0.4000000000000057
City of Sacramento City Employees' Retirement System,7245,2012,388862000.0,294111000.0,94751000.0,75.6,2960000.0,10693000.0,14472000.0,0.0,0.0,32769000.0,288000.0,0.0,5.48,11.37,3.1,,,-7892000.0,3.6125,74.8,0.7999999999999972
City of Sacramento City Employees' Retirement System,7245,2013,382000000.0,292000000.0,90000000.0,76.4,2279000.0,10792000.0,22311000.0,0.0,0.0,33179000.0,58000.0,0.0,,,,,,-134000.0,4.735410267661255,75.6,0.8000000000000114
City of Sacramento City Employees' Retirement System,7245,2014,372670000.0,312414000.0,60256000.0,83.8,2279000.0,9810000.0,40317000.0,0.0,0.0,33487000.0,201000.0,0.0,14.57,9.33,11.35,,,16439000.0,4.304519526107942,76.4,7.3999999999999915
City of Sacramento City Employees' Retirement System,7245,2015,376479000.0,293036000.0,83443000.0,77.8,1180000.0,9265000.0,13375000.0,0.0,0.0,33590000.0,201000.0,0.0,4.8,9.1,9.85,,,-11151000.0,,83.8,-6.0
City of Sacramento City Employees' Retirement System,7245,2016,366141000.0,286675000.0,79466000.0,78.3,1020000.0,8791000.0,7799000.0,0.0,0.0,32633000.0,50000.0,0.0,3.15,7.39,7.15,,,-16093000.0,,77.8,0.5
City of Sacramento City Employees' Retirement System,7245,2017,336878000.0,283567000.0,53311000.0,84.2,1049000.0,8708000.0,26803000.0,0.0,0.0,32171000.0,0.0,0.0,10.17,5.99,8.09,8645000.0,0.0,3340000.0,,78.3,5.900000000000006
City of Sacramento City Employees' Retirement System,7245,2018,324669000.0,281126000.0,43543000.0,86.6,921000.0,8700000.0,20982000.0,0.0,0.0,31583000.0,0.0,0.0,7.68,6.96,8.0,8645000.0,0.0,-1901000.0,,84.2,2.3999999999999915
City of Sacramento City Employees' Retirement System,7245,2019,313073000.0,277234000.0,35839000.0,88.55,678000.0,7556000.0,18537000.0,0.0,0.0,30880000.0,254000.0,0.0,7.37,8.4,6.6,5268000.0,-2239000.0,-5041000.0,,86.6,1.9500000000000028
City of Sacramento City Employees' Retirement System,7245,2020,296667000.0,266646000.0,30021000.0,89.88,362000.0,4435000.0,7591000.0,0.0,0.0,30455000.0,2000.0,0.0,3.25,6.1,6.31,4410000.0,0.0,-18431000.0,,88.55,1.3299999999999983
City of Sacramento City Employees' Retirement System,7245,2021,282359000.0,275724000.0,6635000.0,97.65,270000.0,3838000.0,73150000.0,0.0,0.0,28992000.0,0.0,0.0,29.5,12.8,11.2,3822000.0,0.0,47996000.0,,89.88,7.77000000000001
City of Sacramento City Employees' Retirement System,7245,2022,270541000.0,262645000.0,7896000.0,97.08,189000.0,3488000.0,-32305000.0,0.0,0.0,28145000.0,0.0,0.0,-10.7,6.1,6.7,3479000.0,0.0,-56962000.0,,97.65,-0.5700000000000074
City of Sacramento City Employees' Retirement System,7245,2023,261807000.0,250051000.0,11756000.0,95.51,103000.0,3000.0,23293000.0,0.0,0.0,27501000.0,0.0,0.0,10.1,8.4,7.1,0.0,0.0,-4205000.0,0.02912621359223301,97.08,-1.5699999999999932
City of Sacramento City Employees' Retirement System,7245,2024,249409000.0,243646000.0,5763000.0,97.69,87000.0,1400000.0,29109000.0,0.0,0.0,26933000.0,45000.0,0.0,12.7,3.5,8.2,1399000.0,0.0,3531000.0,,95.51,2.1799999999999926
San Diego City Employees' Retirement System,7246,2003,3309118000.0,2588821000.0,720297000.0,78.2,574219859.0,202066570.0,123111596.0,0.0,7834192.0,164275346.0,1378787.0,99753.0,5.44,0.71,5.21,,,151590088.0,0.35189756472703254,,
San Diego City Employees' Retirement System,7246,2004,3703205000.0,2510457000.0,1192748000.0,67.8,579336179.0,257053432.0,537196172.0,0.0,10377103.0,182782047.0,2108909.0,75644.0,7.35,7.18,10.65,,,598905901.0,0.44370339936943587,78.2,-10.400000000000006
San Diego City Employees' Retirement System,7246,2005,3703205000.0,2510457000.0,1192748000.0,67.8,610316981.0,297431806.0,354099698.0,0.0,16004616.0,231204362.0,2802986.0,49569.0,10.55,11.9,6.3,,,401469971.0,0.4873398828141077,67.8,0.0
San Diego City Employees' Retirement System,7246,2006,4607767746.0,3175322553.0,1432445193.0,68.9,610316981.0,406065010.0,455091715.0,15500000.0,19402493.0,289935593.0,4619845.0,4571819.0,12.7,14.5,9.09,,,558126975.0,0.6653346091315785,67.8,1.1000000000000085
San Diego City Employees' Retirement System,7246,2007,5240241950.0,4226439801.0,1013802149.0,80.7,587145976.0,255439706.0,689860139.0,619044.0,19103395.0,235262751.0,3393507.0,20263468.0,16.5,13.32,13.02,,,667895768.0,0.4350531493721759,68.9,11.799999999999997
San Diego City Employees' Retirement System,7246,2008,6287393937.0,4964022299.0,1323371638.0,79.0,597879811.0,250788796.0,-251289907.0,335210.0,15776346.0,254013756.0,3866690.0,23050681.0,,,,,,-296873374.0,0.4194635633883279,80.7,-1.7000000000000028
San Diego City Employees' Retirement System,7246,2009,6638162052.0,4458088413.0,2180073639.0,67.2,601647226.0,248589029.0,-956420787.0,325250.0,14725759.0,277131298.0,4069746.0,27097973.0,,,,,,-1030531284.0,0.41318071164845693,79.0,-11.799999999999997
San Diego City Employees' Retirement System,7246,2010,6638162052.0,4458088413.0,2180073640.0,67.2,601647226.0,280682101.0,491045434.0,293897.0,14971048.0,296553238.0,3478821.0,25375710.0,,,,,,431642615.0,0.4665227210737609,67.2,0.0
San Diego City Employees' Retirement System,7246,2011,6914138521.0,4689236424.0,2224902097.0,67.8,594980318.0,355996727.0,1039545562.0,304922.0,15551330.0,336459484.0,35117279.0,24878147.0,,,,,,983840971.0,0.5983336191635166,67.2,0.5999999999999943
San Diego City Employees' Retirement System,7246,2012,7356054596.0,5085023189.0,2271031407.0,69.1,570320446.0,313687805.0,31233249.0,860520.0,11837696.0,361018440.0,5346759.0,26867099.0,0.9,12.4,1.8,,,-59288420.0,0.5500202687806146,67.8,1.2999999999999972
San Diego City Employees' Retirement System,7246,2013,7740968669.0,5356055801.0,2384912868.0,69.2,559824614.0,321542775.0,714594053.0,882140.0,12979201.0,382060127.0,4064344.0,26044209.0,13.6,12.5,5.5,,,611871087.0,0.5743634112522248,69.1,0.10000000000000853
San Diego City Employees' Retirement System,7246,2014,8080753257.0,5727716151.0,2353037106.0,70.9,559824613.0,369952957.0,1007009844.0,0.0,11528084.0,381468464.0,2741736.0,22445568.0,16.8,10.2,13.5,,,958778949.0,0.6608372486830978,69.2,1.7000000000000028
San Diego City Employees' Retirement System,7246,2015,8419149154.0,6283740017.0,2135409137.0,74.6,539940956.0,352036933.0,222620618.0,1485666.0,9716470.0,425755360.0,4725383.0,23015664.0,3.3,11.0,11.4,,,112930340.0,0.6519915355337482,70.9,3.6999999999999886
San Diego City Employees' Retirement System,7246,2016,8799512716.0,6697702669.0,2101810047.0,76.1,542388056.0,344034277.0,68530960.0,1135232.0,11906345.0,449267076.0,6479464.0,23167912.0,1.1,6.8,6.9,,,-77120328.0,0.6342954517420273,74.6,1.5
San Diego City Employees' Retirement System,7246,2017,9683560185.0,6978763561.0,2704796624.0,72.1,529916664.0,349425981.0,926595663.0,1401498.0,11768255.0,475099652.0,6370869.0,23328466.0,13.5,5.8,9.5,279465000.0,-1656000.0,760855900.0,0.6593979860199302,76.1,-4.0
San Diego City Employees' Retirement System,7246,2018,10287940204.0,7372408025.0,2915532179.0,71.7,514906095.0,418710833.0,643832025.0,382032.0,11579326.0,516215817.0,5675732.0,23008694.0,8.2,7.5,8.4,347616000.0,-1831000.0,506445321.0,0.8131790185936719,72.1,-0.3999999999999915
San Diego City Employees' Retirement System,7246,2019,11421647093.0,8248168328.0,3173478765.0,72.22,552719558.0,422478929.0,517951834.0,238897.0,11266967.0,563014517.0,5588474.0,0.0,7.0,9.7,6.6,346540270.0,-2042730.0,360799702.0,0.7643639941541566,71.7,0.519999999999996
San Diego City Employees' Retirement System,7246,2020,12081170225.0,8558922812.0,3522247413.0,70.85,571843049.0,457954010.0,19321157.0,1180602.0,11795343.0,589037499.0,8073117.0,0.0,0.5,5.4,6.1,375959000.0,-2197000.0,-130450190.0,0.8008386406039886,72.22,-1.3700000000000045
San Diego City Employees' Retirement System,7246,2021,12390423840.0,9281339061.0,3109084779.0,74.91,535632451.0,471978336.0,2152632893.0,554844.0,12342900.0,630070449.0,6749420.0,0.0,24.9,10.3,10.7,391425000.0,-2397000.0,1976003304.0,0.8811608316838144,70.85,4.060000000000002
San Diego City Employees' Retirement System,7246,2022,12801258375.0,9811726751.0,2989531624.0,76.65,597997917.0,534675911.0,-274272420.0,124690359.0,13708286.0,656481501.0,8453256.0,0.0,-1.7,7.2,7.5,443570000.0,-2532000.0,-293549193.0,0.8941099890152293,74.91,1.740000000000009
San Diego City Employees' Retirement System,7246,2023,12801258375.0,9811726751.0,2989531624.0,76.65,597997917.0,791065103.0,514979470.0,94527.0,14619194.0,680912858.0,11732474.0,0.0,5.2,8.9,6.8,408444000.0,-40220000.0,598874574.0,1.3228559506838549,76.65,0.0
San Diego City Employees' Retirement System,7246,2024,14097817406.0,10561793548.0,3536023858.0,74.92,1025740440.0,635269000.0,778736000.0,-321000.0,15047000.0,687771000.0,8968000.0,0.0,7.2,3.5,6.8,424660000.0,-50579000.0,701898000.0,0.6193272442295441,76.65,-1.730000000000004
San Francisco City and County Employees' Retirement System,7247,2003,9415905000.0,11102516000.0,-1686611000.0,117.9,2019097000.0,182069864.0,406215159.0,0.0,10744990.0,452263613.0,8214277.0,0.0,,,,,,117062143.0,0.09017390645422187,,
San Francisco City and County Employees' Retirement System,7247,2004,10249896000.0,11173636000.0,-923740000.0,109.0,1930366028.0,170550162.0,1710888644.0,0.0,10710317.0,488447674.0,7935453.0,0.0,,,,,,1374345362.0,0.0883512036195034,117.9,-8.900000000000006
San Francisco City and County Employees' Retirement System,7247,2005,10249896000.0,11173636000.0,-923740000.0,109.0,2130071000.0,248028577.0,1534997265.0,0.0,10593480.0,535961803.0,8565088.0,0.0,,,,,,1227905471.0,0.11644145993255624,109.0,0.0
San Francisco City and County Employees' Retirement System,7247,2006,11765737000.0,12659698000.0,-893961000.0,107.6,2052862000.0,289226878.0,1678717963.0,0.0,11221362.0,586245418.0,8719016.0,0.0,,,,,,1361759045.0,0.14088958634335869,109.0,-1.4000000000000057
San Francisco City and County Employees' Retirement System,7247,2007,12515463000.0,13597616000.0,-1082153000.0,108.6,2161261000.0,308348327.0,2796839299.0,0.0,11361871.0,631159058.0,7644996.0,0.0,,,,,,2455021701.0,0.1426705645454205,107.6,1.0
San Francisco City and County Employees' Retirement System,7247,2008,13541388000.0,14929287000.0,-1387899000.0,110.2,2376221000.0,319182545.0,-735431822.0,0.0,12594680.0,682230220.0,8448995.0,0.0,,,,,,-1119523172.0,0.13432359405964345,108.6,1.6000000000000085
San Francisco City and County Employees' Retirement System,7247,2009,16498649000.0,16004730000.0,493919000.0,97.0,2537784683.0,319065179.0,-3512850198.0,0.0,12951327.0,732342022.0,6714121.0,0.0,,,,,,-3945792489.0,0.12572586679135536,110.2,-13.200000000000003
San Francisco City and County Employees' Retirement System,7247,2010,16498649000.0,16004730000.0,493919000.0,97.0,2537784683.0,413562091.0,1655101508.0,0.0,13833088.0,792775368.0,11997270.0,0.0,,,,,,1250057873.0,0.16296185163790747,97.0,0.0
San Francisco City and County Employees' Retirement System,7247,2011,17643394000.0,16069058000.0,1574336000.0,91.1,2315432384.0,490578189.0,2887575520.0,0.0,13544225.0,889743690.0,11548118.0,1264000.0,,,,,,2462053676.0,0.2118732520068269,97.0,-5.900000000000006
San Francisco City and County Employees' Retirement System,7247,2012,18598727000.0,16313120000.0,2285607000.0,87.7,2263580379.0,608957474.0,80401749.0,0.0,13661445.0,968527833.0,11029851.0,1255000.0,,,,,,-305114906.0,0.2690240115391988,91.1,-3.3999999999999915
San Francisco City and County Employees' Retirement System,7247,2013,19393900000.0,16027700000.0,3366200000.0,82.6,2323991126.0,701595982.0,2064550155.0,0.0,14168769.0,1023354142.0,9453135.0,1349000.0,,,,,,1717821091.0,0.3018927112719104,87.7,-5.1000000000000085
San Francisco City and County Employees' Retirement System,7247,2014,20224800000.0,16303400000.0,3921400000.0,80.6,2449531019.0,821901405.0,3175430693.0,0.0,14549544.0,1062228519.0,10297139.0,1195000.0,,,,,,2909061896.0,0.33553418945294033,82.6,-2.0
San Francisco City and County Employees' Retirement System,7247,2015,21122600000.0,18012100000.0,3110500000.0,85.3,2538718769.0,894324164.0,763428858.0,0.0,19261757.0,1118690668.0,12338850.0,0.0,,,,,,507461747.0,0.35227382210290026,80.6,4.700000000000003
San Francisco City and County Employees' Retirement System,7247,2016,22970900000.0,19653300000.0,3317600000.0,85.6,2700739913.0,849569237.0,150190084.0,0.0,17178687.0,1243259698.0,12886049.0,0.0,,,,,,-273565113.0,0.3145690678730677,85.3,0.29999999999999716
San Francisco City and County Employees' Retirement System,7247,2017,25706090.0,22185244.0,3520846.0,86.3,3102672358.0,868654184.0,2683467480.0,0.0,18133733.0,1264633168.0,13507012.0,0.0,,,,551809000.0,0.0,2255847751.0,0.2799696789640848,85.6,0.7000000000000028
San Francisco City and County Employees' Retirement System,7247,2018,27335417.0,23866027.0,3469390.0,87.3,3235979830.0,983762385.0,2549674195.0,0.0,17762042.0,1350009000.0,14577873.0,476071.0,,,,619067000.0,0.0,2150611594.0,0.3040075762771364,86.3,1.0
San Francisco City and County Employees' Retirement System,7247,2019,28798000000.0,25247000000.0,3551000000.0,87.67,3378714262.0,1026035456.0,1970312193.0,0.0,18204000.0,1438935000.0,17747000.0,778629.0,,,,645056000.0,0.0,1520683020.0,0.30367630300664944,87.3,0.37000000000000455
San Francisco City and County Employees' Retirement System,7247,2020,28798000000.0,25247000000.0,3551000000.0,87.67,3566991411.0,1143634484.0,966281745.0,0.0,19670000.0,1531041000.0,17036000.0,600000.0,,,,742985000.0,0.0,541569229.0,0.3206159904039085,87.67,0.0
San Francisco City and County Employees' Retirement System,7247,2021,29499918000.0,26695844000.0,2804074000.0,90.49,3586532188.0,1245957182.0,9447668583.0,0.0,20248452.0,1599507327.0,20253743.0,0.0,,,,836559000.0,0.0,9053616243.0,0.3473988568034566,87.67,2.819999999999993
San Francisco City and County Employees' Retirement System,7247,2022,31905275000.0,30043222000.0,1862053000.0,94.16,3708897220.0,1191933637.0,-2308319643.0,0.0,21172481.0,1710091579.0,27657940.0,0.0,,,,768463300.0,300.0,-2875308006.0,0.3213714390823696,90.49,3.6700000000000017
San Francisco City and County Employees' Retirement System,7247,2023,33591565000.0,32275474000.0,1316091000.0,96.08,4038466048.0,1086567000.0,1670666000.0,0.0,22964000.0,1820269000.0,24096000.0,0.0,,,,672651000.0,0.0,889904000.0,0.26905438527534703,94.16,1.9200000000000017
San Francisco City and County Employees' Retirement System,7247,2024,35351967000.0,34137005000.0,1214962000.0,96.56,4398687239.0,1100130000.0,2587698000.0,0.0,26544000.0,1905845000.0,26201000.0,0.0,,,,672618000.0,0.0,1729238000.0,0.2501041652259196,96.08,0.480000000000004
City of Santa Barbara Police and Fire Pension Fund,7248,2003,2308089.0,1380585.0,927504.0,59.8,0.0,0.0,27037.0,0.0,11868.0,388472.0,0.0,0.0,,,,,,-373303.0,,,
City of Santa Barbara Police and Fire Pension Fund,7248,2004,2241869.0,1096631.0,1145238.0,48.9,0.0,0.0,77102.0,0.0,12660.0,348394.0,0.0,0.0,,,,,,-283952.0,,59.8,-10.899999999999999
City of Santa Barbara Police and Fire Pension Fund,7248,2005,2241869.0,846823.0,1395046.0,37.8,0.0,0.0,68211.0,0.0,0.0,327910.0,0.0,0.0,,,,,,-259699.0,,48.9,-11.100000000000001
City of Santa Barbara Police and Fire Pension Fund,7248,2006,1962848.0,836932.0,1125916.0,42.6,0.0,0.0,48814.0,0.0,0.0,297108.0,0.0,0.0,,,,,,-248294.0,,37.8,4.800000000000004
City of Santa Barbara Police and Fire Pension Fund,7248,2007,1962848.0,836932.0,1125916.0,42.6,0.0,0.0,64397.0,0.0,0.0,241724.0,0.0,0.0,,,,,,-177327.0,,42.6,0.0
City of Santa Barbara Police and Fire Pension Fund,7248,2008,1962848.0,836932.0,1125916.0,42.6,0.0,0.0,20862.0,0.0,0.0,242424.0,0.0,0.0,,,,,,-221562.0,,42.6,0.0
City of Santa Barbara Police and Fire Pension Fund,7248,2009,1586000.0,190000.0,1396000.0,12.0,0.0,0.0,-85583.0,0.0,0.0,236172.0,0.0,0.0,,,,,,-321755.0,,42.6,-30.6
City of Santa Barbara Police and Fire Pension Fund,7248,2010,1586000.0,190000.0,1396000.0,12.0,0.0,0.0,8675.0,0.0,0.0,229920.0,0.0,0.0,,,,,,-221245.0,,12.0,0.0
City of Santa Barbara Police and Fire Pension Fund,7248,2011,1337000.0,225879.0,1111121.0,16.9,0.0,717988.0,61904.0,0.0,6.0,205839.0,0.0,0.0,,,,,,574047.0,,12.0,4.899999999999999
City of Santa Barbara Police and Fire Pension Fund,7248,2012,1248052.0,682339.0,565713.0,54.7,0.0,0.0,19738.0,0.0,0.0,199429.0,0.0,0.0,,,,,,-179691.0,,16.9,37.800000000000004
City of Santa Barbara Police and Fire Pension Fund,7248,2013,1129126.0,604774.0,524352.0,53.6,0.0,0.0,36741.0,0.0,0.0,175058.0,0.0,0.0,,,,,,-138317.0,,54.7,-1.1000000000000014
City of Santa Barbara Police and Fire Pension Fund,7248,2014,1231288.0,563449.0,667839.0,45.8,0.0,0.0,62733.0,0.0,0.0,173700.0,0.0,0.0,,,,,,-110967.0,,53.6,-7.800000000000004
City of Santa Barbara Police and Fire Pension Fund,7248,2015,1120596.0,554608.0,565988.0,49.5,0.0,120000.0,1122.0,0.0,0.0,113370.0,0.0,0.0,,,,,,7752.0,,45.8,3.700000000000003
City of Santa Barbara Police and Fire Pension Fund,7248,2016,925987.0,491971.0,434016.0,53.1,0.0,120000.0,28596.0,0.0,0.0,116087.0,0.0,0.0,,,,,,32509.0,,49.5,3.6000000000000014
City of Santa Barbara Police and Fire Pension Fund,7248,2017,726095.0,453452.0,272643.0,62.5,0.0,120000.0,4392.0,0.0,0.0,506816.0,0.0,0.0,,,,,-120000.0,-382424.0,,53.1,9.399999999999999
City of San Jose Federated City Employees' Retirement System,7249,2003,1072333000.0,1060144000.0,12189000.0,98.9,278498000.0,50187000.0,71027000.0,152000.0,1532000.0,51566000.0,714000.0,0.0,6.9,1.6,4.7,,,67554000.0,0.18020596198177366,,
City of San Jose Federated City Employees' Retirement System,7249,2004,1311691000.0,1280719000.0,30972000.0,97.6,288136000.0,51928000.0,192157000.0,216000.0,1799000.0,59032000.0,1188000.0,0.0,16.6,7.1,5.7,,,182282000.0,0.1802204514534803,98.9,-1.3000000000000114
City of San Jose Federated City Employees' Retirement System,7249,2005,1311691000.0,1280719000.0,30972000.0,97.6,277939000.0,53945000.0,115415000.0,203000.0,1588000.0,65875000.0,927000.0,0.0,8.9,10.9,6.0,,,101173000.0,0.19408935054094603,97.6,0.0
City of San Jose Federated City Employees' Retirement System,7249,2006,1711370000.0,1384454000.0,326916000.0,80.9,286445861.0,53662000.0,132510000.0,363000.0,1790000.0,74159000.0,1246000.0,0.0,10.81,12.11,8.24,,,109340000.0,0.18733732026241426,97.6,-16.69999999999999
City of San Jose Federated City Employees' Retirement System,7249,2007,1711370000.0,1384454000.0,326916000.0,80.9,286446000.0,63374000.0,244210000.0,0.0,1845000.0,81002000.0,1008000.0,0.0,16.2,11.7,11.8,,,223729000.0,0.22124239821816327,80.9,0.0
City of San Jose Federated City Employees' Retirement System,7249,2008,1960943000.0,1622851000.0,338092000.0,82.8,291405000.0,68324000.0,-60101000.0,0.0,2358000.0,89554000.0,972000.0,0.0,-3.1,7.5,9.5,,,-84661000.0,0.23446406204423398,80.9,1.8999999999999915
City of San Jose Federated City Employees' Retirement System,7249,2009,1960943000.0,1622851000.0,338092000.0,82.8,291404606.0,70868000.0,-295773000.0,0.0,2108000.0,96690000.0,1395000.0,0.0,-16.8,-2.1,2.4,,,-325098000.0,0.2431945087374494,82.8,0.0
City of San Jose Federated City Employees' Retirement System,7249,2010,2486155000.0,1756588000.0,729567000.0,70.7,308697000.0,67962000.0,197755000.0,0.0,2641000.0,105693000.0,1219000.0,0.0,15.9,-2.2,3.7,,,156164000.0,0.22015763029767052,82.8,-12.099999999999994
City of San Jose Federated City Employees' Retirement System,7249,2011,2510358000.0,1729414000.0,780944000.0,68.9,275869000.0,83782000.0,287179000.0,0.0,2867000.0,118298000.0,1980000.0,0.0,19.0,4.1,4.9,,,247816000.0,0.30370211948424797,70.7,-1.7999999999999972
City of San Jose Federated City Employees' Retirement System,7249,2012,2770227000.0,1788660000.0,981567000.0,64.6,318544000.0,97637000.0,-68903000.0,0.0,3306000.0,134602000.0,2195000.0,0.0,-2.4,9.8,1.3,,,-111369000.0,0.3065102466221307,68.9,-4.300000000000011
City of San Jose Federated City Employees' Retirement System,7249,2013,2841000000.0,1762973000.0,1078027000.0,62.1,240187000.0,115761000.0,146367000.0,0.0,3024000.0,145262000.0,1545000.0,0.0,8.1,7.6,3.4,,,112297000.0,0.4819619712973641,64.6,-2.499999999999993
City of San Jose Federated City Employees' Retirement System,7249,2014,3013763000.0,1782629000.0,1231134000.0,59.1,233200000.0,121140000.0,263688000.0,0.0,3201000.0,153766000.0,2170000.0,0.0,14.3,6.2,10.2,,,225691000.0,0.5194682675814751,62.1,-3.0
City of San Jose Federated City Employees' Retirement System,7249,2015,3235065000.0,1911772000.0,1323293000.0,59.1,240678000.0,128372000.0,-16642000.0,0.0,3898000.0,162843000.0,1719000.0,0.0,-0.9,7.0,7.1,,,-56730000.0,0.5333765445948528,59.1,0.0
City of San Jose Federated City Employees' Retirement System,7249,2016,3569898000.0,2004481000.0,1565417000.0,56.1,257771000.0,145376000.0,-35010000.0,0.0,3940000.0,172029000.0,1289000.0,0.0,-0.3,4.2,3.4,,,-66892000.0,0.5639734493018997,59.1,-3.0
City of San Jose Federated City Employees' Retirement System,7249,2017,3786730000.0,2034741000.0,1751989000.0,53.7,271061000.0,155710000.0,146010000.0,0.0,4380000.0,182167000.0,1263000.0,0.0,7.5,1.9,5.4,138483000.0,0.0,113910000.0,0.5744463423362269,56.1,-2.3999999999999986
City of San Jose Federated City Employees' Retirement System,7249,2018,3923966000.0,2101435000.0,1822531000.0,53.6,290504000.0,177271000.0,117493000.0,0.0,4823000.0,192336000.0,1064000.0,0.0,5.9,4.2,5.0,156770000.0,0.0,96541000.0,0.610218792168094,53.7,-0.10000000000000142
City of San Jose Federated City Employees' Retirement System,7249,2019,4100821000.0,2179488000.0,1921333000.0,53.15,298824000.0,195612000.0,76855000.0,0.0,4582000.0,203947000.0,1119000.0,0.0,4.3,5.9,3.2,173006000.0,0.0,62819000.0,0.654606055738495,53.6,-0.45000000000000284
City of San Jose Federated City Employees' Retirement System,7249,2020,4200708000.0,2228802000.0,1971906000.0,53.06,319980000.0,206409000.0,90909000.0,0.0,4725000.0,215863000.0,865000.0,0.0,3.6,4.6,4.1,181327000.0,0.0,75865000.0,0.6450684417776111,53.15,-0.0899999999999963
City of San Jose Federated City Employees' Retirement System,7249,2021,4401083000.0,2301469000.0,2099614000.0,52.29,335421000.0,209688000.0,698608000.0,0.0,4762000.0,225992000.0,1214000.0,0.0,29.2,11.8,9.7,183964000.0,0.0,676328000.0,0.6251486937311618,53.06,-0.7700000000000031
City of San Jose Federated City Employees' Retirement System,7249,2022,4562981000.0,2513095000.0,2049886000.0,55.08,348307000.0,235062000.0,-169129000.0,0.0,4978000.0,235870000.0,1403000.0,0.0,-4.4,8.6,7.2,207598000.0,0.0,-176318000.0,0.6748701576482815,52.29,2.789999999999999
City of San Jose Federated City Employees' Retirement System,7249,2023,4750646000.0,2709625000.0,2041021000.0,57.04,386315000.0,230001000.0,222101000.0,0.0,5458000.0,245743000.0,1613000.0,0.0,7.4,9.8,7.4,199440000.0,0.0,199288000.0,0.5953716526668651,55.08,1.9600000000000009
City of San Jose Federated City Employees' Retirement System,7249,2024,4965668000.0,2889956000.0,2075712000.0,58.2,434174000.0,252246000.0,257583000.0,0.0,6136000.0,255232000.0,1333000.0,0.0,9.7,4.0,8.5,218313000.0,0.0,247128000.0,0.5809790544804617,57.04,1.1600000000000037
City of San Jose Police and Fire Retirement Plan,7250,2003,1492732000.0,1713812000.0,-221080000.0,114.8,193998000.0,39927000.0,79808000.0,417000.0,1583000.0,59074000.0,276000.0,0.0,5.4,1.4,4.6,,,59219000.0,0.205811400117527,,
City of San Jose Police and Fire Retirement Plan,7250,2004,1823200000.0,1826287000.0,-3087000.0,100.2,203953000.0,41645000.0,251900000.0,531000.0,2053000.0,65425000.0,132000.0,0.0,16.5,6.6,5.6,,,226466000.0,0.20418920045304556,114.8,-14.599999999999994
City of San Jose Police and Fire Retirement Plan,7250,2005,1823200000.0,1826287000.0,-3087000.0,100.2,196543000.0,58075000.0,201674000.0,646000.0,1617000.0,73328000.0,426000.0,0.0,11.0,10.9,6.1,,,185024000.0,0.29548241351765264,100.2,0.0
City of San Jose Police and Fire Retirement Plan,7250,2006,2027432000.0,1983090000.0,44342000.0,97.8,198131000.0,59905000.0,229207000.0,1018000.0,2171000.0,79992000.0,144000.0,0.0,14.3,13.9,9.0,,,207823000.0,0.3023504650963252,100.2,-2.4000000000000057
City of San Jose Police and Fire Retirement Plan,7250,2007,2027432000.0,1983090000.0,44342000.0,97.8,210018219.0,62675000.0,440999000.0,0.0,2206000.0,86995000.0,210000.0,0.0,19.3,13.8,12.6,,,414263000.0,0.29842649032272767,97.8,0.0
City of San Jose Police and Fire Retirement Plan,7250,2008,2372386000.0,2365790000.0,6596000.0,99.7,227734000.0,75582000.0,-153711000.0,0.0,2670000.0,95171000.0,168000.0,0.0,-5.1,8.1,10.3,,,-176138000.0,0.3318872017353579,97.8,1.9000000000000057
City of San Jose Police and Fire Retirement Plan,7250,2009,2372386000.0,2365790000.0,6596000.0,99.7,227734000.0,73426000.0,-469235000.0,0.0,2669000.0,108345000.0,363000.0,0.0,-18.0,-2.5,2.8,,,-507186000.0,0.3224200163348468,99.7,0.0
City of San Jose Police and Fire Retirement Plan,7250,2010,2963482000.0,2569569000.0,393913000.0,86.7,239571000.0,72412000.0,314453000.0,0.0,2955000.0,121123000.0,196000.0,0.0,14.3,-3.8,3.4,,,262591000.0,0.30225695096651933,99.7,-13.0
City of San Jose Police and Fire Retirement Plan,7250,2011,3230456000.0,2576705000.0,653751000.0,79.8,222699000.0,107547000.0,396377000.0,0.0,3127000.0,136685000.0,435000.0,0.0,18.4,3.5,4.6,,,363677000.0,0.4829253835895087,86.7,-6.900000000000006
City of San Jose Police and Fire Retirement Plan,7250,2012,3196007000.0,2685721000.0,510286000.0,84.0,251058000.0,140354000.0,-34341000.0,0.0,3556000.0,149794000.0,1926000.0,0.0,-0.1,10.6,1.0,,,-49263000.0,0.5590500999768978,79.8,4.200000000000003
City of San Jose Police and Fire Retirement Plan,7250,2013,3397792000.0,2703539000.0,694253000.0,79.6,190727000.0,125461000.0,248725000.0,0.0,3423000.0,158816000.0,886000.0,0.0,9.9,9.1,4.0,,,211061000.0,0.6578040864691418,84.0,-4.400000000000006
City of San Jose Police and Fire Retirement Plan,7250,2014,3578031000.0,2771924000.0,806107000.0,77.5,188540000.0,144698000.0,404978000.0,0.0,3631000.0,166373000.0,1024000.0,0.0,13.9,7.8,11.1,,,378648000.0,0.7674657897528376,79.6,-2.0999999999999943
City of San Jose Police and Fire Retirement Plan,7250,2015,3813825000.0,3025101000.0,788724000.0,79.3,180139000.0,150026000.0,-27690000.0,0.0,4191000.0,175551000.0,702000.0,0.0,-0.8,7.5,8.0,,,-58108000.0,0.8328346443579681,77.5,1.7999999999999972
City of San Jose Police and Fire Retirement Plan,7250,2016,4058410000.0,3212776000.0,845634000.0,79.2,186577000.0,153988000.0,-29206000.0,0.0,4254000.0,186112000.0,828000.0,0.0,-0.4,4.1,4.4,,,-66412000.0,0.8253321684880773,79.3,-0.09999999999999432
City of San Jose Police and Fire Retirement Plan,7250,2017,4355990000.0,3297068000.0,1058922000.0,75.7,184214000.0,157537000.0,292734000.0,0.0,4635000.0,195668000.0,364000.0,0.0,9.7,2.6,6.1,136957000.0,0.0,249604000.0,0.8551847308022191,79.2,-3.5
City of San Jose Police and Fire Retirement Plan,7250,2018,4464402000.0,3439922000.0,1024480000.0,77.1,203164000.0,181553000.0,233475000.0,0.0,5464000.0,206241000.0,389000.0,0.0,6.9,5.2,5.6,157712000.0,0.0,202934000.0,0.893627808076234,75.7,1.3999999999999915
City of San Jose Police and Fire Retirement Plan,7250,2019,4696428000.0,3596590000.0,1099838000.0,76.58,218619000.0,201429000.0,114179000.0,0.0,5369000.0,217814000.0,194000.0,0.0,4.3,6.9,3.8,176618000.0,0.0,92231000.0,0.9213700547527891,77.1,-0.519999999999996
City of San Jose Police and Fire Retirement Plan,7250,2020,4988427000.0,3706302000.0,1282125000.0,74.3,230401000.0,216126000.0,134085000.0,0.0,5605000.0,230444000.0,564000.0,0.0,3.1,4.7,4.6,188481000.0,0.0,113598000.0,0.9380428036336648,76.58,-2.280000000000001
City of San Jose Police and Fire Retirement Plan,7250,2021,5235335000.0,3851948000.0,1383387000.0,73.58,237476000.0,230403000.0,1044290000.0,0.0,5764000.0,243643000.0,667000.0,0.0,26.3,10.7,9.7,201370000.0,0.0,1024619000.0,0.9702159376105375,74.3,-0.7199999999999989
City of San Jose Police and Fire Retirement Plan,7250,2022,5441660000.0,4210447000.0,1231213000.0,77.37,251057000.0,243706000.0,-294549000.0,0.0,6051000.0,258502000.0,1374000.0,0.0,-5.0,7.3,6.6,212046000.0,0.0,-316770000.0,0.9707197966995543,73.58,3.7900000000000063
City of San Jose Police and Fire Retirement Plan,7250,2023,5650481000.0,4495687000.0,1154794000.0,79.56,254356000.0,234411000.0,359863000.0,0.0,6832000.0,275159000.0,665000.0,0.0,7.7,8.8,6.7,201750000.0,0.0,311618000.0,0.9215862806460237,77.37,2.1899999999999977
City of San Jose Police and Fire Retirement Plan,7250,2024,5908554000.0,4739742000.0,1168812000.0,80.22,265551000.0,237139000.0,437637000.0,0.0,7849000.0,291035000.0,920000.0,0.0,9.7,3.9,7.8,202700000.0,0.0,374972000.0,0.8930073695824907,79.56,0.6599999999999966
Alameda County Employees' Retirement Association,7258,2003,3559613000.0,3294053000.0,265560000.0,92.5,640777306.0,80271348.0,-245600180.0,0.0,6820424.0,155544924.0,6448010.0,0.0,,,,,,-334142190.0,0.1252718335190229,,
Alameda County Employees' Retirement Association,7258,2004,3890043000.0,3381757000.0,508286000.0,86.9,714344000.0,109250284.0,808651641.0,0.0,6634381.0,167618404.0,6585186.0,0.0,26.7,4.7,5.9,,,737063954.0,0.15293791786590213,92.5,-5.599999999999994
Alameda County Employees' Retirement Association,7258,2005,4336123000.0,3557918000.0,778205000.0,82.1,694626000.0,148563294.0,459335847.0,0.0,9208343.0,188731978.0,5189609.0,0.0,12.3,9.9,5.2,,,404769211.0,0.21387522782043863,86.9,-4.800000000000011
Alameda County Employees' Retirement Association,7258,2006,4548213000.0,3781843000.0,766370000.0,83.2,709783368.0,164951000.0,356821000.0,1219000.0,10318000.0,187897000.0,6080000.0,21967000.0,8.8,15.7,7.0,,,296729000.0,0.23239625981205014,82.1,1.1000000000000085
Alameda County Employees' Retirement Association,7258,2007,4825157000.0,4127841000.0,697316000.0,85.5,762139242.0,197270000.0,636202000.0,-77191000.0,10778000.0,199423000.0,5817000.0,0.0,14.4,11.8,10.6,,,540263000.0,0.2588372165200752,83.2,2.299999999999997
Alameda County Employees' Retirement Association,7258,2008,5112403000.0,4560213000.0,552190000.0,89.2,793558000.0,202382000.0,427127000.0,-159602000.0,12211000.0,218618000.0,7778000.0,0.0,8.8,10.6,14.0,,,231300000.0,0.2550311382406831,85.5,3.700000000000003
Alameda County Employees' Retirement Association,7258,2009,5112403000.0,4560213000.0,552190000.0,89.2,793558000.0,205268000.0,-1692837000.0,-16654000.0,13315000.0,237273000.0,6527000.0,0.0,-30.3,-4.6,1.2,,,-1761338000.0,0.25866792345361017,89.2,0.0
Alameda County Employees' Retirement Association,7258,2010,5537919000.0,4644010000.0,893909000.0,83.9,864260000.0,209469000.0,958771000.0,-6800000.0,12255000.0,252125000.0,7718000.0,0.0,,,,,,889342000.0,0.24236803739615392,89.2,-5.299999999999997
Alameda County Employees' Retirement Association,7258,2011,5899311000.0,4789000000.0,1110311000.0,81.2,882606000.0,225148000.0,648110000.0,885000.0,9951000.0,272937000.0,5645000.0,3050000.0,,,,,,582560000.0,0.2550945722100235,83.9,-2.700000000000003
Alameda County Employees' Retirement Association,7258,2012,6162740000.0,4776128000.0,1386612000.0,77.5,898342000.0,240870000.0,-40706000.0,-14516000.0,10137000.0,295826000.0,5406000.0,3631000.0,,,,,,-129352000.0,0.2681272833731474,81.2,-3.700000000000003
Alameda County Employees' Retirement Association,7258,2013,6613000000.0,4884000000.0,1729000000.0,73.9,906500000.0,224904000.0,709627000.0,31434000.0,10244000.0,320844000.0,5893000.0,3854000.0,,,,,,625130000.0,0.24810148924434638,77.5,-3.5999999999999943
Alameda County Employees' Retirement Association,7258,2014,6861687000.0,5210944000.0,1650743000.0,75.9,916803000.0,235170000.0,1109916000.0,-68973000.0,10562000.0,351422000.0,6319000.0,4166000.0,,,,,,903644000.0,0.2565109407364505,73.9,2.0
Alameda County Employees' Retirement Association,7258,2015,7592000000.0,5681000000.0,1911000000.0,74.8,948848000.0,258929000.0,280561000.0,-137914000.0,11254000.0,371236000.0,7453000.0,3711000.0,,,,,,7922000.0,0.27288775441377333,75.9,-1.1000000000000085
Alameda County Employees' Retirement Association,7258,2016,7875020000.0,6083536000.0,1791484000.0,77.3,969534000.0,307556000.0,-6517000.0,-95493000.0,11651000.0,392307000.0,8991000.0,3752000.0,,,,,,-211155000.0,0.31722043785983783,74.8,2.5
Alameda County Employees' Retirement Association,7258,2017,8237715.0,6436138.0,1801577.0,78.1,1003651000.0,327465000.0,469948000.0,-52293000.0,14618000.0,413752000.0,8471000.0,1191000.0,,,,241729000.0,0.0,307088000.0,0.3262737744494849,77.3,0.7999999999999972
Alameda County Employees' Retirement Association,7258,2018,8987061000.0,6830379000.0,2156682000.0,76.0,1055661000.0,336390000.0,1308233000.0,-54826000.0,14571000.0,437395000.0,7893000.0,1204000.0,,,,247064000.0,0.0,1128734000.0,0.31865343135722546,78.1,-2.0999999999999943
Alameda County Employees' Retirement Association,7258,2019,9376397000.0,7239327000.0,2137070000.0,77.21,1093735000.0,364420000.0,-356067000.0,-65570000.0,15246000.0,463234000.0,8709000.0,1224000.0,-4.1,7.2,5.3,269684000.0,0.0,-545630000.0,0.3331885694432381,76.0,1.2099999999999937
Alameda County Employees' Retirement Association,7258,2020,9795019000.0,7599977000.0,2195042000.0,77.59,1129175000.0,401644000.0,1358192000.0,-47074000.0,15274000.0,493460000.0,10725000.0,1354000.0,18.7,10.8,8.0,298527000.0,0.0,1191949000.0,0.3556968583257688,77.21,0.38000000000000966
Alameda County Employees' Retirement Association,7258,2021,10484180000.0,7984241000.0,2499939000.0,76.16,1155697000.0,415857000.0,1017335000.0,-50136000.0,14810000.0,521579000.0,9184000.0,1416000.0,12.48,8.56,10.44,309759000.0,6000.0,836067000.0,0.3598322051541191,77.59,-1.4300000000000068
Alameda County Employees' Retirement Association,7258,2022,10929935000.0,9453108000.0,1476827000.0,86.49,1204499000.0,1227667000.0,1601223000.0,-234176000.0,15040000.0,546625000.0,9644000.0,1537000.0,16.2,15.8,12.2,303965000.0,-812611000.0,2021868000.0,1.0192345531212563,76.16,10.329999999999998
Alameda County Employees' Retirement Association,7258,2023,11415120000.0,9923019000.0,1492101000.0,86.93,1258026000.0,402320000.0,-1289714000.0,-80924000.0,15369000.0,577624000.0,13713000.0,1657000.0,-11.5,5.1,5.7,281647000.0,0.0,-1576681000.0,0.31980261139276933,86.49,0.44000000000001194
Alameda County Employees' Retirement Association,7258,2024,11746667000.0,10342556000.0,1404111000.0,88.05,1319397000.0,415112000.0,1248809000.0,-8895000.0,15865000.0,606386000.0,13293000.0,1711000.0,12.7,5.1,9.2,288640000.0,0.0,1017771000.0,0.31462251316321016,86.93,1.1199999999999903
Contra Costa County Employees' Retirement Association,7259,2003,2983551000.0,2613220000.0,370331000.0,87.6,545875936.0,84079918.0,-290845193.0,22864644.0,4298952.0,144734399.0,643103.0,2541293.0,-9.5,-3.4,4.0,,,-336118378.0,0.1540275224735314,,
Contra Costa County Employees' Retirement Association,7259,2004,3677624000.0,3296736000.0,380888000.0,89.6,580415000.0,479425705.0,604780595.0,38024222.0,4292028.0,163923104.0,1036599.0,5021267.0,23.5,3.0,5.3,,,947957524.0,0.8260050222685492,87.6,2.0
Contra Costa County Employees' Retirement Association,7259,2005,4141390000.0,3538722000.0,602668000.0,85.4,600273000.0,183542815.0,411368167.0,4644827.0,4369276.0,178979297.0,909468.0,10176819.0,13.4,8.2,4.9,,,405120949.0,0.3057655683330751,89.6,-4.199999999999989
Contra Costa County Employees' Retirement Association,7259,2006,4481242899.0,3673858074.0,807384825.0,82.0,619132218.0,373774835.0,332007734.0,10375460.0,5249909.0,196106294.0,2074426.0,9621044.0,10.8,15.8,6.6,,,503106356.0,0.6037076154870687,85.4,-3.4000000000000057
Contra Costa County Employees' Retirement Association,7259,2007,4792428024.0,4062057143.0,730370881.0,84.8,627546408.0,264917359.0,607608904.0,7961473.0,4859286.0,216057477.0,3231903.0,7051691.0,15.3,13.2,10.1,,,649287379.0,0.42214783739149375,82.0,2.799999999999997
Contra Costa County Employees' Retirement Association,7259,2008,5293977010.0,4460871033.0,833105977.0,84.3,653953163.0,272520377.0,303553157.0,4114514.0,5941814.0,235656023.0,3113234.0,7370026.0,7.3,11.1,14.0,,,328106951.0,0.41672766861439586,84.8,-0.5
Contra Costa County Employees' Retirement Association,7259,2009,5581048225.0,5016136535.0,564911690.0,89.9,671617932.0,282971099.0,-1472168199.0,7687753.0,5601126.0,250444563.0,3730319.0,8132415.0,-26.5,-3.1,2.7,,,-1449417770.0,0.4213274921909024,84.3,5.6000000000000085
Contra Costa County Employees' Retirement Association,7259,2010,5972471074.0,5282505159.0,689965915.0,88.4,671817932.0,262149834.0,742407070.0,8889842.0,7358750.0,266866460.0,4628272.0,7562546.0,21.9,-1.3,4.2,,,727030718.0,0.39020964090610194,89.9,-1.5
Contra Costa County Employees' Retirement Association,7259,2011,6314787187.0,5290114102.0,1024673085.0,83.8,694443999.0,248281413.0,603989951.0,2778450.0,5283294.0,288969175.0,2647011.0,7722665.0,14.0,0.7,4.8,,,550427669.0,0.35752546405113367,88.4,-4.6000000000000085
Contra Costa County Employees' Retirement Association,7259,2012,6654036801.0,5341821711.0,1312215090.0,80.3,687443206.0,261964370.0,96704257.0,4609440.0,6289684.0,320297818.0,3909122.0,7649185.0,2.7,12.6,2.4,,,25132258.0,0.38107056366777153,83.8,-3.5
Contra Costa County Employees' Retirement Association,7259,2013,6915311649.0,5426719066.0,1488592583.0,78.5,666394146.0,285683036.0,678627489.0,3445122.0,6030474.0,347569044.0,3275969.0,8588493.0,14.1,10.1,3.6,,,602291667.0,0.42869979833226207,80.3,-1.7999999999999972
Contra Costa County Employees' Retirement Association,7259,2014,7761315535.0,5482257062.0,2279058473.0,70.6,652312178.0,307390706.0,887465731.0,-1448385.0,6775782.0,369809403.0,3844376.0,9242019.0,16.5,11.0,13.7,,,803736472.0,0.47123251162114593,78.5,-7.900000000000006
Contra Costa County Employees' Retirement Association,7259,2015,7731097407.0,5907416432.0,1823680975.0,76.4,679428911.0,372018078.0,493089982.0,-3050196.0,6979995.0,387026326.0,6798278.0,10660631.0,8.4,13.0,11.0,,,450592634.0,0.5475452574610856,70.6,5.800000000000011
Contra Costa County Employees' Retirement Association,7259,2016,8027438213.0,6557496101.0,1469942112.0,81.7,697831837.0,409080907.0,85220874.0,-1626397.0,8115358.0,400758537.0,4434005.0,11695285.0,2.6,9.0,8.7,,,67672199.0,0.5862170301066387,76.4,5.299999999999997
Contra Costa County Employees' Retirement Association,7259,2017,8448624096.0,7136801380.0,1311822716.0,84.5,746352665.0,396697316.0,503363286.0,0.0,8486463.0,412073488.0,7154217.0,10409357.0,7.4,6.1,9.7,307457143.0,0.0,461937077.0,0.5315145702601598,81.7,2.799999999999997
Contra Costa County Employees' Retirement Association,7259,2018,8794434139.0,7606997530.0,1187436609.0,86.5,784412261.0,411303467.0,996556382.0,0.0,9146115.0,430036660.0,5517940.0,11097589.0,14.2,8.0,9.7,314512561.0,0.0,952061545.0,0.5243460453762591,84.5,2.0
Contra Costa County Employees' Retirement Association,7259,2019,9239246920.0,8179891191.0,1059355729.0,88.53,860624613.0,428658632.0,-185756513.0,0.0,9337053.0,452511863.0,8092678.0,13555781.0,-2.7,5.8,5.4,324863103.0,0.0,-240595256.0,0.4980785182354528,86.5,2.030000000000001
Contra Costa County Employees' Retirement Association,7259,2020,9682143750.0,8650178226.0,1031965524.0,89.34,896390769.0,436470506.0,1177539934.0,0.0,10200473.0,477759784.0,7617377.0,11405921.0,14.6,8.3,6.8,326716796.0,0.0,1107026885.0,0.4869199026747229,88.53,0.8100000000000023
Contra Costa County Employees' Retirement Association,7259,2021,10075722222.0,9144580232.0,931141990.0,90.76,937531265.0,449850914.0,892012458.0,0.0,10749625.0,500233675.0,5924900.0,11729989.0,9.2,6.8,8.2,336066723.0,0.0,813225183.0,0.4798249730903641,89.34,1.4200000000000017
Contra Costa County Employees' Retirement Association,7259,2022,10521628175.0,9662282926.0,859345249.0,91.83,990041699.0,527776524.0,1417098871.0,0.0,11237383.0,532116595.0,5883885.0,12109641.0,13.9,12.6,9.6,339702909.0,0.0,1383527891.0,0.533085146345942,90.76,1.0699999999999932
Contra Costa County Employees' Retirement Association,7259,2023,11288973487.0,10434412288.0,854561199.0,92.43,1015755387.0,474687607.0,-1271875625.0,0.0,11537709.0,562830131.0,13738069.0,14803014.0,-10.6,3.6,4.4,348760348.0,0.0,-1400096941.0,0.4673247251013595,91.83,0.6000000000000085
Contra Costa County Employees' Retirement Association,7259,2024,11912228880.0,10861822062.0,1050406818.0,91.18,1073886785.0,505251680.0,883716524.0,0.0,12839955.0,594474338.0,10062502.0,16401962.0,9.0,3.5,6.8,372770052.0,0.0,755189447.0,0.4704887768965329,92.43,-1.25
Fresno County Employees' Retirement Association,7260,2003,1932300000.0,1674900000.0,257400000.0,86.7,330118583.0,53557689.0,26801635.0,588224.0,2057601.0,92887465.0,904266.0,0.0,3.0,-0.9,2.5,,,-14901784.0,0.16223772837410974,,
Fresno County Employees' Retirement Association,7260,2004,1953490000.0,1922149000.0,31341000.0,98.4,319225779.0,461189498.0,218191200.0,20685726.0,2001117.0,107052147.0,941211.0,0.0,16.6,4.8,4.2,,,590071949.0,1.4447125775515768,86.7,11.700000000000003
Fresno County Employees' Retirement Association,7260,2005,1953490000.0,1922149000.0,31341000.0,98.4,341981000.0,80603659.0,211073669.0,24333148.0,2484059.0,115128805.0,1403294.0,0.0,12.1,10.5,4.9,,,196994318.0,0.23569630768960848,98.4,0.0
Fresno County Employees' Retirement Association,7260,2006,2545620000.0,2337311000.0,208309000.0,91.8,351049185.0,87233557.0,213410202.0,16357462.0,2865270.0,120992639.0,1185450.0,0.0,11.4,13.4,7.6,,,191957862.0,0.24849383142706913,98.4,-6.6000000000000085
Fresno County Employees' Retirement Association,7260,2007,2803990000.0,2398454407.0,405535593.0,85.5,376270081.0,103524735.0,422245526.0,20109818.0,3299243.0,131480022.0,2112627.0,0.0,19.0,14.2,12.3,,,408988187.0,0.27513411304153096,91.8,-6.299999999999997
Fresno County Employees' Retirement Association,7260,2008,2803990000.0,2398454000.0,405536000.0,85.5,376270000.0,127577202.0,-199423940.0,12513052.0,3568667.0,143072200.0,6072397.0,0.0,-5.1,8.0,10.5,,,-212046950.0,0.33905759693836873,85.5,0.0
Fresno County Employees' Retirement Association,7260,2009,3149570000.0,2610269000.0,539301000.0,82.9,404277000.0,148521266.0,-451990242.0,490660.0,3854970.0,155782122.0,2077530.0,0.0,-16.2,-1.8,3.4,,,-464692938.0,0.3673750077298486,85.5,-2.5999999999999943
Fresno County Employees' Retirement Association,7260,2010,3429990000.0,2812423000.0,617567000.0,82.0,424084000.0,158346835.0,330019455.0,11419596.0,3569816.0,169526101.0,1915119.0,0.0,16.1,-2.7,4.1,,,324774850.0,0.37338554390167983,82.9,-0.9000000000000057
Fresno County Employees' Retirement Association,7260,2011,3644743000.0,2864956000.0,779787000.0,78.6,422519000.0,161583030.0,604876580.0,545057.0,4108313.0,180362974.0,2043926.0,0.0,22.7,6.1,6.1,,,580489454.0,0.3824278434815949,82.0,-3.4000000000000057
Fresno County Employees' Retirement Association,7260,2012,4092464000.0,2983044000.0,1109420000.0,72.9,408861000.0,190496321.0,-10399016.0,157354.0,3597723.0,193535235.0,1785748.0,0.0,-0.2,12.5,2.5,,,-18664047.0,0.4659195203259788,78.6,-5.699999999999989
Fresno County Employees' Retirement Association,7260,2013,4237961000.0,3114483000.0,1123478000.0,73.5,398976000.0,189088103.0,377938012.0,545388.0,3675804.0,210745741.0,2210889.0,0.0,12.3,11.2,6.0,,,350939069.0,0.4739335273299647,72.9,0.5999999999999943
Fresno County Employees' Retirement Association,7260,2014,4345402000.0,3305045000.0,1040357000.0,76.1,365596000.0,195463147.0,582624775.0,544832.0,3541682.0,222289390.0,2103211.0,21269.0,17.5,9.7,13.5,,,550677202.0,0.5346424660007221,73.5,2.5999999999999943
Fresno County Employees' Retirement Association,7260,2015,4694780000.0,3518982000.0,1175798000.0,75.0,370079000.0,217323181.0,54337.0,351980.0,4297090.0,229114524.0,2281948.0,45520.0,0.1,9.8,10.1,,,-18009584.0,0.5872345661331769,76.1,-1.0999999999999943
Fresno County Employees' Retirement Association,7260,2016,4876754000.0,3824221000.0,1052533000.0,78.4,373774000.0,226740995.0,-4815598.0,557383.0,4814002.0,238027786.0,2203568.0,60841.0,-0.2,5.3,5.4,,,-22623417.0,0.6066259156602652,75.0,3.4000000000000057
Fresno County Employees' Retirement Association,7260,2017,5074333000.0,4092647000.0,981686000.0,80.7,383775000.0,234731251.0,417214463.0,466402.0,4762253.0,247491249.0,2355645.0,77135.0,10.2,3.2,7.6,198472000.0,0.0,397725834.0,0.6116376809328382,78.4,2.299999999999997
Fresno County Employees' Retirement Association,7260,2018,5472149000.0,4278001000.0,1194148000.0,78.2,402535000.0,249001894.0,312456474.0,314164.0,5676721.0,260823334.0,2408213.0,214624.0,7.2,5.7,6.7,210535000.0,0.0,292649640.0,0.6185844560100364,80.7,-2.5
Fresno County Employees' Retirement Association,7260,2019,5643444000.0,4529508000.0,1113936000.0,80.26,413760000.0,265954812.0,254695620.0,105191.0,5980558.0,277417250.0,2614989.0,107154.0,5.6,7.7,4.5,225492000.0,0.0,234635672.0,0.6427755510440836,78.2,2.0600000000000023
Fresno County Employees' Retirement Association,7260,2020,5893909000.0,4802958000.0,1090951000.0,81.49,431678000.0,289235575.0,12822415.0,274175.0,6422136.0,292775342.0,2217060.0,130099.0,1.0,4.6,4.7,247474000.0,0.0,787528.0,0.6700262116670296,80.26,1.2299999999999898
Fresno County Employees' Retirement Association,7260,2021,6086654000.0,4971225000.0,1115429000.0,81.67,457759000.0,315594227.0,1348648133.0,2281.0,6073739.0,307679940.0,2746764.0,117138.0,25.6,10.2,9.6,273973000.0,0.0,1347627060.0,0.6894331449518196,81.49,0.18000000000000682
Fresno County Employees' Retirement Association,7260,2022,6320381000.0,5226009000.0,1094372000.0,82.69,485586432.0,293770996.0,-621991087.0,104509.0,6460332.0,320672500.0,4175109.0,98851.0,-9.1,4.9,5.5,251733000.0,0.0,-659522374.0,0.6049818871380657,81.67,1.019999999999996
Fresno County Employees' Retirement Association,7260,2023,6649631000.0,5710379000.0,939252000.0,85.88,482498920.0,289337838.0,537460290.0,46901.0,6411999.0,340440126.0,4244559.0,122188.0,9.2,7.6,5.9,242221000.0,0.0,475626157.0,0.5996652552092759,82.69,3.1899999999999977
Fresno County Employees' Retirement Association,7260,2024,6918859000.0,6134136000.0,784723000.0,88.66,491461957.0,294340884.0,624666410.0,181953.0,7049280.0,356336180.0,3823428.0,152401.0,10.2,3.0,6.8,243868000.0,0.0,551827958.0,0.5989087859347778,85.88,2.780000000000001
Imperial County Employees' Retirement System,7261,2003,259102002.0,286483812.0,-27381810.0,110.6,67981177.0,43481760.0,19363971.0,142496.0,424980.0,10044620.0,402114.0,241449.0,,,,,,51875064.0,0.6396146980509031,,
Imperial County Employees' Retirement System,7261,2004,307347412.0,300960414.0,6386998.0,97.9,67893389.0,10612891.0,54003169.0,28983.0,454623.0,11501157.0,700696.0,119020.0,17.0,6.0,6.0,,,51869547.0,0.15631700164503498,110.6,-12.699999999999989
Imperial County Employees' Retirement System,7261,2005,321156892.0,326593613.0,-5436721.0,101.7,63710775.0,9878155.0,33521505.0,18920.0,476592.0,12583819.0,764748.0,64922.0,6.9,14.1,6.1,,,29528499.0,0.15504685039540014,97.9,3.799999999999997
Imperial County Employees' Retirement System,7261,2006,366157880.0,361353248.0,4804632.0,98.7,67041679.0,9836064.0,37790015.0,28260.0,588045.0,14432562.0,709940.0,6450.0,9.7,11.9,7.4,,,31917342.0,0.14671565728537317,101.7,-3.0
Imperial County Employees' Retirement System,7261,2007,401985292.0,388224673.0,13760619.0,96.6,71730897.0,13986639.0,72796182.0,20472.0,717354.0,16307447.0,753722.0,5518.0,17.4,12.0,11.7,,,69019252.0,0.19498764946435843,98.7,-2.1000000000000085
Imperial County Employees' Retirement System,7261,2008,437816000.0,420938000.0,16878000.0,96.1,77886078.0,15281507.0,-20176329.0,10403.0,805476.0,18257295.0,751640.0,6457.0,-3.8,7.4,10.6,,,-24705287.0,0.1962033189037969,96.6,-0.5
Imperial County Employees' Retirement System,7261,2009,507631000.0,487411000.0,20220000.0,96.0,93493.0,18154884.0,-82207660.0,10702.0,616721.0,20500507.0,486781.0,1013977.0,-16.9,-2.1,2.4,,,-86660060.0,,96.1,-0.09999999999999432
Imperial County Employees' Retirement System,7261,2010,546342000.0,524522000.0,21820000.0,96.0,98085.0,20595686.0,56310244.0,76451.0,901838.0,21355193.0,747047.0,112072.0,15.1,-2.7,3.5,,,53866231.0,,96.0,0.0
Imperial County Employees' Retirement System,7261,2011,613584000.0,552209000.0,61375000.0,90.0,101610000.0,21442987.0,100136757.0,33364.0,990216.0,23634334.0,606411.0,0.0,23.2,5.6,5.9,,,96382147.0,0.2110322507627202,96.0,-6.0
Imperial County Employees' Retirement System,7261,2012,643322000.0,577753000.0,65569000.0,89.8,100356000.0,20970865.0,-694259.0,29612.0,1025809.0,26261763.0,564854.0,0.0,0.1,12.4,2.6,,,-7546208.0,0.20896473554147235,90.0,-0.20000000000000284
Imperial County Employees' Retirement System,7261,2013,684303000.0,611989000.0,72314000.0,89.4,102547.0,26176324.0,62492935.0,63555.0,1521247.0,28435269.0,885321.0,0.0,11.8,11.3,5.7,,,57890977.0,,89.8,-0.3999999999999915
Imperial County Employees' Retirement System,7261,2014,741242000.0,659148000.0,82094000.0,88.9,105731000.0,27564449.0,95773731.0,57446.0,1890474.0,30372306.0,695957.0,0.0,16.7,9.4,13.2,,,90436889.0,0.2607035684898469,89.4,-0.5
Imperial County Employees' Retirement System,7261,2015,782840000.0,704758000.0,78082000.0,90.0,112465000.0,29786750.0,11305171.0,61557.0,2079611.0,31807007.0,810930.0,0.0,2.1,10.1,10.5,,,6455930.0,0.2648535099808829,88.9,1.0999999999999943
Imperial County Employees' Retirement System,7261,2016,816442000.0,737506000.0,78936000.0,90.3,115443000.0,33425595.0,1651720.0,74463.0,2303583.0,34018417.0,650225.0,0.0,0.6,6.2,6.1,,,-1820447.0,0.28954198175723084,90.0,0.29999999999999716
Imperial County Employees' Retirement System,7261,2017,910321000.0,783848000.0,126473000.0,86.1,119934.0,34309070.0,85761157.0,11715.0,2441608.0,36700034.0,934947.0,0.0,12.6,5.0,8.6,21000000.0,0.0,80005353.0,,90.3,-4.200000000000003
Imperial County Employees' Retirement System,7261,2018,945385000.0,835211000.0,110174000.0,88.4,118800000.0,34420289.0,61149858.0,9631.0,2224214.0,40040093.0,906659.0,0.0,8.0,7.0,7.8,21014523.0,0.0,52408812.0,0.2897330723905724,86.1,2.3000000000000114
Imperial County Employees' Retirement System,7261,2019,998690000.0,869620000.0,129070000.0,87.08,128681000.0,41163589.0,50172207.0,14515.0,2736486.0,42710518.0,1371863.0,0.0,6.4,9.0,5.9,26078469.0,0.0,44531444.0,0.31988863157731134,88.4,-1.3200000000000074
Imperial County Employees' Retirement System,7261,2020,1091767000.0,925377000.0,166390000.0,84.76,132291000.0,41490138.0,27401104.0,56273.0,2742587.0,45699943.0,1502178.0,0.0,3.1,5.8,6.1,26378159.0,0.0,19002807.0,0.31362782048665444,87.08,-2.319999999999993
Imperial County Employees' Retirement System,7261,2021,1145580000.0,1005105000.0,140475000.0,87.74,135725000.0,42834751.0,242348883.0,10224.0,2923519.0,49586430.0,914219.0,0.0,26.7,11.4,10.9,27812265.0,0.0,231769690.0,0.3155995652974765,84.76,2.9799999999999898
Imperial County Employees' Retirement System,7261,2022,1176722000.0,1091781000.0,84941000.0,92.78,134257000.0,50177826.0,-83832087.0,2845.0,3015583.0,51603597.0,2133790.0,0.0,-6.6,6.6,6.8,33723091.0,0.0,-90404386.0,0.3737445794260262,87.74,5.040000000000006
Imperial County Employees' Retirement System,7261,2023,1262246000.0,1144538000.0,117708000.0,90.67,143616000.0,46158996.0,81100012.0,2462.0,3286940.0,53447181.0,2537191.0,0.0,7.4,8.4,6.8,29345685.0,0.0,67990158.0,0.3214056651069519,92.78,-2.1099999999999994
Imperial County Employees' Retirement System,7261,2024,1309119.0,1208083.0,101036.0,92.28,149618000.0,44696146.0,108786490.0,3702.0,3000826.0,56131342.0,1681379.0,0.0,10.2,3.6,7.6,27366348.0,0.0,92672791.0,0.2987350853506931,90.67,1.6099999999999994
Kern County Employees' Retirement Association,7262,2003,1899031000.0,1570278000.0,328753000.0,82.7,344870937.0,356087641.0,87935189.0,0.0,2195074.0,92701281.0,1600778.0,751994.0,6.58,-1.71,2.84,,,346773703.0,1.032524352726191,,
Kern County Employees' Retirement Association,7262,2004,2059286000.0,1927585000.0,131701000.0,93.6,355311717.0,59210814.0,296074040.0,0.0,2551741.0,103045623.0,1914751.0,0.0,16.73,5.38,3.95,,,247772739.0,0.16664469863232798,82.7,10.899999999999991
Kern County Employees' Retirement Association,7262,2005,2336406000.0,2012521000.0,323885000.0,86.1,374951346.0,70619134.0,224442133.0,0.0,2500768.0,109074189.0,1931893.0,2745.0,11.09,11.53,4.33,,,181551672.0,0.18834212692758276,93.6,-7.5
Kern County Employees' Retirement Association,7262,2006,2861872000.0,2164304000.0,697568000.0,75.6,391387092.0,112509014.0,259760478.0,0.0,2518913.0,121826501.0,1938989.0,111.0,11.69,13.27,7.82,,,245984978.0,0.2874622497770059,86.1,-10.5
Kern County Employees' Retirement Association,7262,2007,3109038000.0,2352028000.0,757010000.0,75.7,417350994.0,140768462.0,453362746.0,0.0,3030488.0,134564655.0,2513648.0,705.0,18.4,13.68,12.9,,,454021712.0,0.33729034798944313,75.6,0.10000000000000853
Kern County Employees' Retirement Association,7262,2008,3355755000.0,2589818000.0,765937000.0,77.2,453412000.0,152295092.0,-201562477.0,0.0,3341021.0,146186648.0,2374070.0,105.0,-6.5,,9.98,,,-201169229.0,0.3358867696487962,75.7,1.5
Kern County Employees' Retirement Association,7262,2009,3671460000.0,2654305000.0,1017155000.0,72.3,482878757.0,157006191.0,-677335695.0,0.0,3072618.0,159859767.0,2629342.0,0.0,-21.87,-4.72,1.42,,,-685891231.0,0.3251461960667696,77.2,-4.900000000000006
Kern County Employees' Retirement Association,7262,2010,4205200000.0,2780215000.0,1424985000.0,66.1,559872040.0,169004000.0,291333000.0,0.0,3207000.0,178049000.0,2317000.0,547308.0,13.3,-6.11,1.82,,,276216692.0,0.30186183257159976,72.3,-6.200000000000003
Kern County Employees' Retirement Association,7262,2011,4457038000.0,2794644000.0,1662394000.0,62.7,559380250.0,195715000.0,503553000.0,0.0,3763000.0,197896000.0,3117000.0,0.0,19.2,1.4,2.9,,,494492000.0,0.34987828047200453,66.1,-3.3999999999999915
Kern County Employees' Retirement Association,7262,2012,4672348000.0,2839747000.0,1832601000.0,60.8,539836000.0,208557000.0,21150000.0,0.0,3469000.0,219058000.0,3082000.0,0.0,1.0,10.9,-0.1,,,4098000.0,0.3863339977326447,62.7,-1.9000000000000057
Kern County Employees' Retirement Association,7262,2013,4894990000.0,2960507000.0,1934483000.0,60.5,543558000.0,231960000.0,319264000.0,0.0,3848000.0,239136000.0,3494000.0,0.0,10.4,10.0,3.3,,,304746000.0,0.4267437881514024,60.8,-0.29999999999999716
Kern County Employees' Retirement Association,7262,2014,5108619000.0,3120632000.0,1987987000.0,61.1,555752000.0,246203000.0,487494000.0,0.0,4860000.0,254383000.0,3112000.0,0.0,15.0,8.7,11.7,,,471342000.0,0.4430087521052556,60.5,0.6000000000000014
Kern County Employees' Retirement Association,7262,2015,5492440000.0,3342122000.0,2150318000.0,60.8,555634000.0,245802000.0,81930000.0,0.0,4886000.0,270367000.0,3498000.0,0.0,2.4,9.2,9.4,,,48981000.0,0.44238113578362737,61.1,-0.30000000000000426
Kern County Employees' Retirement Association,7262,2016,5657173000.0,3529786000.0,2127387000.0,62.4,556824000.0,267992000.0,-27535000.0,0.0,5225000.0,285456000.0,3282000.0,0.0,-0.5,5.4,5.5,,,-53506000.0,0.48128672614686147,60.8,1.6000000000000014
Kern County Employees' Retirement Association,7262,2017,5813092000.0,3685447000.0,2127645000.0,63.4,556824000.0,275761000.0,426607000.0,0.0,5243000.0,301893000.0,3924000.0,0.0,11.8,4.4,7.7,224351000.0,0.0,391308000.0,0.49523907015502205,62.4,1.0
Kern County Employees' Retirement Association,7262,2018,6191433000.0,3913073000.0,2278360000.0,63.2,572081000.0,295037000.0,267659000.0,0.0,5116000.0,317923000.0,3690000.0,0.0,6.5,5.8,6.9,242534000.0,0.0,235967000.0,0.5157259199309189,63.4,-0.19999999999999574
Kern County Employees' Retirement Association,7262,2019,6398814000.0,4163476000.0,2235338000.0,65.07,584181000.0,279252000.0,214244000.0,0.0,4737000.0,337315000.0,4526000.0,0.0,5.3,7.8,5.0,229120000.0,0.0,146918000.0,0.47802307846369535,63.2,1.8699999999999903
Kern County Employees' Retirement Association,7262,2020,7005589000.0,4508548000.0,2497041000.0,64.36,607696000.0,331771000.0,127861000.0,0.0,5523000.0,356642000.0,4452000.0,0.0,3.0,4.9,5.1,273909000.0,0.0,93015000.0,0.5459489613227666,65.07,-0.7099999999999937
Kern County Employees' Retirement Association,7262,2021,7164225000.0,4806026000.0,2358199000.0,67.08,604320000.0,322414000.0,1043361000.0,0.0,6061000.0,374483000.0,4316000.0,2197000.0,23.9,10.3,9.8,268626000.0,0.0,978718000.0,0.533515356102727,64.36,2.719999999999999
Kern County Employees' Retirement Association,7262,2022,7372653000.0,5102402000.0,2270251000.0,69.21,612609000.0,341577000.0,-219947000.0,0.0,6702000.0,390977000.0,9373000.0,962000.0,,,,287063000.0,0.0,-286384000.0,0.5575775086556025,67.08,2.1299999999999955
Kern County Employees' Retirement Association,7262,2023,7918848000.0,5436078000.0,2482770000.0,68.65,677026000.0,376359000.0,304208000.0,0.0,7260000.0,409198000.0,8657000.0,0.0,,,,316838000.0,0.0,255452000.0,0.5559003642400735,69.21,-0.5599999999999881
Kern County Employees' Retirement Association,7262,2024,8332592000.0,5822219000.0,2510373000.0,69.87,797698000.0,423195000.0,503187000.0,0.0,8222000.0,426286000.0,6067000.0,0.0,,,,358108000.0,0.0,485807000.0,0.5305203222272088,68.65,1.2199999999999989
Los Angeles County Employees' Retirement Association,7263,2003,28437493000.0,28262129000.0,175364000.0,99.4,4929937268.0,558716469.0,924990945.0,151214893.0,41522742.0,1322446185.0,16756379.0,53630403.0,,,,,,200566598.0,0.1133313546658298,,
Los Angeles County Employees' Retirement Association,7263,2004,30474025000.0,26564328000.0,3909697000.0,87.2,4919531389.0,657807486.0,4118500382.0,2604813.0,38684273.0,1429423039.0,18087544.0,59340980.0,16.5,4.4,4.5,,,3233376845.0,0.1337134442257748,99.4,-12.200000000000003
Los Angeles County Employees' Retirement Association,7263,2005,32700505000.0,27089440000.0,5611065000.0,82.8,4982083870.0,813906250.0,3396193349.0,3222060.0,43181726.0,1543733727.0,18630473.0,62854059.0,11.0,10.2,3.7,,,2544921674.0,0.16336662955455225,87.2,-4.400000000000006
Los Angeles County Employees' Retirement Association,7263,2006,34375949000.0,29497485000.0,4878464000.0,85.8,4982083870.0,972842673.0,4092410089.0,3877310.0,44690633.0,1778732645.0,19730521.0,66492388.0,13.0,13.4,7.4,,,3159483885.0,0.19526822478000555,82.8,3.0
Los Angeles County Employees' Retirement Association,7263,2007,36258929000.0,32819725000.0,3439204000.0,90.5,5615735825.0,1099628470.0,6487183581.0,1803205.0,43880141.0,1774615570.0,18037527.0,197033.0,19.1,14.4,12.5,,,5751884985.0,0.19581200118151926,85.8,4.700000000000003
Los Angeles County Employees' Retirement Association,7263,2008,39502456000.0,37041832000.0,2460624000.0,93.8,5615735825.0,1202781637.0,-1426116844.0,1766898.0,48222816.0,1887684247.0,25587771.0,371406.0,-1.4,10.0,11.4,,,-2183434549.0,0.21418059440144693,90.5,3.299999999999997
Los Angeles County Employees' Retirement Association,7263,2009,41975631000.0,39662361000.0,2313270000.0,94.5,6123888444.0,1247216505.0,-7407790880.0,1221512.0,49729861.0,1996008007.0,20355983.0,242673.0,-18.2,-1.3,3.9,,,-8225689387.0,0.20366414515959788,93.8,0.7000000000000028
Los Angeles County Employees' Retirement Association,7263,2010,44468636000.0,39541865000.0,4926771000.0,88.9,6547616006.0,1273316092.0,3840400740.0,868314.0,48891633.0,2111863205.0,18904358.0,18824.0,11.8,-3.4,4.0,,,2934907126.0,0.19447018438973496,94.5,-5.599999999999994
Los Angeles County Employees' Retirement Association,7263,2011,46646838000.0,38839392000.0,7807446000.0,83.3,6650673594.0,1407916907.0,6930358753.0,590355.0,50605321.0,2247072567.0,22718195.0,346968.0,20.4,3.3,5.3,,,6018122964.0,0.21169538500132865,88.9,-5.6000000000000085
Los Angeles County Employees' Retirement Association,7263,2012,48598166000.0,39193627000.0,9404539000.0,80.6,6650673594.0,1585687428.0,-291009060.0,1003667.0,50218264.0,2372977126.0,17620848.0,120885.0,0.3,10.5,1.7,,,-1145255088.0,0.2384250866604776,83.3,-2.700000000000003
Los Angeles County Employees' Retirement Association,7263,2013,50809425000.0,39039364000.0,11770061000.0,76.8,6619816094.0,1402767025.0,4659013868.0,384958.0,53862513.0,2516339133.0,25011692.0,190088.0,12.1,10.6,4.4,,,3466762425.0,0.21190422892131783,80.6,-3.799999999999997
Los Angeles County Employees' Retirement Association,7263,2014,53247776000.0,39932416000.0,13315360000.0,75.0,6595902275.0,1759442811.0,6908412399.0,2255869.0,58723181.0,2638872675.0,23528109.0,228796.0,16.8,9.5,12.0,,,5948758318.0,0.26674785914713994,76.8,-1.7999999999999972
Los Angeles County Employees' Retirement Association,7263,2015,54942453000.0,43654462000.0,11287991000.0,79.5,6672227801.0,1936233380.0,1989358376.0,1694710.0,62590949.0,2742999298.0,25410525.0,212346.0,4.3,11.0,10.5,,,1096073348.0,0.29019293671445195,75.0,4.5
Los Angeles County Employees' Retirement Association,7263,2016,56819215000.0,47328270000.0,9490945000.0,83.3,7592760185.0,1901795074.0,80588222.0,2780878.0,67644631.0,2862093996.0,27092265.0,-10191.0,1.1,7.2,6.7,,,-971656527.0,0.25047479805263995,79.5,3.799999999999997
Los Angeles County Employees' Retirement Association,7263,2017,62199214000.0,49357847000.0,12841367000.0,79.4,7279090792.0,1857937901.0,6135670319.0,0.0,66830476.0,3005180623.0,24451924.0,188062.0,12.7,5.8,9.0,1392812667.0,0.0,4896957135.0,0.25524312776012426,83.3,-3.8999999999999915
Los Angeles County Employees' Retirement Association,7263,2018,65310803000.0,52166307000.0,13144496000.0,79.9,7637031557.0,2116085108.0,4722252897.0,0.0,78181211.0,3180154411.0,23220662.0,450521.0,9.0,7.4,8.5,1564284417.0,0.0,3556331200.0,0.2770821479793972,79.4,0.5
Los Angeles County Employees' Retirement Association,7263,2019,68527354000.0,55233108000.0,13294246000.0,80.6,7957981294.0,2303566222.0,3181681440.0,0.0,82905641.0,3378463526.0,28691156.0,332945.0,6.4,9.4,6.5,1668151340.0,0.0,1994854394.0,0.28946615189166086,79.9,0.6999999999999886
Los Angeles County Employees' Retirement Association,7263,2020,74635840000.0,57617288000.0,17018552000.0,77.2,8370050420.0,2459433408.0,1448259016.0,0.0,85383609.0,3581108942.0,25231451.0,397076.0,1.8,5.7,6.1,1800137446.0,0.0,215571346.0,0.2938373468005943,80.6,-3.3999999999999915
Los Angeles County Employees' Retirement Association,7263,2021,78275175000.0,59762991000.0,18512184000.0,76.35,8724151151.0,2773870909.0,15632842482.0,0.0,90585759.0,3789749861.0,24512008.0,247956.0,25.2,10.7,10.8,2012877282.0,0.0,14501617807.0,0.3179531006500325,77.2,-0.8500000000000085
Los Angeles County Employees' Retirement Association,7263,2022,81898044000.0,64909377000.0,16988667000.0,79.26,9062051304.0,2958520953.0,-1536027102.0,0.0,100121012.0,4006478084.0,38088986.0,219132.0,0.1,8.5,8.1,2199888715.0,0.0,-2722413363.0,0.3264736485980945,76.35,2.910000000000011
Los Angeles County Employees' Retirement Association,7263,2023,86320151000.0,68711610000.0,17608541000.0,79.6,9100790705.0,3094949716.0,4861294656.0,0.0,112149673.0,4237951138.0,43412068.0,457778.0,6.4,10.1,7.6,2301705589.0,0.0,3562273715.0,0.34007481507069776,79.26,0.3399999999999892
Los Angeles County Employees' Retirement Association,7263,2024,90651092000.0,72414936000.0,18236156000.0,79.88,9425689968.0,3370113196.0,6617318454.0,0.0,118628255.0,4474471593.0,43665970.0,326486.0,9.1,5.2,8.2,2509071263.0,0.0,5350339346.0,0.35754551735113893,79.6,0.28000000000000114
Marin County Employees' Retirement Association,7264,2003,1063686000.0,989849000.0,73837000.0,93.1,167354778.0,145309391.0,8589782.0,0.0,1017343.0,44891672.0,492588.0,0.0,,,,,,107497570.0,0.8682715410730609,,
Marin County Employees' Retirement Association,7264,2004,1153671000.0,1098936000.0,54735000.0,95.3,172268814.0,37138007.0,169502785.0,0.0,1258798.0,50446022.0,592660.0,123550.0,18.48,3.94,3.89,,,154219762.0,0.2155817186969198,93.1,2.200000000000003
Marin County Employees' Retirement Association,7264,2005,1277737000.0,1116939000.0,160798000.0,87.4,180022967.0,44072104.0,103414352.0,0.0,1201972.0,57215128.0,276913.0,387791.0,10.13,9.7,3.76,,,88404652.0,0.24481378534328901,95.3,-7.8999999999999915
Marin County Employees' Retirement Association,7264,2006,1356218000.0,1140720000.0,215498000.0,84.1,177518382.0,56669378.0,140818299.0,0.0,1262844.0,61205529.0,821943.0,319613.0,12.63,13.69,6.85,,,133877748.0,0.31923104166192773,87.4,-3.3000000000000114
Marin County Employees' Retirement Association,7264,2007,1501701000.0,1210942000.0,290759000.0,80.6,202424659.0,63605781.0,234823309.0,0.0,1830955.0,67322500.0,627743.0,167632.0,,,,,,228480260.0,0.3142195289557089,84.1,-3.5
Marin County Employees' Retirement Association,7264,2008,1582929000.0,1351957000.0,230972000.0,85.4,197238061.0,73970761.0,-98656557.0,0.0,2929645.0,72188685.0,530647.0,653069.0,-6.12,7.82,10.34,,,-100987842.0,0.37503289489344555,80.6,4.800000000000011
Marin County Employees' Retirement Association,7264,2009,1769620000.0,1485918000.0,283702000.0,84.0,224369073.0,71953334.0,-275832228.0,0.0,2701167.0,77417556.0,1065627.0,879076.0,-19.32,-3.52,2.18,,,-285942320.0,0.32069185399718614,85.4,-1.4000000000000057
Marin County Employees' Retirement Association,7264,2010,1862434000.0,1343253000.0,519181000.0,72.1,221815166.0,73690030.0,95972473.0,0.0,2961121.0,83704078.0,993559.0,794811.0,8.88,-6.26,1.91,,,81208934.0,0.33221366838370286,84.0,-11.900000000000006
Marin County Employees' Retirement Association,7264,2011,1929666000.0,1368705000.0,560961000.0,70.9,220827549.0,83057065.0,285702387.0,0.0,2804186.0,89703494.0,616579.0,807087.0,23.5,2.3,3.3,,,274828106.0,0.3761173158698601,72.1,-1.1999999999999886
Marin County Employees' Retirement Association,7264,2012,1985099435.0,1430279987.0,554819448.0,72.1,215756977.0,82063844.0,28374538.0,0.0,3013917.0,95977096.0,818374.0,1245638.0,,,,,,9383357.0,0.3803531414884442,70.9,1.1999999999999886
Marin County Employees' Retirement Association,7264,2013,1985099435.0,1430279987.0,554819448.0,72.1,216026072.0,120681050.0,223614376.0,0.0,3764105.0,101740810.0,506882.0,13181070.0,0.0,0.0,0.0,,,225102559.0,0.5586411347608079,72.1,0.0
Marin County Employees' Retirement Association,7264,2014,2072759723.0,1477814672.0,594945051.0,71.3,213611545.0,92932890.0,309002468.0,0.0,3462021.0,108334914.0,1007947.0,1041824.0,18.75,11.97,13.77,,,288088652.0,0.43505555844371613,72.1,-0.7999999999999972
Marin County Employees' Retirement Association,7264,2015,2156571806.0,1586563147.0,570008659.0,73.6,217213593.0,93835565.0,100055573.0,0.0,3668546.0,115280886.0,703866.0,986077.0,5.15,13.17,13.02,,,73251763.0,0.43199674432897944,71.3,2.299999999999997
Marin County Employees' Retirement Association,7264,2016,2275641598.0,1992111553.0,283530045.0,87.5,226441577.0,102468137.0,42927728.0,0.0,3514621.0,123226093.0,977426.0,865139.0,10.09,7.85,11.95,,,16812586.0,0.4525146766664675,73.6,13.900000000000006
Marin County Employees' Retirement Association,7264,2022,3216900000.0,3361600000.0,-144700000.0,104.5,0.0,119043543.0,-322722434.0,0.0,4254848.0,174758842.0,2242861.0,705696.0,-9.01,7.48,7.6,85165422.0,0.0,-385641138.0,,87.5,17.0
Marin County Employees' Retirement Association,7264,2023,3325800000.0,3009900000.0,315900000.0,90.5,0.0,118127210.0,207213820.0,0.0,4569295.0,183831271.0,1294114.0,862257.0,6.35,8.16,6.71,82313307.0,0.0,134784093.0,,104.5,-14.0
Marin County Employees' Retirement Association,7264,2024,3473000000.0,3144700000.0,328300000.0,90.55,0.0,125797938.0,269072258.0,0.0,3879086.0,193719111.0,1780642.0,895435.0,8.71,1.41,7.31,86060064.0,0.0,194595922.0,,90.5,0.04999999999999716
Mendocino County Employees' Retirement Association,7265,2003,243342000.0,233764489.0,9577511.0,96.1,58197863.0,88301457.0,7432669.0,175377.0,251509.0,9353248.0,962313.0,0.0,,,,,,85342433.0,1.5172628761300049,,
Mendocino County Employees' Retirement Association,7265,2004,243342000.0,233764489.0,9577511.0,96.1,58550087.0,10868731.0,34689502.0,0.0,360445.0,10233623.0,728369.0,0.0,,,,,,34235796.0,0.18563133817375882,96.1,0.0
Mendocino County Employees' Retirement Association,7265,2005,289467000.0,253487000.0,35980000.0,87.6,57664000.0,10424004.0,24232607.0,0.0,252721.0,11268991.0,933453.0,0.0,,,,,,22201446.0,0.1807714345172031,96.1,-8.5
Mendocino County Employees' Retirement Association,7265,2006,320123321.0,288460739.0,31662582.0,90.1,57665172.0,12461901.0,32078770.0,266011.0,347765.0,12878043.0,1067748.0,0.0,,,,,,30513126.0,0.21610793079746646,87.6,2.5
Mendocino County Employees' Retirement Association,7265,2007,358259000.0,317937000.0,40322000.0,88.7,64225371.0,13233261.0,52595345.0,0.0,415588.0,14152746.0,1035899.0,0.0,18.2,13.62,12.94,,,50224373.0,0.20604413480149456,90.1,-1.3999999999999915
Mendocino County Employees' Retirement Association,7265,2008,373832000.0,353420714.0,20411286.0,94.5,70880333.0,13881934.0,-15846554.0,292428.0,426194.0,15639660.0,1064287.0,0.0,-3.82,8.36,10.74,,,-18802333.0,0.19585029319769137,88.7,5.799999999999997
Mendocino County Employees' Retirement Association,7265,2009,403196000.0,336263000.0,66933000.0,83.4,72235097.0,15397570.0,-52214538.0,321910.0,601879.0,16620867.0,734403.0,0.0,-16.5,-1.76,3.33,,,-54452207.0,0.21315912401972686,94.5,-11.099999999999994
Mendocino County Employees' Retirement Association,7265,2010,434987000.0,343202000.0,91785000.0,78.9,69004002.0,14740390.0,38128443.0,0.0,644865.0,19272443.0,1061327.0,0.0,14.47,-2.76,3.99,,,31890198.0,0.21361645082556227,83.4,-4.5
Mendocino County Employees' Retirement Association,7265,2011,472644283.0,347731607.0,124912676.0,73.6,64143765.0,15000919.0,64075101.0,0.0,639764.0,20559798.0,1167331.0,0.0,21.87,5.22,5.76,,,56709127.0,0.23386402404037243,78.9,-5.300000000000011
Mendocino County Employees' Retirement Association,7265,2012,489014364.0,362487345.0,126527019.0,74.1,56596088.0,16651351.0,-4078489.0,0.0,698463.0,24180110.0,0.0,0.0,-1.04,11.35,2.09,,,-12305711.0,0.2942138156262673,73.6,0.5
Mendocino County Employees' Retirement Association,7265,2013,510461279.0,378777024.0,131684255.0,74.2,430463983.0,18973066.0,48890492.0,0.0,829999.0,26573554.0,0.0,0.0,14.52,11.36,5.71,,,40460005.0,0.04407585012751229,74.1,0.10000000000000853
Mendocino County Employees' Retirement Association,7265,2014,584428884.0,404855842.0,179573042.0,69.3,55876248.0,18900647.0,68294844.0,200106.0,930437.0,27353529.0,0.0,0.0,18.07,10.19,13.29,,,59111631.0,0.3382590577663697,74.2,-4.900000000000006
Mendocino County Employees' Retirement Association,7265,2015,610381849.0,428228929.0,182152920.0,70.2,58106396.0,19816004.0,13201309.0,0.0,1059272.0,30049133.0,0.0,0.0,3.11,11.72,10.95,,,1908908.0,0.34102965188204065,69.3,0.9000000000000057
Mendocino County Employees' Retirement Association,7265,2016,632057539.0,446773272.0,185284267.0,70.7,61214954.0,24674116.0,-10352325.0,0.0,1142493.0,31058643.0,0.0,0.0,2.19,6.0,6.18,,,-17879345.0,0.4030733405435541,70.2,0.5
Mendocino County Employees' Retirement Association,7265,2017,679565362.0,475224924.0,204340438.0,69.9,62335605.0,24870333.0,66669863.0,0.0,1086089.0,31616955.0,1148447.0,0.0,15.89,5.31,9.57,19116426.0,0.0,57688705.0,0.3989747592888527,70.7,-0.7999999999999972
Mendocino County Employees' Retirement Association,7265,2018,717461993.0,504803711.0,212658282.0,70.4,67955820.0,26427106.0,45271985.0,0.0,1142175.0,33331909.0,821763.0,0.0,9.48,7.43,8.58,20430644.0,0.0,36403244.0,0.38888657365918033,69.9,0.5
Mendocino County Employees' Retirement Association,7265,2019,747065374.0,527367477.0,219697897.0,70.59,71124175.0,30246256.0,19959119.0,0.0,1233418.0,35650289.0,1024612.0,0.0,3.94,9.65,5.85,23702064.0,0.0,12297056.0,0.4252598501142544,70.4,0.18999999999999773
Mendocino County Employees' Retirement Association,7265,2020,795398180.0,551332136.0,244066044.0,69.32,75316869.0,31467819.0,14798656.0,0.0,1226492.0,38036004.0,741783.0,0.0,2.92,5.42,5.82,24647132.0,0.0,6262196.0,0.4178057242395459,70.59,-1.2700000000000102
Mendocino County Employees' Retirement Association,7265,2021,819983481.0,598428325.0,221555156.0,72.98,80908634.0,33387722.0,166513422.0,0.0,1372414.0,40229479.0,847162.0,0.0,31.83,12.15,12.34,26333815.0,0.0,157452089.0,0.4126595685696535,69.32,3.660000000000011
Mendocino County Employees' Retirement Association,7265,2022,871590734.0,637645858.0,233944876.0,73.16,84828649.0,38670779.0,-67539978.0,171596.0,1462771.0,42750386.0,1596157.0,0.0,-9.72,7.03,6.91,30485006.0,0.0,-74506917.0,0.45586932546809744,72.98,0.1799999999999926
Mendocino County Employees' Retirement Association,7265,2023,926631003.0,671244999.0,255386004.0,72.44,90739475.0,38802025.0,50150363.0,27140.0,1549772.0,44309923.0,1144610.0,0.0,8.29,8.84,6.66,30309355.0,0.0,41975223.0,0.4276201179255225,73.16,-0.7199999999999989
Mendocino County Employees' Retirement Association,7265,2024,963282735.0,714967069.0,248315666.0,74.22,88662528.0,40519361.0,61117194.0,0.0,1638837.0,47383749.0,1411420.0,0.0,9.4,2.26,7.75,32095794.0,0.0,51202549.0,0.4570066059925564,72.44,1.7800000000000011
Merced County Employees' Retirement Association,7266,2003,421434943.0,424612916.0,-3177973.0,100.8,87675561.0,10499045.0,16942817.0,14592.0,812458.0,19345829.0,498749.0,7883.0,,,,,,6791535.0,0.11974882031265247,,
Merced County Employees' Retirement Association,7266,2004,451181000.0,428959000.0,22222000.0,95.1,91374254.0,10616281.0,45980049.0,118412.0,830439.0,21498606.0,349488.0,1758550.0,13.3,4.4,4.0,,,32277659.0,0.11618459834429948,100.8,-5.700000000000003
Merced County Employees' Retirement Association,7266,2005,531938000.0,430054000.0,101884000.0,80.8,89516000.0,13515440.0,34782060.0,58442.0,594568.0,24069742.0,409034.0,69834.0,9.5,9.4,3.9,,,23212764.0,0.1509835113275839,95.1,-14.299999999999997
Merced County Employees' Retirement Association,7266,2006,589794407.0,428813477.0,160980930.0,72.7,97507000.0,22971691.0,32140124.0,51748.0,649080.0,26263569.0,602210.0,48438.0,8.3,10.4,6.2,,,27600266.0,0.23559017301321955,80.8,-8.099999999999994
Merced County Employees' Retirement Association,7266,2007,624333431.0,443998782.0,180334649.0,71.1,101138000.0,31987396.0,73614145.0,0.0,1014953.0,29577586.0,703867.0,41100.0,17.4,11.7,10.7,,,74264035.0,0.3162747533073622,72.7,-1.6000000000000085
Merced County Employees' Retirement Association,7266,2008,656415000.0,484450000.0,171965000.0,73.8,100589000.0,33109139.0,-34000458.0,203058.0,1029916.0,33394363.0,653143.0,903500.0,-6.0,6.1,8.2,,,-36669183.0,0.3291526807106145,71.1,2.700000000000003
Merced County Employees' Retirement Association,7266,2009,692252217.0,488346514.0,203905703.0,70.5,109253000.0,37798955.0,-105817039.0,127763.0,1005060.0,36478689.0,761000.0,911798.0,-21.4,-4.6,0.6,,,-107046868.0,0.34597635762862344,73.8,-3.299999999999997
Merced County Employees' Retirement Association,7266,2010,809680590.0,483144756.0,326535834.0,59.7,118629922.0,39000865.0,48673775.0,98472.0,1170605.0,40929269.0,673000.0,916550.0,13.4,-5.7,1.3,,,44083688.0,0.3287607741999527,70.5,-10.799999999999997
Merced County Employees' Retirement Association,7266,2011,930832065.0,509561395.0,421270670.0,54.7,114607909.0,46416971.0,95967480.0,64039.0,1189030.0,45022103.0,766693.0,788200.0,23.6,3.3,4.0,,,94682464.0,0.4050066998430274,59.7,-5.0
Merced County Employees' Retirement Association,7266,2012,933916683.0,523980432.0,409936251.0,56.1,114746286.0,50679182.0,-7174851.0,135575.0,1180083.0,49839652.0,1051527.0,796902.0,-1.0,11.5,0.5,,,-9228258.0,0.44166293974865556,54.7,1.3999999999999986
Merced County Employees' Retirement Association,7266,2013,975608000.0,528728000.0,446880000.0,54.2,109851403.0,53711412.0,60906559.0,176840.0,1496338.0,54257547.0,1082050.0,71402.0,12.4,11.2,4.2,,,57887474.0,0.4889460719950932,56.1,-1.8999999999999986
Merced County Employees' Retirement Association,7266,2014,1065298000.0,547264000.0,518034000.0,51.4,110259316.0,57675157.0,96117364.0,101692.0,1434671.0,57338931.0,703090.0,112676.0,17.9,9.5,13.0,,,94304845.0,0.5230864755228484,54.2,-2.8000000000000043
Merced County Employees' Retirement Association,7266,2015,1096200000.0,609700000.0,486500000.0,55.6,110111993.0,60950972.0,19296480.0,22369.0,2197281.0,61780089.0,1171835.0,126165.0,3.2,11.0,10.9,,,14994451.0,0.5535361802051844,51.4,4.200000000000003
Merced County Employees' Retirement Association,7266,2016,1096200000.0,609700000.0,486500000.0,55.6,114397644.0,65659751.0,-405823.0,17614.0,2416563.0,63928672.0,1153731.0,76121.0,0.6,7.0,6.4,,,-2303545.0,0.5739606927569243,55.6,0.0
Merced County Employees' Retirement Association,7266,2017,1131181000.0,672319369.0,458861631.0,59.4,119621964.0,69733810.0,83075172.0,22244.0,1966898.0,66116108.0,788207.0,206509.0,12.7,5.4,9.2,60349000.0,0.0,83753504.0,0.5829515556189999,55.6,3.799999999999997
Merced County Employees' Retirement Association,7266,2018,1201195000.0,670015824.0,531179176.0,55.8,126705902.0,75199164.0,70646468.0,42616.0,2177186.0,69836223.0,883987.0,106210.0,9.4,7.4,8.6,64757288.0,0.0,72884642.0,0.5934937742679106,59.4,-3.6000000000000014
Merced County Employees' Retirement Association,7266,2019,1259702000.0,753769328.0,505932672.0,59.84,131365777.0,77282144.0,39643261.0,85689.0,2271779.0,74238692.0,571983.0,79326.0,5.4,9.2,6.2,66586464.0,0.0,39849314.0,0.5882973919455445,55.8,4.040000000000006
Merced County Employees' Retirement Association,7266,2020,1301918573.0,826653970.0,475264603.0,63.5,135618404.0,78210330.0,57146558.0,85459.0,2253113.0,78755515.0,910147.0,211784.0,6.7,7.16,6.87,67413475.0,0.0,53311788.0,0.5766940746478627,59.84,3.6599999999999966
Merced County Employees' Retirement Association,7266,2021,1370195307.0,866503284.0,503692023.0,63.24,135358149.0,76407404.0,253457215.0,9312.0,2494246.0,82836595.0,977485.0,126833.0,26.6,12.3,11.7,64512161.0,0.0,243438772.0,0.5644832214719485,63.5,-0.259999999999998
Merced County Employees' Retirement Association,7266,2022,1412881373.0,919815072.0,493066301.0,65.1,142704680.0,77754577.0,-87173123.0,57232.0,2522797.0,85912580.0,896116.0,120292.0,-6.8,8.1,7.8,65629994.0,0.0,-98813099.0,0.5448635391635369,63.24,1.8599999999999923
Merced County Employees' Retirement Association,7266,2023,1491232336.0,1163253844.0,327978492.0,78.01,150390441.0,82093723.0,83416939.0,503.0,2789967.0,90585672.0,1262876.0,232010.0,7.9,8.5,7.5,68648166.0,0.0,70640640.0,0.5458706181997298,65.1,12.91000000000001
Merced County Employees' Retirement Association,7266,2024,1610209714.0,1253752672.0,356457042.0,77.86,144006298.0,83035468.0,134247499.0,502.0,2753296.0,93907002.0,1692862.0,259022.0,,,,69632270.0,0.0,118671287.0,0.5766099757664765,78.01,-0.15000000000000568
Orange County Employees' Retirement System,7267,2003,5673754000.0,4695675000.0,978079000.0,82.8,1242348000.0,90908000.0,-268890000.0,0.0,8279000.0,181549000.0,4482000.0,0.0,-5.46,-1.87,4.27,,,-372292000.0,0.07317434406462602,,
Orange County Employees' Retirement System,7267,2004,6099433000.0,4790099000.0,1309334000.0,78.5,1243964000.0,205824000.0,789086000.0,0.0,8848000.0,210273000.0,6412000.0,0.0,19.84,3.12,5.55,,,769377000.0,0.16545816438417832,82.8,-4.299999999999997
Orange County Employees' Retirement System,7267,2005,7586690000.0,5245821000.0,2340869000.0,69.1,1257136000.0,276361000.0,567681000.0,1319000.0,9463000.0,230684000.0,7845000.0,0.0,11.4,8.07,4.76,,,597369000.0,0.2198338127298876,78.5,-9.400000000000006
Orange County Employees' Retirement System,7267,2006,8089627000.0,5786617000.0,2303010000.0,71.5,1276764000.0,333673237.0,460075790.0,1904328.0,9952870.0,257928554.0,6998941.0,0.0,8.83,13.26,5.86,,,520772990.0,0.261342923985952,69.1,2.4000000000000057
Orange County Employees' Retirement System,7267,2007,8765045000.0,6466085000.0,2298960000.0,73.8,1322952000.0,414949964.0,828147188.0,2052823.0,9599841.0,309696154.0,8969775.0,7545467.0,13.55,11.25,9.3,,,909338738.0,0.3136545876192031,71.5,2.299999999999997
Orange County Employees' Retirement System,7267,2008,9996211000.0,7288900000.0,2707311000.0,72.9,1457159000.0,486211978.0,783187602.0,1773522.0,10381060.0,345061652.0,8799409.0,0.0,10.75,11.03,12.81,,,906930981.0,0.33367119030936226,73.8,-0.8999999999999915
Orange County Employees' Retirement System,7267,2009,10860715000.0,7748380000.0,3112335000.0,71.3,1449638169.0,532500114.0,-1598025796.0,1249441.0,11006229.0,377663636.0,8358601.0,0.0,-20.71,-0.1,3.87,,,-1461304707.0,0.367333121731565,72.9,-1.6000000000000085
Orange County Employees' Retirement System,7267,2010,11858578000.0,8154687000.0,3703891000.0,68.8,1618492859.0,510314592.0,1057830608.0,7024534.0,10893021.0,412620190.0,9051853.0,0.0,18.52,1.34,5.16,,,1142604670.0,0.3153023438826306,71.3,-2.5
Orange County Employees' Retirement System,7267,2011,12425873000.0,8672592000.0,3753281000.0,69.8,1579238835.0,550366334.0,888542056.0,0.0,12368464.0,448099453.0,11283718.0,0.0,11.7,1.63,5.71,,,967156755.0,0.3485010131478941,68.8,1.0
Orange County Employees' Retirement System,7267,2012,13522978000.0,9064355000.0,4458623000.0,67.0,1619474479.0,571405000.0,50456000.0,0.0,12828000.0,484012000.0,9737000.0,0.0,0.74,10.07,3.2,,,115284000.0,0.3528335934956095,69.8,-2.799999999999997
Orange County Employees' Retirement System,7267,2013,15144888000.0,9469208000.0,5675680000.0,62.5,1609600000.0,598020000.0,1004770000.0,0.0,14209000.0,530269000.0,10885000.0,0.0,12.26,8.1,3.49,,,1047427000.0,0.37153330019880715,67.0,-4.5
Orange County Employees' Retirement System,7267,2014,15785042000.0,10417125000.0,5367917000.0,66.0,1604496000.0,636396000.0,1155967000.0,0.0,15025000.0,575633000.0,10651000.0,0.0,11.14,7.93,10.72,,,1191054000.0,0.3966329613785263,62.5,3.5
Orange County Employees' Retirement System,7267,2015,16413124000.0,11449911000.0,4963213000.0,69.8,1648160000.0,858176000.0,499195000.0,0.0,11905000.0,618233000.0,12445000.0,0.0,4.93,9.39,8.06,,,714788000.0,0.5206873119114649,66.0,3.799999999999997
Orange County Employees' Retirement System,7267,2016,16413124000.0,11449911000.0,4963213000.0,69.8,1648160000.0,820569000.0,-10873000.0,0.0,12521000.0,663582000.0,12381000.0,0.0,0.09,5.29,5.71,,,121212000.0,0.4978697456557616,69.8,0.0
Orange County Employees' Retirement System,7267,2017,17050357000.0,12228009000.0,4822348000.0,71.7,1633112000.0,825493000.0,1061243000.0,0.0,16870000.0,703949000.0,14027000.0,0.0,8.52,4.32,7.1,521447000.0,-45749000.0,1151890000.0,0.505472374215608,69.8,1.9000000000000057
Orange County Employees' Retirement System,7267,2018,17933461000.0,13102978000.0,4830483000.0,73.1,1759831000.0,834398000.0,1939635000.0,0.0,17002000.0,750478000.0,13866000.0,0.0,14.51,7.47,7.58,536726000.0,-35378000.0,1992687000.0,0.47413530049192226,71.7,1.3999999999999915
Orange County Employees' Retirement System,7267,2019,19635427000.0,14197125000.0,5438302000.0,72.3,1811877000.0,850975000.0,-324628000.0,0.0,18284000.0,814345000.0,13933000.0,0.0,-1.67,6.91,5.03,556728000.0,-24177000.0,-320215000.0,0.4696648834330366,73.1,-0.7999999999999972
Orange County Employees' Retirement System,7267,2020,20703349000.0,14994420000.0,5708929000.0,72.43,1875370000.0,933166000.0,2183808000.0,0.0,19171000.0,887653000.0,13249000.0,0.0,14.41,8.81,6.91,583057000.0,-70736000.0,2196901000.0,0.49759034217247794,72.3,0.13000000000000966
Orange County Employees' Retirement System,7267,2021,21916730000.0,16036869000.0,5879861000.0,73.17,1952534000.0,939191000.0,2173184000.0,0.0,20428000.0,961778000.0,11547000.0,0.0,11.38,7.81,9.26,638215000.0,-21592000.0,2118622000.0,0.48101134218405417,72.43,0.7399999999999949
Orange County Employees' Retirement System,7267,2022,22904975000.0,17525117000.0,5379858000.0,76.51,1962869000.0,970125000.0,3222065000.0,0.0,21473000.0,1031289000.0,14449000.0,0.0,16.56,14.1,10.83,684142000.0,-14649000.0,3124979000.0,0.49423828080223386,73.17,3.3400000000000034
Orange County Employees' Retirement System,7267,2023,24016073000.0,19488761000.0,4527312000.0,81.15,2052706000.0,989690000.0,-2058590000.0,0.0,23546000.0,1117476000.0,22239000.0,0.0,-7.84,6.16,6.12,707318000.0,-12373000.0,-2232161000.0,0.48213918603053724,76.51,4.640000000000001
Orange County Employees' Retirement System,7267,2024,25386669000.0,20691659000.0,4695010000.0,81.51,2124678000.0,1027231000.0,2325481000.0,0.0,29056000.0,1201497000.0,14751000.0,0.0,11.44,6.18,8.81,736016000.0,-13760000.0,2107408000.0,0.4834760843760796,81.15,0.35999999999999943
Sacramento County Employees' Retirement System,7268,2003,4108294000.0,3864400000.0,243894000.0,94.1,724582000.0,96540617.0,100839233.0,0.0,5897063.0,112248883.0,2906302.0,36735972.0,,,,,,39591630.0,0.1332362893364726,,
Sacramento County Employees' Retirement System,7268,2004,4108294000.0,3864400000.0,243894000.0,94.1,711007927.0,162007721.0,524809951.0,429870.0,5845914.0,142261526.0,3989918.0,12311234.0,16.2,4.5,3.6,,,522838950.0,0.2278564202280687,94.1,0.0
Sacramento County Employees' Retirement System,7268,2005,4860882000.0,4530583000.0,330299000.0,93.2,722014178.0,566534000.0,419001000.0,480000.0,5262000.0,162509000.0,3463000.0,1994.0,10.1,9.8,3.6,,,814779006.0,0.7846577217767599,94.1,-0.8999999999999915
Sacramento County Employees' Retirement System,7268,2006,5214915000.0,4848953000.0,365962000.0,93.0,782572930.0,174667000.0,525975000.0,1888000.0,5061000.0,178362000.0,4622000.0,0.0,12.1,13.0,7.2,,,514485000.0,0.22319581128368446,93.2,-0.20000000000000284
Sacramento County Employees' Retirement System,7268,2007,5788336000.0,5406461000.0,381875000.0,93.4,832483736.0,199676000.0,895653000.0,0.0,5818000.0,195997000.0,4434000.0,4147000.0,18.0,13.4,12.0,,,884933000.0,0.23985573695340037,93.0,0.4000000000000057
Sacramento County Employees' Retirement System,7268,2008,6363355000.0,5930758000.0,432597000.0,93.2,902970959.0,219197000.0,-234086000.0,0.0,6575000.0,214892000.0,3177000.0,0.0,-4.5,8.2,10.2,,,-239533000.0,0.2427508856350717,93.4,-0.20000000000000284
Sacramento County Employees' Retirement System,7268,2009,6661993000.0,5730215000.0,931778000.0,86.0,968129529.0,231634000.0,-1318447000.0,0.0,5980000.0,232376000.0,3302000.0,0.0,-21.8,-4.0,1.8,,,-1328471000.0,0.23925930679881163,93.2,-7.200000000000003
Sacramento County Employees' Retirement System,7268,2010,7145726000.0,6216994000.0,928732000.0,87.0,912728578.0,219555000.0,617481000.0,0.0,5908000.0,253092000.0,4932000.0,0.0,13.9,-5.1,2.3,,,573104000.0,0.24054796277015444,86.0,1.0
Sacramento County Employees' Retirement System,7268,2011,7382897000.0,6420824000.0,962073000.0,87.0,880765606.0,240072000.0,1206775000.0,0.0,6571000.0,276161000.0,4433000.0,0.0,22.7,2.7,4.1,,,1159682000.0,0.27257195145288177,87.0,0.0
Sacramento County Employees' Retirement System,7268,2012,7838223000.0,6529895000.0,1308328000.0,83.3,875671752.0,244789000.0,-3415000.0,0.0,6288000.0,298764000.0,3040000.0,0.0,0.5,11.8,0.8,,,-66718000.0,0.2795442463924541,87.0,-3.700000000000003
Sacramento County Employees' Retirement System,7268,2013,8210980000.0,6797757000.0,1413223000.0,82.8,877657000.0,257906000.0,785449000.0,0.0,5719000.0,320828000.0,2739000.0,0.0,13.2,11.9,4.3,,,714069000.0,0.29385739531502625,83.3,-0.5
Sacramento County Employees' Retirement System,7268,2014,8580928000.0,7312993000.0,1267935000.0,85.2,858343000.0,268138000.0,1107152000.0,0.0,5665000.0,344890000.0,2729000.0,0.0,16.6,9.9,13.0,,,1022006000.0,0.31239026822610544,82.8,2.4000000000000057
Sacramento County Employees' Retirement System,7268,2015,9028679000.0,7838825000.0,1189854000.0,86.8,873328000.0,291102000.0,158222000.0,0.0,5854000.0,372369000.0,2288000.0,0.0,2.5,10.6,10.8,,,68813000.0,0.3333249363354891,85.2,1.5999999999999943
Sacramento County Employees' Retirement System,7268,2016,9436090000.0,8236402000.0,1199688000.0,87.3,912421000.0,286514000.0,-72399000.0,0.0,6362000.0,403356000.0,2346000.0,0.0,-0.6,5.9,6.2,,,-197949000.0,0.3140151311730002,86.8,0.5
Sacramento County Employees' Retirement System,7268,2017,10680998000.0,8665226000.0,2015772000.0,81.1,958934000.0,293417000.0,1056379000.0,-7464000.0,6906000.0,429754000.0,2312000.0,0.0,13.7,5.0,8.8,201928000.0,0.0,903360000.0,0.30598247637480785,87.3,-6.200000000000003
Sacramento County Employees' Retirement System,7268,2018,11213263000.0,9123004000.0,2090259000.0,81.4,985375000.0,301537000.0,841370000.0,1000.0,6888000.0,465354000.0,2954000.0,0.0,10.1,7.6,8.3,198331000.0,0.0,667712000.0,0.30601243181529875,81.1,0.30000000000001137
Sacramento County Employees' Retirement System,7268,2019,11895520000.0,9703313000.0,2192207000.0,81.57,1017886000.0,407485000.0,672786000.0,2940000.0,7601000.0,502944000.0,2909000.0,0.0,7.2,10.4,6.5,240238000.0,0.0,569757000.0,0.40032479079189615,81.4,0.1699999999999875
Sacramento County Employees' Retirement System,7268,2020,12693655000.0,10229760000.0,2463895000.0,80.59,1059983000.0,402584000.0,301373000.0,2939000.0,8460000.0,537698000.0,3053000.0,0.0,2.9,6.9,6.6,274055000.0,0.0,157685000.0,0.37980231758433863,81.57,-0.9799999999999898
Sacramento County Employees' Retirement System,7268,2021,13309706000.0,10929549000.0,2380157000.0,82.12,1034344000.0,415866000.0,2753409000.0,3081000.0,9165000.0,575329000.0,3092000.0,0.0,27.9,12.2,12.1,292534000.0,0.0,2584770000.0,0.40205772934342926,80.59,1.5300000000000011
Sacramento County Employees' Retirement System,7268,2022,13578984000.0,11647866000.0,1931118000.0,85.78,1078235461.0,438747000.0,-547786000.0,3104000.0,8971000.0,614345000.0,4547000.0,0.0,-3.3,8.4,8.6,323610000.0,0.0,-733798000.0,0.4069120483137217,82.12,3.6599999999999966
Sacramento County Employees' Retirement System,7268,2023,14358854000.0,12423093000.0,1935761000.0,86.52,1175393299.0,510769000.0,710906000.0,1816000.0,28178000.0,655591000.0,6815000.0,0.0,6.3,9.6,7.8,360674000.0,0.0,532907000.0,0.4345515670665739,85.78,0.7399999999999949
Sacramento County Employees' Retirement System,7268,2024,15002017000.0,13209968000.0,1792049000.0,88.05,1330913097.0,557635000.0,1104512000.0,2389000.0,12422000.0,698773000.0,6967000.0,0.0,9.4,4.0,8.2,395853000.0,0.0,946374000.0,0.41898678528069216,86.52,1.5300000000000011
San Bernardino County Employees' Retirement Association,7269,2003,4368411000.0,3815573000.0,552838000.0,87.3,933898000.0,91669000.0,22091000.0,0.0,4116000.0,135407000.0,9516000.0,1802000.0,0.8,-2.28,2.88,,,-37081000.0,0.09815740048699108,,
San Bernardino County Employees' Retirement Association,7269,2004,4719865000.0,4418151980.0,301713020.0,93.6,943545000.0,680561000.0,546375000.0,0.0,3361000.0,177563000.0,10127000.0,2886000.0,15.26,3.99,2.92,,,1032999000.0,0.7212809139998623,87.3,6.299999999999997
San Bernardino County Employees' Retirement Association,7269,2005,5215719000.0,4750229000.0,465490000.0,91.1,968674295.0,193712000.0,411983000.0,0.0,6057000.0,174377000.0,11591000.0,2535000.0,9.43,8.93,3.65,,,411135000.0,0.19997640176876996,93.6,-2.5
San Bernardino County Employees' Retirement Association,7269,2006,5624646000.0,5175767296.0,448878704.0,92.0,1028730826.0,235711000.0,560495000.0,0.0,6404000.0,192531000.0,11357000.0,3768000.0,11.45,12.58,6.59,,,582146000.0,0.2291279643252374,91.1,0.9000000000000057
San Bernardino County Employees' Retirement Association,7269,2007,6227013000.0,5797400000.0,429613000.0,93.1,1102150000.0,286862000.0,1023502000.0,0.0,7254000.0,211190000.0,14293000.0,2293000.0,19.7,13.39,11.48,,,1075334000.0,0.2602749172072767,92.0,1.0999999999999943
San Bernardino County Employees' Retirement Association,7269,2008,6773629000.0,6341531000.0,432098000.0,93.6,1219561653.0,291202000.0,-223526000.0,0.0,8861000.0,231822000.0,12584000.0,3956000.0,-2.52,9.14,10.73,,,-189547000.0,0.23877595633125404,93.1,0.5
San Bernardino County Employees' Retirement Association,7269,2009,7013534026.0,6383388113.0,630145913.0,91.0,1226431276.0,295782000.0,-1583833000.0,0.0,8939000.0,251999000.0,10780000.0,1292000.0,-24.26,-3.95,1.53,,,-1561061000.0,0.24117291020552872,93.6,-2.5999999999999943
San Bernardino County Employees' Retirement Association,7269,2010,7444986223.0,6367232362.0,1077753861.0,85.5,1250192961.0,300759000.0,486433000.0,0.0,7226000.0,283376000.0,9301000.0,2234000.0,7.91,-7.34,1.19,,,485055000.0,0.24057006348798343,91.0,-5.5
San Bernardino County Employees' Retirement Association,7269,2011,8189645890.0,6484506557.0,1705139333.0,79.2,1244554740.0,317740000.0,1117960000.0,0.0,5599000.0,309589000.0,10925000.0,2487000.0,22.59,0.06,3.14,,,1107100000.0,0.25530415801558076,85.5,-6.299999999999997
San Bernardino County Employees' Retirement Association,7269,2012,8606577000.0,6789492000.0,1817085000.0,78.9,1260309037.0,346721000.0,39786000.0,0.0,6205000.0,330344000.0,11384000.0,1814000.0,0.46,9.94,-0.41,,,36760000.0,0.2751079218041027,79.2,-0.29999999999999716
San Bernardino County Employees' Retirement Association,7269,2013,9088635907.0,7204918478.0,1883717429.0,79.3,1262751964.0,394136000.0,912310000.0,0.0,6258000.0,355838000.0,11558000.0,1572000.0,15.05,12.31,2.97,,,931220000.0,0.3121246382793193,78.9,0.3999999999999915
San Bernardino County Employees' Retirement Association,7269,2014,9694825407.0,7751308595.0,1943516812.0,80.0,1267666811.0,420191000.0,877018000.0,0.0,6386000.0,385699000.0,12124000.0,2483000.0,11.51,8.83,11.26,,,890517000.0,0.3314680137981462,79.3,0.7000000000000028
San Bernardino County Employees' Retirement Association,7269,2015,10214472907.0,8255352815.0,1959120092.0,80.8,1309095254.0,433139000.0,280842000.0,0.0,6710000.0,417181500.0,11293500.0,2208000.0,4.4,10.23,10.53,,,276588000.0,0.33086897128113796,80.0,0.7999999999999972
San Bernardino County Employees' Retirement Association,7269,2016,10669687907.0,8736959429.0,1932728478.0,81.9,1346408201.0,479644000.0,-80028000.0,0.0,7569000.0,449929000.0,14139000.0,2664000.0,-1.07,4.82,5.89,,,-74685000.0,0.35623966018905734,80.8,1.1000000000000085
San Bernardino County Employees' Retirement Association,7269,2017,11928309718.0,9385976561.0,2542333157.0,78.7,1406470110.0,504336000.0,1098198000.0,0.0,9961000.0,486186000.0,11718000.0,3202000.0,13.26,5.46,8.52,360477890.0,0.0,1091467000.0,0.35858280699616146,81.9,-3.200000000000003
San Bernardino County Employees' Retirement Association,7269,2018,12604942218.0,10020862873.0,2584079345.0,79.5,1477131264.0,532458000.0,797480000.0,0.0,8752000.0,527281000.0,12016000.0,3340000.0,8.76,6.91,7.3,378667309.0,0.0,778549000.0,0.3604676259834414,78.7,0.7999999999999972
San Bernardino County Employees' Retirement Association,7269,2019,13304683000.0,10642401000.0,2662282000.0,79.99,1542495237.0,609847000.0,502753000.0,0.0,9383000.0,566385000.0,12123000.0,3292000.0,4.81,8.89,5.98,446295000.0,0.0,521417000.0,0.39536394367485495,79.5,0.4899999999999949
San Bernardino County Employees' Retirement Association,7269,2020,14298196000.0,11133173000.0,3165023000.0,77.86,1587325000.0,637168000.0,-302050000.0,0.0,9019000.0,608957000.0,12607000.0,5608000.0,-3.1,3.37,4.41,467943000.0,-43000.0,-301073000.0,0.40140991920369173,79.99,-2.1299999999999955
San Bernardino County Employees' Retirement Association,7269,2021,14957435000.0,12258925000.0,2698510000.0,81.96,1626449000.0,671700000.0,3353153000.0,0.0,9720000.0,650804000.0,10018000.0,4792000.0,33.3,10.6,10.7,493672000.0,-44000.0,3349519000.0,0.4129855900799841,77.86,4.099999999999994
San Bernardino County Employees' Retirement Association,7269,2022,15630124000.0,13260596000.0,2369528000.0,84.84,1663992000.0,729239000.0,-321093000.0,0.0,10454000.0,709743000.0,16705000.0,5181000.0,-0.1,8.8,8.0,550295000.0,-50000.0,-333937000.0,0.43824669830143415,81.96,2.8800000000000097
San Bernardino County Employees' Retirement Association,7269,2023,16446672000.0,14157370000.0,2289302000.0,86.08,1812216000.0,743983000.0,802595000.0,0.0,11779000.0,744561000.0,16224000.0,5580000.0,5.0,11.9,7.3,555741684.0,-150000.0,768434000.0,0.4105377063219837,84.84,1.2399999999999949
San Bernardino County Employees' Retirement Association,7269,2024,17372252000.0,15159420000.0,2212832000.0,87.26,1985692000.0,797897000.0,1210419000.0,0.0,13473000.0,793655000.0,17400000.0,6913000.0,9.3,4.7,8.2,581196604.0,-12657209.0,1176875000.0,0.40182314276332887,86.08,1.1800000000000068
San Diego County Employees' Retirement Association,7270,2003,5183340000.0,4278240049.0,905099951.0,82.5,887570455.0,650779302.0,148688033.0,1272771.0,7006618.0,222514092.0,1451436.0,0.0,,,,,,569767960.0,0.7332142460735694,,
San Diego County Employees' Retirement Association,7270,2004,6369490000.0,5166759000.0,1202731000.0,81.1,917081000.0,696092030.0,932067256.0,1290485.0,7407573.0,229981553.0,1536087.0,0.0,21.27,6.32,4.99,,,1390524558.0,0.7590300420573537,82.5,-1.4000000000000057
San Diego County Employees' Retirement Association,7270,2005,6990726000.0,5612320000.0,1378406000.0,80.3,921794592.0,321032606.0,790804278.0,1295567.0,7490889.0,259521410.0,2184839.0,0.0,13.91,12.8,4.71,,,843935313.0,0.34826913586405595,81.1,-0.7999999999999972
San Diego County Employees' Retirement Association,7270,2006,7495294000.0,6263019000.0,1232275000.0,83.6,979367931.0,327371501.0,926050928.0,2119265.0,8033793.0,290197113.0,2991908.0,0.0,14.68,16.58,9.47,,,954318880.0,0.3342681444201791,80.3,3.299999999999997
San Diego County Employees' Retirement Association,7270,2007,8082517000.0,7250404000.0,832113000.0,89.7,1062396029.0,323436800.0,1115092863.0,2462939.0,10249109.0,322594167.0,2574071.0,0.0,15.4,14.6,13.7,,,1105575255.0,0.30444089696423365,83.6,6.1000000000000085
San Diego County Employees' Retirement Association,7270,2008,8722294000.0,8236926000.0,485368000.0,94.4,1135431988.0,350957592.0,-9393464.0,4742228.0,10511264.0,368574056.0,2736288.0,0.0,0.7,10.1,13.0,,,-35515252.0,0.3090960935654034,89.7,4.700000000000003
San Diego County Employees' Retirement Association,7270,2009,9198636000.0,8413065000.0,785571000.0,91.5,1129170565.0,340722256.0,-2143331040.0,5157129.0,10107031.0,400087616.0,2335133.0,0.0,-24.4,-4.2,2.8,,,-2209981435.0,0.3017456056339903,94.4,-2.9000000000000057
San Diego County Employees' Retirement Association,7270,2010,9999161000.0,8433310000.0,1565851000.0,84.3,1095576622.0,304312557.0,828904880.0,0.0,10441458.0,431067708.0,2592661.0,0.0,13.0,-4.9,2.6,,,689115610.0,0.27776474131446005,91.5,-7.200000000000003
San Diego County Employees' Retirement Association,7270,2011,10482657000.0,8542291000.0,1940366000.0,81.5,1038008086.0,347803742.0,1434398306.0,884451.0,10513519.0,461573480.0,3108374.0,0.0,20.1,1.0,3.5,,,1307891126.0,0.33506843221257915,84.3,-2.799999999999997
San Diego County Employees' Retirement Association,7270,2012,10943172000.0,8607483000.0,2335689000.0,78.7,1052366000.0,394588011.0,453819061.0,811158.0,10866053.0,496264957.0,3366473.0,117261.0,5.9,13.1,1.8,,,338603486.0,0.37495321114517194,81.5,-2.799999999999997
San Diego County Employees' Retirement Association,7270,2013,11631237000.0,9186032000.0,2445205000.0,79.0,1067792128.0,429611177.0,666981561.0,2900537.0,11453805.0,540505452.0,2778423.0,0.0,7.73,11.25,3.27,,,544755595.0,0.4023359657133565,78.7,0.29999999999999716
San Diego County Employees' Retirement Association,7270,2014,12141149000.0,9824431000.0,2316718000.0,80.9,1122864480.0,473618077.0,1219093799.0,1248834.0,12709449.0,558014566.0,2736221.0,0.0,13.44,8.97,12.05,,,1120500474.0,0.42179451343941343,79.0,1.9000000000000057
San Diego County Employees' Retirement Association,7270,2015,13080080000.0,10535337000.0,2544743000.0,80.5,1163362748.0,513361370.0,242037196.0,537927.0,14042671.0,589683691.0,2575454.0,0.0,2.68,7.86,9.9,,,149634677.0,0.44127368774919723,80.9,-0.4000000000000057
San Diego County Employees' Retirement Association,7270,2016,14349090000.0,11030635000.0,3318455000.0,76.9,1206940233.0,510222426.0,62950863.0,630125.0,13770116.0,625470278.0,3624725.0,0.0,0.45,5.38,5.94,,,-69061705.0,0.4227404241316728,80.5,-3.5999999999999943
San Diego County Employees' Retirement Association,7270,2017,14937872000.0,11566926000.0,3370946000.0,77.4,1253223397.0,551406191.0,1248303325.0,0.0,13287049.0,647067166.0,3558466.0,0.0,12.0,4.9,7.1,418011364.0,0.0,1135796835.0,0.4399903419613542,76.9,0.5
San Diego County Employees' Retirement Association,7270,2018,15763237000.0,12365656000.0,3397581000.0,78.5,1290949926.0,664888157.0,915650418.0,0.0,13186745.0,685549293.0,4388667.0,0.0,7.95,6.98,7.25,520733439.0,0.0,877413870.0,0.5150379140267288,77.4,1.0999999999999943
San Diego County Employees' Retirement Association,7270,2019,16955112000.0,12932244000.0,4022868000.0,76.27,1359311225.0,678154082.0,667577545.0,0.0,13424985.0,738566610.0,5297001.0,0.0,5.5,8.4,5.6,518528610.0,-13831922.0,588443031.0,0.4988953740156159,78.5,-2.230000000000004
San Diego County Employees' Retirement Association,7270,2020,17741219000.0,13715875000.0,4025344000.0,77.31,1433931493.0,719630021.0,134293722.0,0.0,13732065.0,788428459.0,5681503.0,0.0,1.1,4.8,5.3,558903678.0,-10020123.0,46081716.0,0.5018580207722657,76.27,1.0400000000000063
San Diego County Employees' Retirement Association,7270,2021,18339923000.0,14671508000.0,3668415000.0,80.0,1463344879.0,778439080.0,3298653869.0,0.0,14912751.0,838485812.0,6356967.0,0.0,25.0,10.1,10.0,615698887.0,0.0,3217337419.0,0.5319587276869132,77.31,2.6899999999999977
San Diego County Employees' Retirement Association,7270,2022,20541288000.0,15763835000.0,4777453000.0,76.74,1504227792.0,796683830.0,-1505641644.0,0.0,16436891.0,889295334.0,7659426.0,0.0,-9.4,4.6,5.4,632594539.0,0.0,-1622349465.0,0.5296297769772891,80.0,-3.260000000000005
San Diego County Employees' Retirement Association,7270,2023,21628740000.0,16513041000.0,5115699000.0,76.35,1679866545.0,840048769.0,1406606794.0,0.0,18666927.0,953169146.0,7477906.0,0.0,9.6,7.47,5.76,660232826.0,-8798207.0,1267341584.0,0.5000687533782632,76.74,-0.39000000000000057
San Diego County Employees' Retirement Association,7270,2024,22669740000.0,17567951000.0,5101789000.0,77.5,1861323904.0,1066339497.0,1813209982.0,0.0,19271243.0,1003343646.0,8903726.0,0.0,11.3,3.38,6.9,833414525.0,-31142813.0,1848030864.0,0.572893033130036,76.35,1.1500000000000057
San Joaquin County Employees' Retirement Association,7271,2003,1266747000.0,1357409000.0,-90662000.0,107.2,243327000.0,35233050.0,-76457626.0,3918.0,1836201.0,62051744.0,624611.0,77.0,,,,,,-105733291.0,0.14479712485667434,,
San Joaquin County Employees' Retirement Association,7271,2004,1418209000.0,1448905000.0,-30696000.0,102.2,274346630.0,45822413.0,325091192.0,17848.0,2033737.0,67754723.0,651928.0,0.0,26.3,6.4,7.3,,,300491065.0,0.1670237866599637,107.2,-5.0
San Joaquin County Employees' Retirement Association,7271,2005,1621059581.0,1531287777.0,89771804.0,94.5,283073136.0,53694111.0,185659976.0,36052.0,2371853.0,73888771.0,891735.0,899.0,,,,,,162236881.0,0.18968282105017553,102.2,-7.700000000000003
San Joaquin County Employees' Retirement Association,7271,2006,1769507000.0,1614979000.0,154528000.0,91.3,291563119.0,73363413.0,120604187.0,5226.0,2407673.0,81165795.0,1113623.0,0.0,,,,,,109285735.0,0.2516210323569765,94.5,-3.200000000000003
San Joaquin County Employees' Retirement Association,7271,2007,1935818000.0,1727033000.0,208785000.0,89.2,309692000.0,84977410.0,235774345.0,25792.0,3066530.0,84863279.0,1035866.0,0.0,,,,,,231811872.0,0.2743933004404376,91.3,-2.0999999999999943
San Joaquin County Employees' Retirement Association,7271,2008,2149937792.0,1869716580.0,280221212.0,87.0,340828000.0,98180946.0,146195758.0,132404.0,3555503.0,91115158.0,1042459.0,0.0,,,,,,148795988.0,0.28806596289037284,89.2,-2.200000000000003
San Joaquin County Employees' Retirement Association,7271,2009,2334521000.0,2029949000.0,304572000.0,87.0,367361000.0,107213772.0,-664893257.0,119819.0,3077729.0,104068212.0,1253610.0,380367.0,,,,,,-666339584.0,0.291848541353056,87.0,0.0
San Joaquin County Employees' Retirement Association,7271,2010,2510925000.0,1821357000.0,689568000.0,72.5,377559000.0,110818340.0,180924040.0,96123.0,3239765.0,112646911.0,1038467.0,287431.0,,,,,,174625929.0,0.2935126430571116,87.0,-14.5
San Joaquin County Employees' Retirement Association,7271,2011,2769611544.0,1949011498.0,820600046.0,70.4,385441510.0,117549715.0,217123405.0,212032.0,3195005.0,121640991.0,1250645.0,486540.0,,,,,,208311971.0,0.3049741969929497,72.5,-2.0999999999999943
San Joaquin County Employees' Retirement Association,7271,2012,2917687959.0,2120384183.0,797303776.0,72.7,367344479.0,126932474.0,29262231.0,222339.0,3292734.0,131641539.0,1067734.0,456214.0,,,,,,19958823.0,0.34554071520427015,70.4,2.299999999999997
San Joaquin County Employees' Retirement Association,7271,2013,3048321356.0,2130052649.0,918268707.0,69.9,356419122.0,127962598.0,230953847.0,401001.0,3403139.0,143669140.0,1308900.0,466182.0,,,,,,210470085.0,0.3590228192077753,72.7,-2.799999999999997
San Joaquin County Employees' Retirement Association,7271,2014,3353294212.0,2125700227.0,1227593985.0,63.4,365892000.0,142184201.0,198172396.0,276842.0,3672857.0,154232885.0,1168934.0,461859.0,,,,,,181096904.0,0.3885960911963093,69.9,-6.500000000000007
San Joaquin County Employees' Retirement Association,7271,2015,3561859056.0,2285165972.0,1276693084.0,64.2,388691000.0,164054041.0,110651111.0,20045971.0,3636863.0,164335273.0,1535698.0,406123.0,5.5,9.1,8.3,,,124837166.0,0.42206802061277465,63.4,0.8000000000000043
San Joaquin County Employees' Retirement Association,7271,2016,3731634372.0,2471291047.0,1260343325.0,66.2,396136470.0,179398457.0,-47449240.0,488459.0,3710047.0,179585136.0,1883777.0,365698.0,-1.4,4.2,5.0,,,-53106982.0,0.4528703378408961,64.2,2.0
San Joaquin County Employees' Retirement Association,7271,2017,4006390050.0,2604472784.0,1401917266.0,65.0,,189239931.0,151031174.0,377393.0,3830298.0,192732311.0,1986866.0,539446.0,6.1,2.6,5.8,159122523.0,0.0,141559577.0,,66.2,-1.2000000000000028
San Joaquin County Employees' Retirement Association,7271,2018,4235093946.0,2733851661.0,1501242285.0,64.6,428486772.0,233686648.0,299882451.0,442956.0,3369124.0,203109466.0,2297504.0,749454.0,12.8,6.18,6.96,179824882.0,-20226860.0,324486507.0,0.5453765746588789,65.0,-0.4000000000000057
San Joaquin County Employees' Retirement Association,7271,2019,4496975597.0,2913161286.0,1583814311.0,64.78,437676798.0,244135523.0,-56465738.0,392409.0,4865082.0,218456053.0,2364713.0,622901.0,-1.35,6.05,4.48,188322653.0,-20434919.0,-38246555.0,0.5577986407220974,64.6,0.18000000000000682
San Joaquin County Employees' Retirement Association,7271,2020,4721287476.0,3044897694.0,1676389782.0,64.49,454177002.0,263627444.0,380600341.0,373201.0,4931163.0,232736441.0,2944863.0,668768.0,13.93,8.23,6.12,203058574.0,-22470182.0,403319751.0,0.5804508877356146,64.78,-0.29000000000000625
San Joaquin County Employees' Retirement Association,7271,2021,5013632466.0,3226099142.0,1787533324.0,64.35,465002291.0,281269983.0,276853178.0,315393.0,4536455.0,247254985.0,3488542.0,808150.0,8.8,6.9,8.1,236568368.0,-4132620.0,302350422.0,0.6048787037051394,64.49,-0.14000000000000057
San Joaquin County Employees' Retirement Association,7271,2022,5207669301.0,3487424521.0,1720244780.0,66.97,471125414.0,350118275.0,571305566.0,1256952.0,4639439.0,261980166.0,3985433.0,0.0,14.2,12.4,9.5,245694645.0,-60967990.0,652075755.0,0.7431530216707859,64.35,2.6200000000000045
San Joaquin County Employees' Retirement Association,7271,2023,5323788814.0,3852266458.0,1471522356.0,72.36,487931550.0,316485355.0,-412841266.0,306168.0,5621704.0,273184446.0,6179349.0,0.0,-10.2,3.6,4.1,243345220.0,-25734827.0,-381035242.0,0.6486265440306125,66.97,5.390000000000001
San Joaquin County Employees' Retirement Association,7271,2024,5674662702.0,4084688496.0,1589974206.0,71.98,539642958.0,347686452.0,347583196.0,82760.0,6649659.0,286271647.0,4266024.0,219676.0,8.91,3.68,5.97,268750800.0,-24001511.0,397945402.0,0.6442897972551695,72.36,-0.37999999999999545
San Luis Obispo County Pension Trust,7272,2003,556321000.0,430351000.0,125970000.0,77.4,131997413.0,25328572.0,-15277582.0,0.0,1187876.0,14795960.0,1362225.0,527646.0,,,,,,-7822717.0,0.19188688190426884,,
San Luis Obispo County Pension Trust,7272,2004,556321000.0,430351000.0,125970000.0,77.4,131629427.0,162953138.0,76968093.0,0.0,1161413.0,16800305.0,1201687.0,175647.0,2.5,3.6,5.5,,,220582179.0,1.2379689079707077,77.4,0.0
San Luis Obispo County Pension Trust,7272,2005,642734000.0,604808000.0,37926000.0,94.1,135188600.0,29183783.0,48483021.0,0.0,1231115.0,19430288.0,1465798.0,0.0,4.2,3.4,3.8,,,55539603.0,0.21587458557896155,77.4,16.69999999999999
San Luis Obispo County Pension Trust,7272,2006,715085000.0,651751000.0,63334000.0,91.1,143902101.0,32343400.0,31969942.0,0.0,1457388.0,22699785.0,1857597.0,0.0,5.0,10.5,5.7,,,38298572.0,0.22475974829582232,94.1,-3.0
San Luis Obispo County Pension Trust,7272,2007,831289996.0,700060000.0,131229996.0,84.2,152116782.0,34674296.0,78531190.0,0.0,1486163.0,27101288.0,1458528.0,0.0,11.64,8.36,9.42,,,83159507.0,0.22794523749522916,91.1,-6.8999999999999915
San Luis Obispo County Pension Trust,7272,2008,994861000.0,759758000.0,235103000.0,76.4,146303504.0,41420518.0,37858931.0,0.0,1848194.0,32604310.0,1587852.0,0.0,5.0,7.2,9.6,,,43239093.0,0.28311364299244673,84.2,-7.799999999999997
San Luis Obispo County Pension Trust,7272,2009,1057124000.0,829764000.0,227360000.0,78.5,162435796.0,53700770.0,-234539120.0,0.0,1770717.0,37294344.0,2016696.0,0.0,5.0,7.2,9.6,,,-221920107.0,0.330596896265402,76.4,2.0999999999999943
San Luis Obispo County Pension Trust,7272,2010,1150214000.0,875602000.0,274612000.0,76.1,168677088.0,55597758.0,144481842.0,0.0,1729766.0,42073389.0,1574610.0,0.0,24.8,0.3,3.5,,,154701835.0,0.3296106107783886,78.5,-2.4000000000000057
San Luis Obispo County Pension Trust,7272,2011,1282058000.0,1000169000.0,281889000.0,78.0,161783273.0,56697049.0,110054422.0,0.0,1980978.0,47163421.0,1642293.0,0.0,14.33,3.2,5.2,,,115964779.0,0.3504506241507427,76.1,1.9000000000000057
San Luis Obispo County Pension Trust,7272,2012,1378549000.0,1057922000.0,320627000.0,76.7,161054639.0,55698302.0,24112815.0,0.0,1909983.0,50845490.0,1658678.0,0.0,3.4,13.0,1.8,,,25396966.0,0.3458348194490691,78.0,-1.2999999999999972
San Luis Obispo County Pension Trust,7272,2013,1468001000.0,1122151000.0,345850000.0,76.4,164299413.0,56149203.0,108817821.0,0.0,2069648.0,54673459.0,1138238.0,0.0,12.8,10.0,3.3,,,107085679.0,0.34174926114921667,76.7,-0.29999999999999716
San Luis Obispo County Pension Trust,7272,2014,1468001000.0,1122151000.0,345850000.0,76.4,164299413.0,55255610.0,131842352.0,0.0,2054125.0,60387789.0,2373490.0,0.0,13.8,9.9,13.1,,,122282558.0,0.3363104529168342,76.4,0.0
San Luis Obispo County Pension Trust,7272,2015,1518751000.0,1182924000.0,335827000.0,77.9,164704467.0,56462057.0,51667160.0,0.0,2084841.0,66465714.0,1629307.0,331910.0,5.1,10.5,9.8,,,37617445.0,0.3428082918965398,76.4,1.5
San Luis Obispo County Pension Trust,7272,2016,1605591000.0,1231474000.0,374117000.0,76.7,175628910.0,58205065.0,-16705852.0,0.0,2528532.0,73440995.0,1613271.0,1449773.0,-1.1,5.8,6.7,,,-37533358.0,0.3314093619324973,77.9,-1.2000000000000028
San Luis Obispo County Pension Trust,7272,2017,1749342000.0,1248328000.0,501014000.0,71.4,180728417.0,60810478.0,68949306.0,0.0,2248956.0,78436139.0,2247166.0,1387369.0,6.6,3.6,7.4,37663802.0,2212393.0,45440154.0,0.33647435754389415,76.7,-5.299999999999997
San Luis Obispo County Pension Trust,7272,2018,1827342000.0,1268405000.0,558937000.0,69.4,192735874.0,72808136.0,178639524.0,0.0,2045367.0,85800173.0,2857104.0,1516852.0,15.5,6.9,7.9,48203242.0,5862338.0,159228164.0,0.3777612049534691,71.4,-2.0
San Luis Obispo County Pension Trust,7272,2019,1945681000.0,1328750000.0,616931000.0,68.29,199283713.0,79196343.0,-50033056.0,0.0,1972465.0,92872186.0,1756682.0,1412892.0,,,,51375341.0,5131745.0,-68850938.0,0.3974049951588367,69.4,-1.1099999999999994
San Luis Obispo County Pension Trust,7272,2020,2029929000.0,1362561000.0,667368000.0,67.12,200924549.0,81940775.0,193721648.0,18930.0,2120046.0,101338989.0,3291865.0,1546334.0,,,,57223312.0,8265748.0,167384119.0,0.40781863345130615,68.29,-1.1700000000000017
San Luis Obispo County Pension Trust,7272,2021,2170071483.0,1416762603.0,753308880.0,65.29,218911525.0,92194412.0,152250551.0,35607.0,2569774.0,110000100.0,3167517.0,1421187.0,8.9,7.1,8.6,56305770.0,0.0,127321992.0,0.42114919257905675,67.12,-1.8299999999999983
San Luis Obispo County Pension Trust,7272,2022,2313128000.0,1506270000.0,806858000.0,65.12,215475700.0,97877125.0,210984718.0,22153.0,2797340.0,117810136.0,3314923.0,1325003.0,15.2,13.7,10.4,61177212.0,0.0,183636594.0,0.4542374151702489,65.29,-0.1700000000000017
San Luis Obispo County Pension Trust,7272,2023,2498107000.0,1619357000.0,878750000.0,64.82,227731465.0,111324724.0,-133066304.0,47067.0,2897178.0,125992120.0,3401763.0,1485140.0,-8.0,5.2,5.6,72095657.0,0.0,-155470714.0,0.4888420842504131,65.12,-0.30000000000001137
San Luis Obispo County Pension Trust,7272,2024,2622192000.0,1679561000.0,942631000.0,64.05,245307336.0,124741572.0,128610644.0,37664.0,3085209.0,131929600.0,3238619.0,1165372.0,8.7,4.9,8.1,83915907.0,0.0,113971080.0,0.5085113801896246,64.82,-0.769999999999996
San Mateo County Employees' Retirement Association,7273,2003,1781544000.0,1353941000.0,427603000.0,76.0,323896000.0,58719773.0,39141909.0,8040.0,1886892.0,68989297.0,1205576.0,0.0,-2.07,-10.17,-2.59,,,25787957.0,0.18129205979697186,,
San Mateo County Employees' Retirement Association,7273,2004,1921328506.0,1452621173.0,468707333.0,75.6,365385000.0,87136017.0,193333166.0,0.0,1911755.0,74016331.0,1734439.0,718772.0,15.56,4.13,3.56,,,202087886.0,0.2384772691818219,76.0,-0.4000000000000057
San Mateo County Employees' Retirement Association,7273,2005,1921328506.0,1452621173.0,468707333.0,75.6,364412000.0,110578489.0,140210676.0,0.0,2234610.0,83182487.0,1458257.0,3533.0,10.15,9.75,3.56,,,163910278.0,0.3034435995521553,75.6,0.0
San Mateo County Employees' Retirement Association,7273,2006,2345149000.0,1769021000.0,576128000.0,75.4,368972000.0,116052215.0,166874903.0,0.0,2085970.0,87914563.0,2257849.0,40620.0,10.66,12.1,6.6,,,190628116.0,0.3145285143588131,75.6,-0.19999999999998863
San Mateo County Employees' Retirement Association,7273,2007,2555504000.0,1976731000.0,578773000.0,77.4,416069697.0,143245604.0,298286382.0,0.0,2582026.0,94788302.0,2243677.0,201168.0,16.58,12.42,11.26,,,341716813.0,0.3442827128071286,75.4,2.0
San Mateo County Employees' Retirement Association,7273,2008,2806222000.0,2218937000.0,587285000.0,79.1,424586435.0,165450753.0,-176043049.0,0.0,3231136.0,103970064.0,3074453.0,7913.0,-7.65,6.01,8.68,,,-120875862.0,0.38967507993984785,77.4,1.6999999999999886
San Mateo County Employees' Retirement Association,7273,2009,2987712000.0,1909679000.0,1078033000.0,63.9,445151712.0,156494646.0,-457309316.0,1615317.0,3286995.0,113990807.0,2794916.0,67139.0,-21.26,-5.36,0.66,,,-419339210.0,0.35155350812174346,79.1,-15.199999999999996
San Mateo County Employees' Retirement Association,7273,2010,3098453000.0,2179076000.0,919377000.0,70.3,437130219.0,156583806.0,195411540.0,784410.0,3372967.0,122141091.0,2736025.0,32776.0,12.8,-6.39,1.14,,,224496897.0,0.3582086051113295,63.9,6.399999999999999
San Mateo County Employees' Retirement Association,7273,2011,3246727000.0,2405140000.0,841587000.0,74.1,432540974.0,199487899.0,437653899.0,603616.0,3547526.0,129834540.0,2474445.0,9529.0,23.92,3.26,3.45,,,501879374.0,0.46120000414111056,70.3,3.799999999999997
San Mateo County Employees' Retirement Association,7273,2012,3442553000.0,2480271000.0,962282000.0,72.0,427649539.0,200636897.0,-11024518.0,750244.0,5033047.0,139207590.0,3627492.0,-33331.0,0.03,11.81,0.33,,,42527825.0,0.46916196254802933,74.1,-2.0999999999999943
San Mateo County Employees' Retirement Association,7273,2013,3572750000.0,2618639000.0,954111000.0,73.3,414551308.0,199716112.0,326983459.0,781402.0,4914187.0,149265647.0,5749776.0,29685.0,13.6,11.8,4.3,,,367521678.0,0.4817645202074721,72.0,1.2999999999999972
San Mateo County Employees' Retirement Association,7273,2014,3797042000.0,2993187000.0,803855000.0,78.8,429407376.0,249471060.0,482049870.0,614095.0,5645004.0,159341978.0,3214129.0,65292.0,17.3,9.9,13.0,,,563868622.0,0.5809659403708054,73.3,5.5
San Mateo County Employees' Retirement Association,7273,2015,4045786000.0,3343550000.0,702236000.0,82.6,462640136.0,228715978.0,111320053.0,309983.0,5978705.0,168109207.0,3357011.0,118717.0,3.5,11.3,11.2,,,162782374.0,0.4943712406309685,78.8,3.799999999999997
San Mateo County Employees' Retirement Association,7273,2016,4362296000.0,3624726000.0,737570000.0,83.1,493790364.0,247163194.0,24111756.0,5188007.0,6676149.0,179497261.0,3366437.0,10942.0,0.7,7.0,6.7,,,86912168.0,0.500542764742975,82.6,0.5
San Mateo County Employees' Retirement Association,7273,2017,4719850000.0,3976717000.0,743133000.0,84.3,522222624.0,260887236.0,436648487.0,27221.0,6979335.0,190364393.0,2875887.0,29832.0,12.6,5.5,9.4,164877000.0,-33850000.0,497313497.0,0.49957091862799113,83.1,1.2000000000000028
San Mateo County Employees' Retirement Association,7273,2018,4970535000.0,4351502000.0,619033000.0,87.6,541472683.0,271460991.0,280118858.0,27540.0,7293262.0,204728873.0,4325730.0,0.0,6.7,6.5,8.0,179626584.0,-27630129.0,335259524.0,0.5013382937362326,84.3,3.299999999999997
San Mateo County Employees' Retirement Association,7273,2019,5459978000.0,4685502000.0,774476000.0,85.82,554734196.0,313194038.0,271691483.0,0.0,8551977.0,223614044.0,3571079.0,0.0,5.4,8.2,5.7,194830054.0,-50668357.0,349148421.0,0.5645839759984799,87.6,-1.7800000000000011
San Mateo County Employees' Retirement Association,7273,2020,5786054000.0,4998316000.0,787738000.0,86.39,593295084.0,269213763.0,42392222.0,0.0,8392465.0,242024866.0,3796276.0,0.0,-0.2,3.9,4.9,198582998.0,0.0,57392378.0,0.45376031297100716,85.82,0.5700000000000074
San Mateo County Employees' Retirement Association,7273,2021,6227066000.0,5488958000.0,738108000.0,88.15,600368542.0,338968956.0,1133176546.0,0.0,8409931.0,259355774.0,2796160.0,0.0,24.3,9.4,9.5,225302472.0,-39700000.0,1201583637.0,0.5646014610805508,86.39,1.7600000000000051
San Mateo County Employees' Retirement Association,7273,2022,6530039000.0,5922894000.0,607145000.0,90.7,611956610.0,323914002.0,-366626155.0,0.0,8789823.0,276502232.0,4407296.0,0.0,-4.4,5.9,5.9,234746179.0,-15200000.0,-332411504.0,0.5293087723980954,88.15,2.549999999999997
San Mateo County Employees' Retirement Association,7273,2023,7035641000.0,6215283000.0,820358000.0,88.34,631144281.0,326604331.0,341245832.0,0.0,9652501.0,298934170.0,3895438.0,0.0,5.1,7.7,5.7,238938203.0,-10000000.0,355368054.0,0.5174796648438615,90.7,-2.3599999999999994
San Mateo County Employees' Retirement Association,7273,2024,7418282000.0,6498988000.0,919294000.0,87.61,676865990.0,267902753.0,540652056.0,0.0,9396844.0,317230700.0,5277498.0,0.0,9.2,3.2,6.4,175572103.0,-10000000.0,476649767.0,0.3957988094511884,88.34,-0.730000000000004
Santa Barbara County Employees' Retirement System,7274,2003,1454864000.0,1346665000.0,108199000.0,92.6,257237000.0,46595741.0,52875342.0,4012.0,1520815.0,51443905.0,1204495.0,0.0,5.0,-1.5,2.5,,,45305880.0,0.18113934231856227,,
Santa Barbara County Employees' Retirement System,7274,2004,1578769000.0,1379170000.0,199599000.0,87.4,266961000.0,52968440.0,185318089.0,4001.0,1985863.0,57634424.0,1467988.0,0.0,16.1,5.0,3.5,,,177202255.0,0.19841265203531602,92.6,-5.199999999999989
Santa Barbara County Employees' Retirement System,7274,2005,1687632000.0,1443824000.0,243808000.0,85.6,267786000.0,61548644.0,135321963.0,49497.0,1842161.0,64254302.0,1284974.0,0.0,9.9,10.2,4.1,,,129538667.0,0.22984265047463273,87.4,-1.8000000000000114
Santa Barbara County Employees' Retirement System,7274,2006,1809656000.0,1552776000.0,256880000.0,85.8,287382000.0,69034338.0,158667623.0,55990.0,2464794.0,71018064.0,1474822.0,0.0,10.8,12.24,7.11,,,152800271.0,0.2402180303568073,85.6,0.20000000000000284
Santa Barbara County Employees' Retirement System,7274,2007,1956834000.0,1620338000.0,336496000.0,82.8,294163067.0,79248435.0,264382602.0,2233265.0,2859108.0,76846452.0,1883614.0,0.0,17.2,12.6,11.7,,,264275128.0,0.26940307567571015,85.8,-3.0
Santa Barbara County Employees' Retirement System,7274,2008,2135900000.0,1891500000.0,244400000.0,88.6,307263504.0,84940244.0,-133439995.0,629238.0,2730648.0,77346971.0,1819710.0,873448.0,-7.1,6.2,8.8,,,-130641290.0,0.27644104455698715,82.8,5.799999999999997
Santa Barbara County Employees' Retirement System,7274,2009,2263862319.0,1705733020.0,558129299.0,75.3,307381758.0,86985601.0,-333787258.0,63736.0,3045028.0,89180779.0,1609893.0,855754.0,-19.0,-4.2,1.3,,,-341429375.0,0.28298882004572307,88.6,-13.299999999999997
Santa Barbara County Employees' Retirement System,7274,2010,2616146856.0,1927229175.0,688917681.0,73.7,307506129.0,96296128.0,194583078.0,228877.0,4045903.0,97813216.0,1319448.0,0.0,14.4,-4.9,2.1,,,187929516.0,0.31315189818541794,75.3,-1.5999999999999943
Santa Barbara County Employees' Retirement System,7274,2011,2749813302.0,2007859156.0,741954146.0,73.0,306528285.0,105279777.0,345700174.0,23724517.0,4112150.0,106661513.0,1476583.0,0.0,21.8,4.1,4.1,,,362454222.0,0.34345860448082305,73.7,-0.7000000000000028
Santa Barbara County Employees' Retirement System,7274,2012,2874384000.0,2046641000.0,827743000.0,71.2,302876753.0,123288721.0,38356055.0,223470.0,4023062.0,113525989.0,1071850.0,0.0,2.0,12.4,1.4,,,43247345.0,0.40705904226330636,73.0,-1.7999999999999972
Santa Barbara County Employees' Retirement System,7274,2013,2968134000.0,2150006000.0,818128000.0,72.4,301318000.0,129606230.0,167955473.0,395294.0,4235523.0,121855352.0,591490.0,0.0,7.8,10.3,4.4,,,171274632.0,0.4301310575538136,71.2,1.2000000000000028
Santa Barbara County Employees' Retirement System,7274,2014,2968134000.0,2150006000.0,818128000.0,72.4,301318000.0,133741662.0,328631462.0,220926.0,4288603.0,130288118.0,812467.0,0.0,15.2,8.2,12.1,,,327204862.0,0.443855534684287,72.4,0.0
Santa Barbara County Employees' Retirement System,7274,2015,3098015000.0,2513630000.0,584385000.0,81.1,308727000.0,140234490.0,20563777.0,276510.0,4404342.0,136804317.0,966902.0,0.0,0.4,7.7,9.2,,,18899216.0,0.4542346150482465,72.4,8.699999999999989
Santa Barbara County Employees' Retirement System,7274,2016,3231134000.0,2532529000.0,698605000.0,78.4,320914000.0,141059667.0,31680682.0,1119722.0,5192806.0,145711312.0,946405.0,0.0,1.38,5.47,5.28,,,22009548.0,0.43955597761394016,81.1,-2.6999999999999886
Santa Barbara County Employees' Retirement System,7274,2017,3571000000.0,2555000000.0,1016000000.0,71.6,0.0,142311000.0,263747000.0,266000.0,5734000.0,153185000.0,1044000.0,0.0,,,,121991000.0,0.0,246361000.0,,78.4,-6.800000000000011
Santa Barbara County Employees' Retirement System,7274,2018,3702297000.0,2801307000.0,900990000.0,75.7,336413000.0,153907000.0,223082000.0,232000.0,6351000.0,168377000.0,1374000.0,0.0,,,,131374000.0,0.0,201119000.0,0.45749421098471227,71.6,4.1000000000000085
Santa Barbara County Employees' Retirement System,7274,2019,3888127000.0,3002019000.0,886108000.0,77.21,359819461.0,160313000.0,224638000.0,204000.0,6784000.0,180528000.0,1728000.0,0.0,,,,133708000.0,0.0,196115000.0,0.44553732461958195,75.7,1.509999999999991
Santa Barbara County Employees' Retirement System,7274,2020,4080638000.0,3198134000.0,882504000.0,78.37,366344225.0,173203000.0,24566000.0,199000.0,6523000.0,193810000.0,1837000.0,0.0,,,,141585000.0,0.0,-4202000.0,0.4727875811335637,77.21,1.1600000000000108
Santa Barbara County Employees' Retirement System,7274,2021,4297728.0,3193932.0,1103796.0,74.32,380355927.0,185613000.0,822524000.0,184000.0,5695000.0,204081000.0,1578000.0,0.0,,,,150093000.0,0.0,796967000.0,0.4879981796629135,78.37,-4.050000000000011
Santa Barbara County Employees' Retirement System,7274,2022,4460991.0,3990899.0,470092.0,89.46,395157000.0,197952000.0,-70745000.0,215000.0,6162000.0,213237000.0,2079000.0,0.0,,,,161388000.0,0.0,-94056000.0,0.500945193935575,74.32,15.14
Santa Barbara County Employees' Retirement System,7274,2023,4713760000.0,3896843000.0,816917000.0,82.67,412151000.0,195829000.0,277601000.0,183000.0,6410000.0,229393000.0,2563000.0,0.0,9.01,11.02,8.05,157307000.0,0.0,235247000.0,0.4751389660585562,89.46,-6.789999999999992
Santa Barbara County Employees' Retirement System,7274,2024,4922924000.0,4132090000.0,790834000.0,83.94,440152000.0,211784000.0,344871000.0,209000.0,6682000.0,250717000.0,2339000.0,0.0,8.73,5.3,7.87,170153000.0,0.0,297126000.0,0.48116105345426124,82.67,1.269999999999996
Sonoma County Employees' Retirement Association,7275,2003,1012150000.0,898925000.0,113225000.0,88.8,251947000.0,37084516.0,-101310609.0,137585.0,1280405.0,41793374.0,779803.0,36790.0,-11.41,-6.6,1.6,,,-107978880.0,0.14719173476961425,,
Sonoma County Employees' Retirement Association,7275,2004,1129504000.0,1100103000.0,29401000.0,97.4,260347000.0,251570090.0,206227145.0,141317.0,1654321.0,48279156.0,683526.0,1012175.0,24.56,1.09,3.45,,,406309374.0,0.966287646871291,88.8,8.600000000000009
Sonoma County Employees' Retirement Association,7275,2005,1225402000.0,1182465000.0,42937000.0,96.5,253024951.0,48188296.0,121821057.0,187256.0,1969491.0,50521007.0,734804.0,143296.0,11.47,7.15,2.79,,,116828011.0,0.19044879095737874,97.4,-0.9000000000000057
Sonoma County Employees' Retirement Association,7275,2006,1352634488.0,1276770928.0,75863560.0,94.4,265247594.0,55572421.0,110678461.0,0.0,1892145.0,62103745.0,1154270.0,339983.0,9.12,14.86,4.67,,,100760739.0,0.209511498905434,96.5,-2.0999999999999943
Sonoma County Employees' Retirement Association,7275,2007,1509083000.0,1369669000.0,139414000.0,90.8,273548409.0,61625363.0,196145209.0,0.0,1966338.0,69944932.0,838152.0,370366.0,14.64,11.72,9.0,,,184650784.0,0.22528137972098386,94.4,-3.6000000000000085
Sonoma County Employees' Retirement Association,7275,2008,1653847000.0,1476496000.0,177351000.0,89.3,292771517.0,67033993.0,129360958.0,0.0,2379336.0,77544322.0,1117563.0,411459.0,9.69,11.12,13.76,,,114942271.0,0.22896350603668866,90.8,-1.5
Sonoma County Employees' Retirement Association,7275,2009,1842404000.0,1540461000.0,301943000.0,83.6,334390573.0,72662350.0,-553386456.0,0.0,2448239.0,85260190.0,1322832.0,380847.0,-29.54,-3.96,1.51,,,-570136214.0,0.21729784230490254,89.3,-5.700000000000003
Sonoma County Employees' Retirement Association,7275,2010,1967058000.0,1564970000.0,402088000.0,79.6,322483489.0,84913421.0,226583770.0,0.0,2551139.0,91741932.0,1433390.0,406221.0,18.84,-2.8,2.81,,,215364509.0,0.2633109101594966,83.6,-4.0
Sonoma County Employees' Retirement Association,7275,2011,2139460000.0,1890874000.0,248586000.0,88.4,323600808.0,375082589.0,211749032.0,0.0,2732410.0,101587493.0,1683974.0,466049.0,12.86,-1.87,3.51,,,480361695.0,1.1590903969559927,79.6,8.800000000000011
Sonoma County Employees' Retirement Association,7275,2012,2220520000.0,1867117000.0,353403000.0,84.1,308643667.0,71654478.0,3906805.0,0.0,2880484.0,113000246.0,1918882.0,794712.0,1.01,11.94,0.87,,,-43033041.0,0.23215923623665344,88.4,-4.300000000000011
Sonoma County Employees' Retirement Association,7275,2013,2383700000.0,1856847000.0,526853000.0,77.9,302764027.0,82041977.0,242603774.0,0.0,2991566.0,123831668.0,2132731.0,548167.0,14.83,9.7,1.89,,,195141619.0,0.2709766342221363,84.1,-6.199999999999989
Sonoma County Employees' Retirement Association,7275,2014,2466224000.0,2016781000.0,449443000.0,81.8,329893979.0,87344025.0,370240030.0,0.0,3227323.0,134310807.0,1649649.0,550502.0,19.88,11.63,13.91,,,317845774.0,0.26476392586722536,77.9,3.8999999999999915
Sonoma County Employees' Retirement Association,7275,2015,2510253000.0,2167210000.0,343043000.0,86.3,324418883.0,98305391.0,117662316.0,0.0,3107522.0,140429774.0,1245610.0,482844.0,6.16,13.57,11.06,,,70701957.0,0.3030199416598078,81.8,4.5
Sonoma County Employees' Retirement Association,7275,2016,2694979000.0,2289057000.0,405922000.0,84.9,339516785.0,106953758.0,34589119.0,0.0,3267855.0,147277253.0,2086976.0,258059.0,2.0,9.13,8.59,,,-11347266.0,0.3150175859493957,86.3,-1.3999999999999915
Sonoma County Employees' Retirement Association,7275,2017,2807398000.0,2399171000.0,408227000.0,85.5,356129644.0,104422169.0,189948848.0,0.0,3665142.0,155220271.0,2231475.0,553849.0,9.23,5.79,10.33,63639564.0,0.0,132700280.0,0.29321392015319003,84.9,0.5999999999999943
Sonoma County Employees' Retirement Association,7275,2018,2916856000.0,2557299000.0,359557000.0,87.7,369750901.0,107983000.0,394909000.0,0.0,3156000.0,162973000.0,2975000.0,576000.0,16.7,9.19,10.65,63822000.0,0.0,333212000.0,0.292042560837465,85.5,2.200000000000003
Sonoma County Employees' Retirement Association,7275,2019,3072077000.0,2667345000.0,404732000.0,86.83,378159621.0,112992000.0,-107078000.0,0.0,3072000.0,170370000.0,2192000.0,511000.0,-3.04,7.26,6.0,67425000.0,0.0,-170231000.0,0.2987944606597752,87.7,-0.8700000000000045
Sonoma County Employees' Retirement Association,7275,2020,3143323000.0,2811292000.0,332031000.0,89.44,378158735.0,109814000.0,415559000.0,0.0,3152000.0,179424000.0,3322000.0,394000.0,16.96,9.76,8.06,63822000.0,0.0,339081000.0,0.2903912823804004,86.83,2.6099999999999994
Sonoma County Employees' Retirement Association,7275,2021,3264403000.0,2981688000.0,282715000.0,91.34,400561892.0,124870000.0,225040000.0,0.0,2846000.0,185982000.0,4111000.0,186000.0,8.6,7.19,9.4,77506000.0,0.0,156785000.0,0.3117370935525739,89.44,1.9000000000000057
Sonoma County Employees' Retirement Association,7275,2022,3460051000.0,3215505000.0,244546000.0,92.93,408278337.0,124009000.0,522238000.0,0.0,2827000.0,193130000.0,2376000.0,228000.0,18.57,14.62,11.23,73142000.0,-1811000.0,447686000.0,0.3037364189126694,91.34,1.5900000000000034
Sonoma County Employees' Retirement Association,7275,2023,3582766000.0,3311174000.0,271592000.0,92.42,423271414.0,125786000.0,-269319000.0,0.0,3366000.0,201711000.0,2964000.0,155000.0,-6.87,6.26,6.25,70966000.0,-5596000.0,-351729000.0,0.2971757502149673,92.93,-0.5100000000000051
Sonoma County Employees' Retirement Association,7275,2024,3730227000.0,3500687000.0,229540000.0,93.85,457288313.0,131007000.0,400093000.0,0.0,3790000.0,212793000.0,2623000.0,380000.0,13.63,7.38,9.48,73994000.0,-4418000.0,311514000.0,0.2864866568326228,92.42,1.4299999999999926
Stanislaus County Employees' Retirement Association,7276,2003,870768000.0,878821000.0,-8053000.0,100.9,193733618.0,34728482.0,48433499.0,126162.0,1048692.0,36981411.0,1561286.0,0.0,,,,,,43696754.0,0.17925893481223273,,
Stanislaus County Employees' Retirement Association,7276,2004,1088543393.0,1068245285.0,20298108.0,98.1,200543435.0,36055481.0,155155377.0,114058.0,1194775.0,40999778.0,1326769.0,0.0,16.5,5.6,7.5,,,147803594.0,0.1797888871306109,100.9,-2.8000000000000114
Stanislaus County Employees' Retirement Association,7276,2005,1088543393.0,1068245285.0,20298108.0,98.1,197664000.0,38881088.0,90454029.0,249166.0,1289150.0,45881596.0,2347241.0,0.0,8.5,10.0,7.9,,,80066296.0,0.19670293022502833,98.1,0.0
Stanislaus County Employees' Retirement Association,7276,2006,1116310000.0,1049690942.0,66619058.0,94.0,220664468.0,44282653.0,117221769.0,51174.0,1482769.0,50506696.0,2482105.0,0.0,10.3,11.7,7.1,,,107084026.0,0.20067867473797368,98.1,-4.099999999999994
Stanislaus County Employees' Retirement Association,7276,2007,1194904000.0,1154048000.0,40856000.0,96.6,211680754.0,53105351.0,207191911.0,0.0,1980926.0,67599162.0,2730463.0,0.0,16.8,11.8,11.5,,,187986711.0,0.2508747252478135,94.0,2.5999999999999943
Stanislaus County Employees' Retirement Association,7276,2008,1194904000.0,1154048000.0,40856000.0,96.6,219768000.0,43244855.0,-121409123.0,0.0,2044286.0,67785111.0,2442426.0,0.0,-8.2,5.7,8.4,,,-150436091.0,0.19677503094172036,96.6,0.0
Stanislaus County Employees' Retirement Association,7276,2009,1548824000.0,1317167000.0,231657000.0,85.0,242009399.0,44333858.0,-221031397.0,0.0,2080130.0,71861210.0,2537978.0,0.0,-16.4,-3.6,1.4,,,-253176857.0,0.1831906454178666,96.6,-11.599999999999994
Stanislaus County Employees' Retirement Association,7276,2010,1653716000.0,1171767000.0,481949000.0,70.9,248316424.0,42560605.0,165053844.0,0.0,2307436.0,71464735.0,1731971.0,0.0,15.9,-3.8,2.8,,,132110307.0,0.17139665719412905,85.0,-14.099999999999994
Stanislaus County Employees' Retirement Association,7276,2011,1737824000.0,1325801000.0,412023000.0,76.3,231538198.0,45453781.0,261842492.0,0.0,2037167.0,74826404.0,1906153.0,0.0,22.9,6.0,5.0,,,228526549.0,0.19631223440721432,70.9,5.3999999999999915
Stanislaus County Employees' Retirement Association,7276,2012,1737823813.0,1325801248.0,412022565.0,76.3,231538198.0,47839327.0,3724754.0,0.0,2144748.0,80157222.0,1832811.0,0.0,0.7,12.8,1.9,,,-32570700.0,0.20661526872555172,76.3,0.0
Stanislaus County Employees' Retirement Association,7276,2013,1757717511.0,1372046240.0,385671271.0,78.1,221541008.0,59363368.0,189988287.0,0.0,2065345.0,87102798.0,1545763.0,0.0,14.5,12.3,6.5,,,158637749.0,0.2679565672103469,76.3,1.7999999999999972
Stanislaus County Employees' Retirement Association,7276,2014,1888713204.0,1451763548.0,436949656.0,76.9,215057468.0,68631907.0,274896108.0,0.0,2249260.0,93266904.0,1515567.0,0.0,18.2,11.0,14.2,,,246496284.0,0.319132870103353,78.1,-1.1999999999999886
Stanislaus County Employees' Retirement Association,7276,2015,1919227000.0,1524076000.0,395151000.0,79.4,222897794.0,76809266.0,68722781.0,0.0,2378966.0,100099055.0,1759101.0,0.0,4.2,12.2,11.8,,,41294925.0,0.34459410576311045,76.9,2.5
Stanislaus County Employees' Retirement Association,7276,2016,2026371000.0,1644077000.0,382294000.0,81.1,235092377.0,82112818.0,-31322276.0,0.0,2315223.0,106946768.0,1219042.0,0.0,-1.3,6.7,7.0,,,-59690491.0,0.34927894748369487,79.4,1.6999999999999886
Stanislaus County Employees' Retirement Association,7276,2017,2391522000.0,1763629000.0,627893000.0,73.8,255646516.0,88488305.0,252309705.0,0.0,2644554.0,114290758.0,2553100.0,0.0,14.4,5.3,9.5,63024560.0,0.0,221309598.0,0.34613538406289096,81.1,-7.299999999999997
Stanislaus County Employees' Retirement Association,7276,2018,2537067000.0,1845764000.0,691303000.0,72.8,268009042.0,103712760.0,154988199.0,0.0,2791409.0,121266628.0,1905488.0,0.0,8.1,6.7,8.3,76966471.0,0.0,132737434.0,0.386974854378234,73.8,-1.0
Stanislaus County Employees' Retirement Association,7276,2019,2648162000.0,1968231000.0,679931000.0,74.32,281979654.0,116332244.0,99280525.0,0.0,2557391.0,129100668.0,2674023.0,0.0,5.1,9.1,5.8,88589381.0,0.0,81280687.0,0.412555453380335,72.8,1.519999999999996
Stanislaus County Employees' Retirement Association,7276,2020,2749068000.0,2100278000.0,648790000.0,76.4,300352383.0,122330254.0,18496773.0,0.0,3216625.0,138223922.0,1761673.0,0.0,1.3,4.8,,92685.0,0.0,-2375193.0,0.40728910747480235,74.32,2.0800000000000125
Stanislaus County Employees' Retirement Association,7276,2021,2897223000.0,2199956000.0,697267000.0,75.93,298044207.0,122860752.0,556195649.0,0.0,3393869.0,149015287.0,1915614.0,0.0,25.2,10.1,10.5,93308.0,0.0,524731631.0,0.412223251163543,76.4,-0.46999999999999886
Stanislaus County Employees' Retirement Association,7276,2022,3028647000.0,2290287000.0,738360000.0,75.62,303573549.0,130766328.0,-169153892.0,0.0,3475764.0,158258447.0,4050751.0,0.0,-6.4,5.9,6.2,100768.0,0.0,-204172526.0,0.43075665989595163,75.93,-0.3100000000000023
Stanislaus County Employees' Retirement Association,7276,2023,3153032000.0,2483712000.0,669320000.0,78.77,333330505.0,138142784.0,173418657.0,0.0,4361938.0,168768709.0,3013593.0,0.0,6.7,7.7,5.9,105090.0,0.0,135417201.0,0.41443186845440383,75.62,3.1499999999999915
Stanislaus County Employees' Retirement Association,7276,2024,3379554000.0,2603763000.0,775791000.0,77.04,357174000.0,151474307.0,246159703.0,0.0,4302140.0,178235672.0,2653662.0,0.0,9.6,3.1,6.8,116285000.0,0.0,212442536.0,0.4240910788579236,78.77,-1.7299999999999898
Tulare County Employees' Retirement Association,7277,2003,608504728.0,634248706.0,-25743978.0,104.2,162396577.0,16226736.0,16944870.0,49562.0,1180730.0,25044483.0,2925441.0,0.0,3.57,-1.21,5.66,,,4070514.0,0.09992043120465526,,
Tulare County Employees' Retirement Association,7277,2004,649648748.0,665243885.0,-15595137.0,102.4,158032372.0,20903709.0,107791242.0,49562.0,1149099.0,28500335.0,2902119.0,0.0,17.99,5.55,6.9,,,96192960.0,0.13227485442033357,104.2,-1.7999999999999972
Tulare County Employees' Retirement Association,7277,2005,608504728.0,634248706.0,-25743978.0,104.2,164777131.0,22312804.0,80933519.0,49562.0,1157147.0,31314574.0,3961841.0,0.0,11.47,12.84,10.42,,,66862323.0,0.13541201903800595,102.4,1.7999999999999972
Tulare County Employees' Retirement Association,7277,2006,714656078.0,681618145.0,33037933.0,95.4,164777131.0,25838729.0,101792852.0,103562.0,1184704.0,33399125.0,3484984.0,0.0,13.44,14.11,8.16,,,89666330.0,0.1568101643910768,104.2,-8.799999999999997
Tulare County Employees' Retirement Association,7277,2007,792843643.0,729898582.0,62945061.0,92.1,186948702.0,33594527.0,165066160.0,72057.0,1355939.0,35328187.0,3425207.0,0.0,18.66,14.32,12.8,,,158623411.0,0.1796991722360287,95.4,-3.3000000000000114
Tulare County Employees' Retirement Association,7277,2008,792843643.0,729898582.0,62945061.0,92.1,186948702.0,40449224.0,-81051326.0,49586.0,1460141.0,38840980.0,4447283.0,0.0,-7.54,7.57,10.27,,,-85300920.0,0.21636536422702737,92.1,0.0
Tulare County Employees' Retirement Association,7277,2009,846029756.0,800967495.0,45062261.0,94.7,204802798.0,41423523.0,-198452460.0,51758.0,1535272.0,42039209.0,3861403.0,0.0,-20.05,-4.27,2.0,,,-204413063.0,0.20226053259291896,92.1,2.6000000000000085
Tulare County Employees' Retirement Association,7277,2010,946414313.0,879050943.0,67363370.0,92.9,226836534.0,43669940.0,79550169.0,51837.0,1703798.0,46073060.0,3271979.0,0.0,10.91,-6.41,1.99,,,72223109.0,0.1925172247606287,94.7,-1.7999999999999972
Tulare County Employees' Retirement Association,7277,2011,996746659.0,919178551.0,77568108.0,92.2,227305938.0,41233605.0,183507113.0,55612.0,1694942.0,50430014.0,3351823.0,0.0,22.0,2.7,3.5,,,169319551.0,0.18140135432801585,92.9,-0.7000000000000028
Tulare County Employees' Retirement Association,7277,2012,1033210615.0,946640331.0,86570284.0,91.6,217811354.0,41727969.0,-12155061.0,55315.0,1720190.0,54334974.0,4354187.0,0.0,-0.9,10.3,-0.2,,,-30781128.0,0.19157848401236235,92.2,-0.6000000000000085
Tulare County Employees' Retirement Association,7277,2013,1072144238.0,969635647.0,102508591.0,90.4,219853614.0,48277525.0,112289019.0,56517.0,1779872.0,58529719.0,3394090.0,0.0,11.7,10.6,3.7,,,96919380.0,0.219589408250528,91.6,-1.1999999999999886
Tulare County Employees' Retirement Association,7277,2014,1101456271.0,981945613.0,119510658.0,89.1,222634628.0,44922088.0,176828141.0,55730.0,2048615.0,62653764.0,3300343.0,0.0,17.1,9.1,11.9,,,153803237.0,0.2017749368260898,90.4,-1.3000000000000114
Tulare County Employees' Retirement Association,7277,2015,1186057453.0,1048159873.0,137897580.0,88.4,230954756.0,49879491.0,10876983.0,166026.0,2408394.0,65478474.0,3081414.0,0.0,1.3,10.0,10.0,,,-10045782.0,0.21597083283273025,89.1,-0.6999999999999886
Tulare County Employees' Retirement Association,7277,2016,1271831710.0,1101929443.0,169902267.0,86.6,234569001.0,48111791.0,-20474116.0,165615.0,2615856.0,69134188.0,3198234.0,0.0,-1.0,5.6,5.5,,,-47144988.0,0.20510719999186935,88.4,-1.8000000000000114
Tulare County Employees' Retirement Association,7277,2017,1358435.0,1156587.0,201848.0,85.1,239054767.0,51806300.0,132699432.0,165600.0,2611562.0,73442266.0,3519060.0,0.0,11.9,3.9,8.1,33615885.0,0.0,105098444.0,0.21671310156304058,86.6,-1.5
Tulare County Employees' Retirement Association,7277,2018,1431436000.0,1192642000.0,238794000.0,83.3,248513879.0,304774979.0,95670819.0,187680.0,2666483.0,77083109.0,3633284.0,0.0,7.8,6.1,7.3,36263000.0,0.0,317250602.0,1.2263901727597275,85.1,-1.7999999999999972
Tulare County Employees' Retirement Association,7277,2019,1573406000.0,1461755000.0,111651000.0,92.9,254940772.0,55819352.0,90590519.0,188288.0,2805527.0,82236256.0,2861371.0,0.0,6.3,8.7,5.2,33494000.0,0.0,58695005.0,0.21895027445825732,83.3,9.600000000000009
Tulare County Employees' Retirement Association,7277,2020,1656357000.0,1523030000.0,133327000.0,91.95,262713817.0,58413559.0,9327068.0,187680.0,2852845.0,87893101.0,3534036.0,0.0,0.9,4.9,5.1,35310000.0,0.0,-26351675.0,0.22234673328963128,92.9,-0.9500000000000028
Tulare County Employees' Retirement Association,7277,2021,1741283000.0,1598431000.0,142852000.0,91.8,272415593.0,60302048.0,394891287.0,187680.0,2740169.0,92689543.0,3586160.0,0.0,24.0,9.9,9.9,36766000.0,0.0,356365143.0,0.2213604857780663,91.95,-0.15000000000000568
Tulare County Employees' Retirement Association,7277,2022,1875797000.0,1670786000.0,205011000.0,89.07,284272002.0,66271951.0,-117960731.0,187680.0,2966938.0,97761736.0,4946007.0,0.0,-5.9,5.4,5.9,40392000.0,0.0,-157175781.0,0.23312866034552357,91.8,-2.730000000000004
Tulare County Employees' Retirement Association,7277,2023,1957985000.0,1759025000.0,198960000.0,89.84,286886367.0,73138755.0,123966690.0,187680.0,2745295.0,103391718.0,6110778.0,0.0,6.5,7.8,5.9,45174000.0,0.0,85045334.0,0.2549398068817958,89.07,0.7700000000000102
Tulare County Employees' Retirement Association,7277,2024,2047350000.0,1840109000.0,207241000.0,89.88,293444953.0,80507437.0,182516236.0,187680.0,2917201.0,109853502.0,3674008.0,0.0,9.0,3.3,6.5,50727000.0,0.0,146766642.0,0.27435277443671013,89.84,0.03999999999999204
Ventura County Employees' Retirement Association,7278,2003,2202018000.0,2057493000.0,144525000.0,93.4,455789408.0,31362862.0,80300151.0,0.0,2246186.0,95001364.0,2894770.0,37500.0,4.4,-1.1,3.1,,,11483193.0,0.06880998428116171,,
Ventura County Employees' Retirement Association,7278,2004,2393997000.0,2070553000.0,323444000.0,86.5,475934348.0,44603451.0,318222984.0,0.0,2761869.0,101108287.0,3080417.0,12722.0,16.3,4.2,3.8,,,255863140.0,0.0937176549400885,93.4,-6.900000000000006
Ventura County Employees' Retirement Association,7278,2005,2584905000.0,2216229000.0,368676000.0,85.7,478052728.0,87788025.0,206019458.0,0.0,2938884.0,109734125.0,3536154.0,0.0,,,,,,177598320.0,0.18363669917181186,86.5,-0.7999999999999972
Ventura County Employees' Retirement Association,7278,2006,2911918000.0,2430048000.0,481870000.0,83.5,519144660.0,115018640.0,241240489.0,0.0,3027674.0,121226816.0,4228611.0,0.0,9.5,11.6,6.2,,,227776028.0,0.22155412327654492,85.7,-2.200000000000003
Ventura County Employees' Retirement Association,7278,2007,3112583000.0,2736558000.0,376025000.0,87.9,551968099.0,131055542.0,461025644.0,525823.0,2588705.0,132207925.0,3479318.0,0.0,17.2,11.9,11.2,,,454331061.0,0.23743318180422598,83.5,4.400000000000006
Ventura County Employees' Retirement Association,7278,2008,3345804000.0,3055756000.0,290048000.0,91.3,599173118.0,152409165.0,-208518972.0,0.0,3267594.0,142669054.0,3960407.0,20007.0,-6.7,6.2,8.8,,,-206026869.0,0.2543658258713803,87.9,3.3999999999999915
Ventura County Employees' Retirement Association,7278,2009,3663701000.0,3090148000.0,573553000.0,84.3,634777892.0,156241538.0,-625182877.0,0.0,3535690.0,153088994.0,3253100.0,0.0,-21.1,-4.8,0.6,,,-628819123.0,0.2461357586158656,91.3,-7.0
Ventura County Employees' Retirement Association,7278,2010,3877443000.0,3115984000.0,761459000.0,80.4,654828221.0,148169111.0,347087186.0,0.0,4081469.0,166028550.0,3227440.0,0.0,15.0,-5.5,1.7,,,321918838.0,0.22627172477955865,84.3,-3.8999999999999915
Ventura County Employees' Retirement Association,7278,2011,3995352000.0,3220388000.0,774964000.0,80.6,637037380.0,164291240.0,627326737.0,0.0,4386708.0,180069857.0,4388204.0,0.0,24.4,5.1,5.0,,,602773208.0,0.25789890068931276,80.4,0.19999999999998863
Ventura County Employees' Retirement Association,7278,2012,4373227000.0,3397360000.0,975867000.0,77.7,633847360.0,185259474.0,50683170.0,0.0,3535807.0,191331918.0,3782776.0,0.0,1.5,13.4,1.9,,,37292143.0,0.29227774018022257,80.6,-2.8999999999999915
Ventura County Employees' Retirement Association,7278,2013,4575063000.0,3621709000.0,953354000.0,79.2,638763186.0,195151824.0,436638121.0,0.0,3943727.0,205238224.0,4719733.0,0.0,13.2,12.6,5.3,,,417888261.0,0.30551513969059574,77.7,1.5
Ventura County Employees' Retirement Association,7278,2014,4731016000.0,3910801000.0,820215000.0,82.7,648257042.0,216377526.0,658579884.0,0.0,4044724.0,219190336.0,4341953.0,0.0,18.8,10.9,14.3,,,647380397.0,0.3337835333534256,79.2,3.5
Ventura County Employees' Retirement Association,7278,2015,5178157000.0,4302330000.0,875827000.0,83.1,678705846.0,238778320.0,88680324.0,0.0,3854106.0,229761770.0,3933445.0,0.0,1.7,11.0,11.6,,,89909323.0,0.35181414954248086,82.7,0.3999999999999915
Ventura County Employees' Retirement Association,7278,2016,5398756000.0,4585713000.0,813043000.0,84.9,705999680.0,247179459.0,25739302.0,0.0,4474201.0,242759176.0,3643862.0,0.0,1.0,6.9,7.0,,,22041522.0,0.3501127068499521,83.1,1.8000000000000114
Ventura County Employees' Retirement Association,7278,2017,5703396000.0,4959070000.0,744326000.0,87.0,744917386.0,263153543.0,580525971.0,0.0,5524374.0,256833969.0,3911104.0,0.0,12.6,4.9,9.2,190759001.0,0.0,577410067.0,0.3532654062661386,84.9,2.0999999999999943
Ventura County Employees' Retirement Association,7278,2018,6129758000.0,5382777000.0,746981000.0,87.8,760815215.0,271727103.0,445902067.0,0.0,4881405.0,273745291.0,3973105.0,2813622.0,8.9,7.3,8.3,197682857.0,0.0,432215747.0,0.35715256167688497,87.0,0.7999999999999972
Ventura County Employees' Retirement Association,7278,2019,6439388000.0,5664526000.0,774862000.0,87.97,785402037.0,275089754.0,368664890.0,0.0,5341596.0,293807796.0,3310742.0,2396874.0,7.0,9.5,6.1,199932498.0,0.0,338897636.0,0.35025342568598405,87.8,0.1700000000000017
Ventura County Employees' Retirement Association,7278,2020,6747772000.0,6044036000.0,703736000.0,89.57,803381543.0,293830546.0,209235392.0,0.0,5367358.0,311320758.0,4303393.0,2582517.0,2.5,6.1,6.3,214587909.0,0.0,179491912.0,0.3657422162112081,87.97,1.5999999999999943
Ventura County Employees' Retirement Association,7278,2021,7154885000.0,6648154000.0,506731000.0,92.92,817636092.0,258282146.0,1849957595.0,0.0,6008220.0,329140248.0,3825013.0,2565034.0,30.3,12.7,11.9,178628118.0,0.0,1766701226.0,0.3158888759034869,89.57,3.3500000000000085
Ventura County Employees' Retirement Association,7278,2022,7491327000.0,7279606000.0,211721000.0,97.17,873042611.0,263387082.0,-553406547.0,0.0,6169082.0,351798412.0,5299314.0,2934633.0,-6.0,7.9,7.9,178667231.0,0.0,-656220906.0,0.3016886904275054,92.92,4.25
Ventura County Employees' Retirement Association,7278,2023,7870801000.0,7640705000.0,230096000.0,97.08,941042109.0,272506385.0,670998749.0,0.0,6837989.0,374946597.0,6390361.0,2424730.0,8.5,10.1,7.9,178535140.0,0.0,552905457.0,0.2895793741786745,97.17,-0.09000000000000341
Ventura County Employees' Retirement Association,7278,2024,8403987000.0,8148479000.0,255508000.0,96.96,954250417.0,256692271.0,868996555.0,0.0,7927547.0,393023628.0,7879966.0,2978807.0,11.8,4.6,8.9,158621851.0,0.0,713878878.0,0.26899885651294403,97.08,-0.12000000000000455
Desert Hospital Retirement Protection Plan,7398,2003,7392019.0,6474884.0,917135.0,87.6,0.0,0.0,308634.0,0.0,47511.0,0.0,1462584.0,0.0,,,,,,-1201461.0,,,
Desert Hospital Retirement Protection Plan,7398,2004,7392019.0,6474884.0,917135.0,87.6,0.0,0.0,867555.0,0.0,44168.0,1134072.0,0.0,0.0,,,,,,-310685.0,,87.6,0.0
Desert Hospital Retirement Protection Plan,7398,2005,7392019.0,6474884.0,917135.0,87.6,0.0,0.0,355457.0,0.0,0.0,1137093.0,0.0,0.0,,,,,,-781636.0,,87.6,0.0
Desert Hospital Retirement Protection Plan,7398,2006,9566663.0,5236383.0,4330280.0,54.7,0.0,0.0,480561.0,0.0,0.0,626741.0,0.0,0.0,3.3,1.87,2.49,,,-146180.0,,87.6,-32.89999999999999
Desert Hospital Retirement Protection Plan,7398,2007,9566663.0,5236383.0,4330280.0,54.7,0.0,0.0,830452.0,0.0,0.0,397447.0,0.0,0.0,4.77,3.09,2.92,,,433005.0,,54.7,0.0
Desert Hospital Retirement Protection Plan,7398,2008,9312581.0,4552074.0,4760507.0,48.9,0.0,0.0,-453171.0,0.0,0.0,664143.0,0.0,0.0,4.92,4.33,3.37,,,-1117314.0,,54.7,-5.800000000000004
Desert Hospital Retirement Protection Plan,7398,2009,9141403.0,3351366.0,5790037.0,36.7,0.0,0.0,-775301.0,0.0,0.0,425408.0,0.0,0.0,1.54,3.74,3.14,,,-1200709.0,,48.9,-12.199999999999996
Desert Hospital Retirement Protection Plan,7398,2010,9141403.0,3351366.0,5790037.0,36.7,0.0,0.0,380478.0,0.0,0.0,465473.0,0.0,0.0,0.64,2.37,3.03,,,-84995.0,,36.7,0.0
Desert Hospital Retirement Protection Plan,7398,2011,7921342.0,3522125.0,4399217.0,44.5,0.0,0.0,656162.0,0.0,0.0,400408.0,0.0,0.0,0.4,0.86,2.45,,,255754.0,,36.7,7.799999999999997
Desert Hospital Retirement Protection Plan,7398,2012,7921342.0,3522125.0,4399217.0,44.5,0.0,0.0,-31615.0,1573.0,0.0,457919.0,0.0,0.0,0.26,0.43,1.55,,,-487961.0,,44.5,0.0
Desert Hospital Retirement Protection Plan,7398,2013,7357700.0,2797614.0,4560086.0,38.0,0.0,0.0,328173.0,5458.0,20421.0,549759.0,0.0,0.0,,,,,,-236549.0,,44.5,-6.5
Desert Hospital Retirement Protection Plan,7398,2014,10603012.0,2656607.0,7946405.0,25.1,0.0,0.0,341111.0,134.0,0.0,482252.0,0.0,0.0,0.15,0.2,0.33,,,-141007.0,,38.0,-12.899999999999999
Desert Hospital Retirement Protection Plan,7398,2015,10179205.0,2405256.0,7773949.0,23.6,0.0,0.0,53215.0,0.0,0.0,304566.0,0.0,0.0,0.13,0.16,0.23,,,-251351.0,,25.1,-1.5
Desert Hospital Retirement Protection Plan,7398,2016,11568940.0,1924238.0,9644702.0,16.6,0.0,0.0,-21622.0,0.0,0.0,459397.0,0.0,0.0,0.25,0.18,0.2,,,-481019.0,,23.6,-7.0
Desert Hospital Retirement Protection Plan,7398,2017,8219294.0,4980952.0,3238342.0,60.6,0.0,3400000.0,393441.0,0.0,0.0,382380.0,0.0,0.0,0.66,0.35,0.28,928460.0,-2471540.0,3411061.0,,16.6,44.0
Desert Hospital Retirement Protection Plan,7398,2018,8467627.0,5189834.0,3277793.0,61.3,0.0,0.0,356615.0,0.0,35409.0,466670.0,0.0,0.0,1.0,0.64,0.44,288378.0,288378.0,-145464.0,,60.6,0.6999999999999957
Desert Hospital Retirement Protection Plan,7398,2019,8309530.0,4913907.0,3395623.0,59.14,0.0,0.0,268699.0,0.0,32836.0,511792.0,0.0,0.0,2.06,1.24,0.82,,,-275929.0,,61.3,-2.1599999999999966
Desert Hospital Retirement Protection Plan,7398,2020,9388217.0,4783963.0,4604254.0,50.96,0.0,0.0,109201.0,0.0,31524.0,207620.0,0.0,0.0,2.49,1.85,1.29,366275.0,366275.0,-129943.0,,59.14,-8.18
Desert Hospital Retirement Protection Plan,7398,2021,3507940.0,5314972.0,-1807032.0,151.51,0.0,0.0,1160972.0,0.0,33700.0,596263.0,0.0,0.0,0.33,1.63,1.31,366275.0,366275.0,531009.0,,50.96,100.54999999999998
Desert Hospital Retirement Protection Plan,7398,2022,3588592.0,4597838.0,-1009246.0,128.12,0.0,0.0,-512520.0,0.0,32394.0,172220.0,0.0,0.0,0.08,0.97,1.19,0.0,0.0,-717134.0,,151.51,-23.389999999999986
Desert Hospital Retirement Protection Plan,7398,2023,3036119.0,4493259.0,-1457140.0,147.99,0.0,0.0,444979.0,0.0,29008.0,520550.0,0.0,0.0,1.34,0.58,1.26,0.0,0.0,-104579.0,,128.12,19.870000000000005
Desert Hospital Retirement Protection Plan,7398,2024,2715761.0,4444098.0,-1728337.0,163.64,0.0,0.0,489411.0,0.0,28315.0,510257.0,0.0,0.0,4.68,2.03,1.78,0.0,0.0,-49161.0,,147.99,15.649999999999977
Sunline Transit Retirement Income Plan - Non-Bargaining Unit Personnel,7400,2003,5808709.0,4836655.0,972054.0,83.3,3376214.0,819456.0,-173972.0,0.0,34587.0,68755.0,50943.0,0.0,,,,,,491199.0,0.24271447248308312,,
Sunline Transit Retirement Income Plan - Non-Bargaining Unit Personnel,7400,2004,6857358.0,5327854.0,1529504.0,77.7,3603060.0,846964.0,102993.0,0.0,38197.0,98259.0,90662.0,0.0,1.83,-0.82,1.78,,,722839.0,0.235067970003275,83.3,-5.599999999999994
Sunline Transit Retirement Income Plan - Non-Bargaining Unit Personnel,7400,2005,9037203.0,6050693.0,2986510.0,67.0,3248008.0,885935.0,359508.0,0.0,41156.0,183503.0,158462.0,0.0,5.06,1.11,0.77,,,862322.0,0.2727625670872732,77.7,-10.700000000000003
Sunline Transit Retirement Income Plan - Non-Bargaining Unit Personnel,7400,2006,9477953.0,6872377.0,2605576.0,72.5,2502806.0,952511.0,360603.0,0.0,45592.0,267216.0,57760.0,0.0,4.96,3.94,1.47,,,942546.0,0.38057724010570537,67.0,5.5
Sunline Transit Retirement Income Plan - Non-Bargaining Unit Personnel,7400,2007,10320181.0,7808572.0,2511609.0,75.7,3176434.0,1197969.0,697640.0,0.0,51136.0,306864.0,138117.0,0.0,8.39,6.12,3.3,,,1399492.0,0.37714273301444323,72.5,3.200000000000003
Sunline Transit Retirement Income Plan - Non-Bargaining Unit Personnel,7400,2008,11022943.0,9195098.0,1827845.0,83.4,3007499.0,1072325.0,815550.0,0.0,58520.0,349981.0,55177.0,0.0,8.47,7.26,5.71,,,1424197.0,0.3565504094930705,75.7,7.700000000000003
Sunline Transit Retirement Income Plan - Non-Bargaining Unit Personnel,7400,2009,11882834.0,10608363.0,1274471.0,89.3,3429409.0,1062471.0,-1448898.0,0.0,63630.0,372114.0,50811.0,0.0,-13.17,0.69,2.39,,,-872982.0,0.309811690585754,83.4,5.8999999999999915
Sunline Transit Retirement Income Plan - Non-Bargaining Unit Personnel,7400,2010,13287540.0,9749283.0,3538257.0,73.4,3525248.0,1222443.0,1638855.0,0.0,65518.0,365544.0,39421.0,0.0,16.75,3.22,4.58,,,2390815.0,0.34676794370211683,89.3,-15.899999999999991
Sunline Transit Retirement Income Plan - Non-Bargaining Unit Personnel,7400,2011,14380040.0,12197083.0,2182957.0,84.8,3725878.0,1192577.0,1334989.0,0.0,80612.0,416615.0,53628.0,0.0,10.66,3.91,5.69,,,1976711.0,0.3200794550975636,73.4,11.399999999999991
Sunline Transit Retirement Income Plan - Non-Bargaining Unit Personnel,7400,2012,15398417.0,14173794.0,1224623.0,92.0,3512416.0,1072780.0,-42543.0,0.0,12660.0,446089.0,19225.0,0.0,0.25,9.0,4.05,,,552263.0,0.3054250977105218,84.8,7.200000000000003
Sunline Transit Retirement Income Plan - Non-Bargaining Unit Personnel,7400,2013,16734982.0,14726057.0,2008925.0,88.0,3295632.0,1120580.0,1737509.0,0.0,39116.0,515932.0,7885.0,0.0,12.17,7.56,4.76,,,2295156.0,0.3400197594877098,92.0,-4.0
Sunline Transit Retirement Income Plan - Non-Bargaining Unit Personnel,7400,2014,18044541.0,17047342.0,997199.0,94.5,3288878.0,1168010.0,2621368.0,0.0,14278.0,576160.0,79546.0,0.0,15.79,9.2,10.96,,,3119394.0,0.3551393514748799,88.0,6.5
Sunline Transit Retirement Income Plan - Non-Bargaining Unit Personnel,7400,2015,20270393.0,20129639.0,140754.0,99.3,3626818.0,970711.0,878786.0,0.0,16079.0,572241.0,31702.0,0.0,,,,,,1229475.0,0.2676481146834498,94.5,4.799999999999997
Sunline Transit Retirement Income Plan - Non-Bargaining Unit Personnel,7400,2016,22524235.0,21367468.0,1156767.0,94.9,3608769.0,1103346.0,-140493.0,0.0,176377.0,594925.0,123674.0,0.0,,,,,,67877.0,0.3057402676646801,99.3,-4.3999999999999915
Sunline Transit Retirement Income Plan - Non-Bargaining Unit Personnel,7400,2017,23432961.0,21434841.0,1998120.0,91.5,4429828.0,1179203.0,1619088.0,0.0,191661.0,711719.0,29688.0,0.0,,,,1053887.0,10590.0,1865223.0,0.2661961141606401,94.9,-3.4000000000000057
Sunline Transit Retirement Income Plan - Non-Bargaining Unit Personnel,7400,2018,24255666.0,23650761.0,604905.0,97.5,4939705.0,1195281.0,3301004.0,0.0,132647.0,786424.0,48908.0,0.0,,,,1088228.0,-107053.0,3528306.0,0.24197416647350398,91.5,6.0
Sunline Transit Retirement Income Plan - Non-Bargaining Unit Personnel,7400,2019,25569403.0,26786215.0,-1216812.0,104.76,4842573.0,1324333.0,-1480804.0,0.0,89086.0,880535.0,0.0,0.0,,,,979399.0,-184432.0,-1126092.0,0.2734771370509025,97.5,7.260000000000005
Sunline Transit Retirement Income Plan - Non-Bargaining Unit Personnel,7400,2020,27345479.0,27066336.0,279143.0,98.98,5263497.0,1361190.0,5175930.0,0.0,68989.0,1038556.0,0.0,0.0,,,,1043456.0,-158786.0,5429575.0,0.2586094377939229,104.76,-5.780000000000001
Sunline Transit Retirement Income Plan - Non-Bargaining Unit Personnel,7400,2021,30249446.0,29154205.0,1095241.0,96.38,6016305.0,1422173.0,5173967.0,0.0,76047.0,1025255.0,0.0,0.0,,,,1363614.0,144374.0,5494838.0,0.23638645314690662,98.98,-2.6000000000000085
Sunline Transit Retirement Income Plan - Non-Bargaining Unit Personnel,7400,2022,31409094.0,32577009.0,-1167915.0,103.72,6487132.0,1590672.0,4398824.0,0.0,65276.0,1123771.0,0.0,0.0,,,,1229797.0,-173203.0,4800449.0,0.24520419809555286,96.38,7.340000000000003
Sunline Transit Retirement Income Plan - Non-Bargaining Unit Personnel,7400,2023,33401229.0,36787875.0,-3386646.0,110.14,5613094.0,1631496.0,-6820169.0,0.0,79492.0,1235933.0,0.0,0.0,,,,841503.0,-597277.0,-6504098.0,0.29065894852286456,103.72,6.420000000000002
Sunline Transit Retirement Income Plan - Non-Bargaining Unit Personnel,7400,2024,36221609.0,38948434.0,-2726825.0,107.53,5734757.0,1491281.0,5005266.0,0.0,99307.0,1454579.0,0.0,0.0,,,,808014.0,-493100.0,4942661.0,0.26004257896193333,110.14,-2.6099999999999994
West Contra Costa Healthcare District Successor Retirement Plan,8275,2003,9652169.0,9493040.0,159129.0,98.4,0.0,421145.0,208111.0,0.0,132822.0,718590.0,0.0,0.0,,,,,,-222156.0,,,
West Contra Costa Healthcare District Successor Retirement Plan,8275,2004,10253188.0,9011117.0,1242071.0,87.9,0.0,201186.0,1153802.0,0.0,139066.0,786646.0,0.0,0.0,,,,,,429276.0,,98.4,-10.5
West Contra Costa Healthcare District Successor Retirement Plan,8275,2005,10366836.0,9499298.0,867538.0,91.6,0.0,244205.0,639011.0,0.0,129380.0,806677.0,0.0,0.0,7.28,11.29,5.15,,,-52841.0,,87.9,3.6999999999999886
West Contra Costa Healthcare District Successor Retirement Plan,8275,2008,10645843.0,9863100.0,782743.0,92.6,0.0,0.0,1001351.0,0.0,96763.0,870496.0,0.0,0.0,,,,,,34092.0,,91.6,1.0
West Contra Costa Healthcare District Successor Retirement Plan,8275,2009,10645843.0,9863100.0,782843.0,92.6,0.0,0.0,-2284102.0,0.0,82515.0,960498.0,0.0,0.0,0.0,0.0,0.0,,,-3327115.0,,92.6,0.0
West Contra Costa Healthcare District Successor Retirement Plan,8275,2010,10725685.0,6625642.0,4100043.0,61.8,0.0,0.0,1032690.0,0.0,59166.0,883962.0,0.0,0.0,17.03,1.12,4.89,,,89562.0,,92.6,-30.799999999999997
West Contra Costa Healthcare District Successor Retirement Plan,8275,2011,10458266.0,6469768.0,3988498.0,61.9,0.0,0.0,766841.0,0.0,61160.0,861555.0,0.0,0.0,12.44,1.7,5.94,,,-155874.0,,61.8,0.10000000000000142
West Contra Costa Healthcare District Successor Retirement Plan,8275,2012,10474752.0,5288289.0,5186463.0,50.5,0.0,0.0,-152141.0,0.0,57146.0,846928.0,0.0,0.0,-3.47,2.38,-0.04,,,-1056215.0,,61.9,-11.399999999999999
West Contra Costa Healthcare District Successor Retirement Plan,8275,2013,11261212.0,5073430.0,6187782.0,45.1,0.0,0.0,714712.0,0.0,53063.0,876508.0,0.0,0.0,13.64,2.78,9.8,,,-214859.0,,50.5,-5.399999999999999
West Contra Costa Healthcare District Successor Retirement Plan,8275,2014,14197339.0,4990312.0,9207027.0,35.1,0.0,0.0,865178.0,0.0,51662.0,896634.0,0.0,0.0,18.81,9.66,7.92,,,-83118.0,,45.1,-10.0
West Contra Costa Healthcare District Successor Retirement Plan,8275,2015,14649496.0,4174333.0,10475163.0,28.5,0.0,0.0,76249.0,0.0,46196.0,846033.0,0.0,0.0,1.68,13.69,7.16,,,-815980.0,,35.1,-6.600000000000001
West Contra Costa Healthcare District Successor Retirement Plan,8275,2016,15899212.0,3098074.0,12801138.0,19.5,0.0,0.0,-175815.0,0.0,36394.0,864050.0,0.0,0.0,-4.72,5.26,6.58,,,-1076259.0,,28.5,-9.0
West Contra Costa Healthcare District Successor Retirement Plan,8275,2017,15899212.0,3098074.0,12801138.0,19.5,0.0,0.0,265104.0,0.0,28648.0,818541.0,0.0,0.0,9.91,2.29,11.25,,0.0,-582085.0,,19.5,0.0
West Contra Costa Healthcare District Successor Retirement Plan,8275,2018,12206697.0,2879711.0,9326986.0,23.6,0.0,1000000.0,225663.0,0.0,8815.0,853126.0,0.0,0.0,,,,0.0,-1000000.0,363722.0,,19.5,4.100000000000001
West Contra Costa Healthcare District Successor Retirement Plan,8275,2019,13694352.0,3148197.0,10546155.0,22.99,0.0,1000000.0,69265.0,0.0,28163.0,848182.0,0.0,0.0,,,,858475.0,-141525.0,192920.0,,23.6,-0.610000000000003
West Contra Costa Healthcare District Successor Retirement Plan,8275,2020,15161340.0,4369495.0,10791845.0,28.82,0.0,2000000.0,48391.0,0.0,43935.0,831920.0,0.0,0.0,,,,992990.0,-1007010.0,1172536.0,,22.99,5.830000000000002
West Contra Costa Healthcare District Successor Retirement Plan,8275,2021,14967780.0,5587358.0,9380422.0,37.33,0.0,2000000.0,19448.0,0.0,28178.0,830870.0,0.0,0.0,,,,1039672.0,-960328.0,1160400.0,,28.82,8.509999999999998
West Contra Costa Healthcare District Successor Retirement Plan,8275,2022,14451913.0,6657342.0,7794571.0,46.07,0.0,2000000.0,11365.0,0.0,28292.0,979503.0,0.0,0.0,,,,951869.0,-1048131.0,1003570.0,,37.33,8.740000000000002
West Contra Costa Healthcare District Successor Retirement Plan,8275,2023,14321201.0,7912279.0,6408922.0,55.25,0.0,2000000.0,266616.0,0.0,28746.0,842193.0,0.0,0.0,,,,823915.0,-1176085.0,1395677.0,,46.07,9.18
West Contra Costa Healthcare District Successor Retirement Plan,8275,2024,12465306.0,9080698.0,3384608.0,72.85,0.0,2000000.0,439226.0,0.0,24011.0,1029098.0,0.0,0.0,,,,432061.0,-1567939.0,1386117.0,,55.25,17.599999999999994
Los Angeles County Transportation Authority AFSCME Employees' Retirement Income Plan,9235,2005,42406792.0,40344405.0,2062387.0,95.1,12012330.0,,,,,,,,9.1,9.7,3.3,,,0.0,,,
Los Angeles County Transportation Authority AFSCME Employees' Retirement Income Plan,9235,2006,48211303.0,40392974.0,7818329.0,83.8,9102498.0,,,,,,,,10.9,12.2,6.9,,,0.0,,95.1,-11.299999999999997
Los Angeles County Transportation Authority AFSCME Employees' Retirement Income Plan,9235,2007,44914394.0,40126622.0,4787772.0,89.3,7642912.0,,,,,,,,16.4,12.1,11.3,,,0.0,,83.8,5.5
Los Angeles County Transportation Authority AFSCME Employees' Retirement Income Plan,9235,2008,46481860.0,41363538.0,5118322.0,89.0,7095283.0,,,,,,,,-5.9,6.7,9.1,,,0.0,,89.3,-0.29999999999999716
Los Angeles County Transportation Authority AFSCME Employees' Retirement Income Plan,9235,2009,48528863.0,40120390.0,8408473.0,82.7,6950682.0,,,,,,,,-17.0,-3.1,1.9,,,0.0,,89.0,-6.299999999999997
Los Angeles County Transportation Authority AFSCME Employees' Retirement Income Plan,9235,2010,50674985.0,44653295.0,6021690.0,88.1,6161426.0,,,,,,,,13.5,-3.9,2.8,,,0.0,,82.7,5.3999999999999915
Los Angeles County Transportation Authority AFSCME Employees' Retirement Income Plan,9235,2011,52654235.0,45078773.0,7575462.0,85.6,5560682.0,,,,,,,,24.0,5.6,5.4,,,0.0,,88.1,-2.5
Los Angeles County Transportation Authority AFSCME Employees' Retirement Income Plan,9235,2012,55847027.0,43596725.0,12250302.0,78.1,5212553.0,,,,,,,,0.1,12.3,2.2,,,0.0,,85.6,-7.5
Los Angeles County Transportation Authority AFSCME Employees' Retirement Income Plan,9235,2013,57047027.0,42816577.0,14230450.0,75.1,4597852.0,,,,,,,,13.7,12.2,6.0,,,0.0,,78.1,-3.0
Los Angeles County Transportation Authority AFSCME Employees' Retirement Income Plan,9235,2014,57110830.0,46908471.0,10202359.0,82.1,3822157.0,,,,,,,,17.8,10.3,13.6,,,0.0,,75.1,7.0
Los Angeles County Transportation Authority AFSCME Employees' Retirement Income Plan,9235,2015,60815471.0,48249732.0,12565739.0,79.3,3337957.0,,,,,,,,1.8,10.9,11.1,,,0.0,,82.1,-2.799999999999997
Los Angeles County Transportation Authority AFSCME Employees' Retirement Income Plan,9235,2016,61351063.0,48766567.0,12584496.0,79.5,2936331.0,,,,,,,,-0.2,5.8,6.0,,,0.0,,79.3,0.20000000000000284
Los Angeles County Transportation Authority AFSCME Employees' Retirement Income Plan,9235,2017,60656223.0,49300193.0,11356030.0,81.3,2198826.0,2465272.0,6672687.0,0.0,175529.0,5593077.0,0.0,0.0,12.5,4.4,8.6,1574797.0,0.0,3369353.0,1.1211764823592225,79.5,1.7999999999999972
Los Angeles County Transportation Authority AFSCME Employees' Retirement Income Plan,9235,2018,58615544.0,49671393.0,8944151.0,84.7,1546568.0,3190683.0,5205998.0,0.0,254073.0,8527103.0,0.0,0.0,9.2,7.0,7.8,1378281.0,0.0,-384495.0,2.063073204669953,81.3,3.4000000000000057
Los Angeles County Transportation Authority AFSCME Employees' Retirement Income Plan,9235,2019,57437442.0,47749144.0,9688298.0,83.13,1398770.0,2031732.0,3669258.0,0.0,294355.0,6669706.0,0.0,0.0,6.9,9.5,5.8,1038431.0,0.0,-1263071.0,1.4525132795241533,84.7,-1.5700000000000074
Los Angeles County Transportation Authority AFSCME Employees' Retirement Income Plan,9235,2020,57507718.0,46606501.0,10901217.0,81.04,1148513.0,2345896.0,2038066.0,0.0,224671.0,6855959.0,0.0,0.0,3.9,6.7,6.4,1081544.0,0.0,-2696668.0,2.0425506720428936,83.13,-2.089999999999989
Los Angeles County Transportation Authority AFSCME Employees' Retirement Income Plan,9235,2021,56966304.0,47990549.0,8975755.0,84.24,1185347.0,1804623.0,14142388.0,0.0,328002.0,7032156.0,0.0,0.0,27.0,12.2,11.6,1169670.0,0.0,8586853.0,1.5224427952321136,81.04,3.1999999999999886
Los Angeles County Transportation Authority AFSCME Employees' Retirement Income Plan,9235,2022,54854557.0,48591570.0,6262987.0,88.58,909425.0,1629382.0,-6871879.0,0.0,272231.0,4885573.0,0.0,0.0,-11.7,5.2,6.3,965061.0,0.0,-10400301.0,1.791661764301619,84.24,4.340000000000003
Los Angeles County Transportation Authority AFSCME Employees' Retirement Income Plan,9235,2023,54602087.0,47142304.0,7459783.0,86.34,941289.0,1338512.0,4222553.0,0.0,255966.0,6335350.0,0.0,0.0,8.8,6.9,6.3,675234.0,0.0,-1030251.0,1.4219989822466852,88.58,-2.239999999999995
Los Angeles County Transportation Authority AFSCME Employees' Retirement Income Plan,9235,2024,55300575.0,46601374.0,8699201.0,84.27,733472.0,1274519.0,5392064.0,0.0,307212.0,4878990.0,0.0,0.0,10.8,2.1,7.0,787503.0,0.0,1480381.0,1.7376518803717116,86.34,-2.0700000000000074
Palm Springs Aerial Tramway Restated Pension Plan,11123,2011,3832987.0,2804462.0,1028525.0,73.2,3270248.0,,,,,,,,16.72,3.35,4.48,,,0.0,,,
Palm Springs Aerial Tramway Restated Pension Plan,11123,2012,4430189.0,3610730.0,819459.0,81.5,3295279.0,,,,,,,,3.8,9.94,2.27,,,0.0,,73.2,8.299999999999997
Terra Bella Irrigation District Employees Savings Plan,12486,2016,1.0,1.0,0.0,100.0,612782.0,,,,,,,,0.0,0.0,0.0,,,0.0,,,
Sacramento Regional Transit District ATU Employees' Retirement Plan,12847,2017,167084597.0,126808879.0,40275718.0,75.9,30037232.0,8155830.0,14419987.0,0.0,306818.0,10768294.0,8692.0,0.0,12.52,5.07,8.93,7987367.0,0.0,11492013.0,0.2715240205888479,,
Sacramento Regional Transit District ATU Employees' Retirement Plan,12847,2018,177262864.0,132807915.0,44454949.0,74.9,30607324.0,8200429.0,8591810.0,0.0,260006.0,11279646.0,24466.0,0.0,7.37,6.45,7.56,7863420.0,0.0,5228121.0,0.2679237492307397,75.9,-1.0
Sacramento Regional Transit District ATU Employees' Retirement Plan,12847,2019,177191048.0,135405469.0,41785579.0,76.42,31595561.0,9026904.0,8012792.0,0.0,279016.0,11484896.0,60476.0,0.0,6.61,8.8,5.83,8553307.0,0.0,5215308.0,0.2857016528366121,74.9,1.519999999999996
Sacramento Regional Transit District ATU Employees' Retirement Plan,12847,2020,182972608.0,139367494.0,43605114.0,76.17,32601349.0,9550287.0,2523724.0,0.0,243847.0,12330507.0,125315.0,0.0,,,,9133716.0,350290.0,-625658.0,0.2929414669313224,76.42,-0.25
Sacramento Regional Transit District ATU Employees' Retirement Plan,12847,2021,200934482.0,143383273.0,57551209.0,71.36,35808872.0,10621104.0,36857731.0,0.0,283989.0,13009176.0,65157.0,0.0,,,,9579205.0,0.0,34120513.0,0.29660537757235134,76.17,-4.810000000000002
Sacramento Regional Transit District ATU Employees' Retirement Plan,12847,2022,206469529.0,154573364.0,51896165.0,74.86,38050032.0,11609641.0,-12345778.0,0.0,269615.0,13008408.0,230760.0,667990.0,,,,10417845.0,0.0,-14912910.0,0.3051151441870009,71.36,3.5
Sacramento Regional Transit District ATU Employees' Retirement Plan,12847,2023,211290638.0,162354851.0,48935787.0,76.84,39651360.0,11929999.0,11501062.0,0.0,289981.0,13296937.0,153357.0,248765.0,,,,10500021.0,0.0,9442021.0,0.30087237865233374,74.86,1.980000000000004
Sacramento Regional Transit District ATU Employees' Retirement Plan,12847,2024,223482409.0,169985686.0,53496723.0,76.06,43423598.0,13348601.0,17447136.0,0.0,295884.0,13967077.0,167310.0,0.0,,,,11437314.0,0.0,16365466.0,0.30740430583389244,76.84,-0.7800000000000011
Sacramento Regional Transit District IBEW Employees' Retirement Plan,12848,2017,68753422.0,51287813.0,17465609.0,74.6,12333541.0,3354666.0,5332412.0,0.0,239370.0,3281022.0,145.0,0.0,12.52,5.07,8.93,3315379.0,0.0,5166541.0,0.27199536613207836,,
Sacramento Regional Transit District IBEW Employees' Retirement Plan,12848,2018,72891895.0,55523196.0,17368699.0,76.2,12364134.0,3299327.0,3629568.0,0.0,225752.0,3617195.0,4490.0,0.0,7.37,6.45,7.56,3195912.0,0.0,3081458.0,0.26684659030709307,74.6,1.6000000000000085
Sacramento Regional Transit District IBEW Employees' Retirement Plan,12848,2019,76501290.0,58553808.0,17947482.0,76.54,13523404.0,3508544.0,3482632.0,0.0,229569.0,3766436.0,12640.0,0.0,6.61,8.8,5.83,3299013.0,0.0,2982531.0,0.25944237116631286,76.2,0.3400000000000034
Sacramento Regional Transit District IBEW Employees' Retirement Plan,12848,2020,80791045.0,61004069.0,19786976.0,75.51,13735701.0,3535472.0,1082659.0,0.0,218135.0,4110854.0,59125.0,0.0,,,,3426307.0,195428.0,230017.0,0.2573929062666696,76.54,-1.0300000000000011
Sacramento Regional Transit District IBEW Employees' Retirement Plan,12848,2021,90791309.0,63138388.0,27652921.0,69.54,15245596.0,3921089.0,16461248.0,0.0,256797.0,4570788.0,16480.0,0.0,,,,3578685.0,0.0,15538272.0,0.25719486466780306,75.51,-5.969999999999999
Sacramento Regional Transit District IBEW Employees' Retirement Plan,12848,2022,94248871.0,68244901.0,26003970.0,72.41,14720399.0,4652192.0,-5444825.0,0.0,234081.0,5081614.0,637.0,0.0,,,,4163949.0,0.0,-6108965.0,0.316037085679539,69.54,2.8699999999999903
Sacramento Regional Transit District IBEW Employees' Retirement Plan,12848,2023,97985595.0,72224290.0,25761305.0,73.71,15215158.0,5080597.0,5265205.0,0.0,223730.0,5464718.0,5715.0,0.0,,,,4495272.0,0.0,4651639.0,0.3339168084879566,72.41,1.2999999999999972
Sacramento Regional Transit District IBEW Employees' Retirement Plan,12848,2024,101701322.0,76012624.0,25688698.0,74.74,16996391.0,5948650.0,8110444.0,0.0,227672.0,5700491.0,2283.0,0.0,,,,5263040.0,0.0,8128648.0,0.3499948900916671,73.71,1.0300000000000011
Public Employees' Retirement Fund (PERF) A,12892,2017,436703000000.0,298126000000.0,138577000000.0,68.3,49833000000.0,12565858000.0,24134334000.0,9724000.0,321742000.0,15952745000.0,129907000.0,134511000.0,11.2,4.6,4.4,,0.0,20171011000.0,0.25215937230349367,,
Public Employees' Retirement Fund (PERF) A,12892,2018,465046000000.0,326182000000.0,138864000000.0,70.1,51991000000.0,19792288000.0,20160063000.0,5986000.0,371085000.0,16971812000.0,160752000.0,116552000.0,8.6,6.7,8.1,0.0,0.0,22338136000.0,0.3806868111788579,68.3,1.7999999999999972
Public Employees' Retirement Fund (PERF) A,12892,2019,504996000000.0,354616000000.0,150380000000.0,70.22,53903000000.0,15044782000.0,16927707000.0,5007000.0,185284000.0,18083062000.0,157036000.0,167612000.0,6.7,8.8,5.8,0.0,0.0,13384502000.0,0.27910843552306924,70.1,0.12000000000000455
Public Employees' Retirement Fund (PERF) A,12892,2020,531166000000.0,372778000000.0,158388000000.0,70.18,56391000000.0,21046971000.0,13645619000.0,10246000.0,384977000.0,19206411000.0,177375000.0,185907000.0,4.7,6.6,6.3,0.0,0.0,14748166000.0,0.37323280310687873,70.22,-0.03999999999999204
Public Employees' Retirement Fund (PERF) A,12892,2021,554679000000.0,391381000000.0,163298000000.0,70.56,58606000000.0,18484220998.0,64715461513.0,5681929.0,287357058.0,20396476861.0,163551620.0,348384168.0,21.3,10.7,10.3,0.0,0.0,62009594733.0,0.31539809913660716,70.18,0.37999999999999545
Public Employees' Retirement Fund (PERF) A,12892,2022,587976000000.0,477338000000.0,110638000000.0,81.18,58748000000.0,20499154456.0,-26531429783.0,14830010.0,218078935.0,21609246387.0,190271927.0,0.0,-6.1,6.0,6.7,,,-28035042566.0,0.34893365656703207,70.56,10.620000000000005
Public Employees' Retirement Fund (PERF) A,12892,2023,619329000000.0,439388000000.0,179941000000.0,70.95,62363000000.0,22027656995.0,19890666367.0,7728370.0,236678462.0,23034362184.0,219148126.0,136995263.0,5.8,6.4,6.1,,,18298867697.0,0.3532167630646377,81.18,-10.230000000000004
Public Employees' Retirement Fund (PERF) A,12892,2024,650821000000.0,464491000000.0,186330000000.0,71.37,67833000000.0,22214383091.0,32478053355.0,14520143.0,276901826.0,24315216500.0,215907471.0,0.0,9.3,2.8,6.6,,,29898930792.0,0.3274863722819277,70.95,0.4200000000000017
Greater Palm Springs Convention and Visitor's Bureau Defined Benefit Pension Plan,13131,2019,7020764.0,5748911.0,1271853.0,81.88,2672577.0,700000.0,342657.0,0.0,40618.0,142088.0,0.0,0.0,,,,477794.0,-169160.0,859951.0,0.26191948819435323,,
Greater Palm Springs Convention and Visitor's Bureau Defined Benefit Pension Plan,13131,2020,7487607.0,6530437.0,957170.0,87.22,2516464.0,440518.0,362359.0,0.0,52563.0,187160.0,0.0,0.0,,,,590793.0,235602.0,563154.0,0.1750543619936546,81.88,5.340000000000003
Greater Palm Springs Convention and Visitor's Bureau Defined Benefit Pension Plan,13131,2021,7889354.0,7746168.0,143186.0,98.19,2466924.0,673347.0,1172466.0,0.0,63879.0,323732.0,0.0,0.0,,,,482982.0,-117018.0,1458202.0,0.2729500381852055,87.22,10.969999999999999
Greater Palm Springs Convention and Visitor's Bureau Defined Benefit Pension Plan,13131,2022,7924003.0,8088657.0,-164654.0,102.08,2482619.0,407953.0,-953070.0,0.0,73436.0,428361.0,0.0,0.0,,,,407854.0,72854.0,-1046914.0,0.1643236437004631,98.19,3.8900000000000006
Greater Palm Springs Convention and Visitor's Bureau Defined Benefit Pension Plan,13131,2023,8820577.0,8672199.0,148378.0,98.32,2830804.0,563616.0,595598.0,0.0,74789.0,247392.0,0.0,0.0,,,,366238.0,-133762.0,837033.0,0.19910103278079302,102.08,-3.760000000000005
Greater Palm Springs Convention and Visitor's Bureau Defined Benefit Pension Plan,13131,2024,11755779.0,10113033.0,1642746.0,86.03,3242646.0,1262041.0,954942.0,0.0,75403.0,246908.0,0.0,0.0,,,,710756.0,-551285.0,1894672.0,0.38920097969374395,98.32,-12.289999999999992
Marin County Transit District Service Credit Replacement Plan,13268,2022,447786.0,269345.0,178441.0,60.15,0.0,0.0,-38312.0,0.0,7750.0,0.0,0.0,0.0,-14.6,,,9368.0,9368.0,-46062.0,,,
Marin County Transit District Service Credit Replacement Plan,13268,2023,474653.0,319012.0,155641.0,67.21,0.0,36925.0,20492.0,0.0,7750.0,0.0,0.0,0.0,,,,27557.0,-9368.0,49667.0,,60.15,7.059999999999995
Marin County Transit District Service Credit Replacement Plan,13268,2024,459428.0,370717.0,88711.0,80.69,0.0,26011.0,33444.0,0.0,7750.0,0.0,0.0,0.0,,,,26011.0,0.0,51705.0,,67.21,13.480000000000004
Salinas Valley Memorial Healthcare District Employees Pension Plan,13351,2024,430143285.0,486845245.0,-56701960.0,113.18,151837187.0,13776419.0,62100960.0,0.0,96394.0,19961806.0,0.0,0.0,,,,11269905.0,0.0,55819179.0,0.09073152152114093,,
